case_id,candidate,dice,precision,recall,pred_voxels,target_voxels,overlap_voxels,detected
case_0015,nnunet,0.0,0.0,0.0,0,1876,0,0.0
case_0015,medformer_lcc_t0.25,0.6173633440492413,0.9360780064904,0.4605543709996772,923,1876,864,1.0
case_0015,union_t0.25,0.6173633440492413,0.9360780064904,0.4605543709996772,923,1876,864,1.0
case_0015,intersection_t0.25,0.0,0.0,0.0,0,1876,0,0.0
case_0015,medformer_lcc_t0.30,0.5953863053804637,0.9508771929713348,0.4333688699337241,855,1876,813,1.0
case_0015,union_t0.30,0.5953863053804637,0.9508771929713348,0.4333688699337241,855,1876,813,1.0
case_0015,intersection_t0.30,0.0,0.0,0.0,0,1876,0,0.0
case_0015,medformer_lcc_t0.35,0.5703536493582756,0.9693094629032057,0.4040511727057354,782,1876,758,1.0
case_0015,union_t0.35,0.5703536493582756,0.9693094629032057,0.4040511727057354,782,1876,758,1.0
case_0015,intersection_t0.35,0.0,0.0,0.0,0,1876,0,0.0
case_0015,medformer_lcc_t0.40,0.5385802469115024,0.9748603351819154,0.3720682302752022,716,1876,698,1.0
case_0015,union_t0.40,0.5385802469115024,0.9748603351819154,0.3720682302752022,716,1876,698,1.0
case_0015,intersection_t0.40,0.0,0.0,0.0,0,1876,0,0.0
case_0015,medformer_lcc_t0.45,0.502580389041276,0.9844479004512527,0.33742004264212466,643,1876,633,1.0
case_0015,union_t0.45,0.502580389041276,0.9844479004512527,0.33742004264212466,643,1876,633,1.0
case_0015,intersection_t0.45,0.0,0.0,0.0,0,1876,0,0.0
case_0015,medformer_lcc_t0.50,0.47030105776863185,0.9931271477492589,0.30810234541413595,582,1876,578,1.0
case_0015,union_t0.50,0.47030105776863185,0.9931271477492589,0.30810234541413595,582,1876,578,1.0
case_0015,intersection_t0.50,0.0,0.0,0.0,0,1876,0,0.0
case_0015,medformer_lcc_t0.55,0.43434764485021116,0.9961759082027499,0.27771855010512947,523,1876,521,1.0
case_0015,union_t0.55,0.43434764485021116,0.9961759082027499,0.27771855010512947,523,1876,521,1.0
case_0015,intersection_t0.55,0.0,0.0,0.0,0,1876,0,0.0
case_0015,medformer_lcc_t0.60,0.39846416382082567,0.9978632478419259,0.2489339019176496,468,1876,467,1.0
case_0015,union_t0.60,0.39846416382082567,0.9978632478419259,0.2489339019176496,468,1876,467,1.0
case_0015,intersection_t0.60,0.0,0.0,0.0,0,1876,0,0.0
case_0015,medformer_lcc_t0.65,0.3565484012248947,0.99999999997543,0.21695095948711648,407,1876,407,1.0
case_0015,union_t0.65,0.3565484012248947,0.99999999997543,0.21695095948711648,407,1876,407,1.0
case_0015,intersection_t0.65,0.0,0.0,0.0,0,1876,0,0.0
case_0015,medformer_lcc_t0.70,0.3144654088036188,0.9999999999714285,0.18656716417811,350,1876,350,1.0
case_0015,union_t0.70,0.3144654088036188,0.9999999999714285,0.18656716417811,350,1876,350,1.0
case_0015,intersection_t0.70,0.0,0.0,0.0,0,1876,0,0.0
case_0015,medformer_lcc_t0.75,0.2693726937256948,0.9999999999657534,0.15565031982859462,292,1876,292,1.0
case_0015,union_t0.75,0.2693726937256948,0.9999999999657534,0.15565031982859462,292,1876,292,1.0
case_0015,intersection_t0.75,0.0,0.0,0.0,0,1876,0,0.0
case_0015,fusion_w0.40_t0.35,0.13240418118400993,0.9999999999248119,0.07089552238768179,133,1876,133,1.0
case_0015,fusion_w0.40_t0.40,0.0,0.0,0.0,0,1876,0,0.0
case_0015,fusion_w0.40_t0.45,0.0,0.0,0.0,0,1876,0,0.0
case_0015,fusion_w0.40_t0.50,0.0,0.0,0.0,0,1876,0,0.0
case_0015,fusion_w0.40_t0.55,0.0,0.0,0.0,0,1876,0,0.0
case_0015,fusion_w0.40_t0.60,0.0,0.0,0.0,0,1876,0,0.0
case_0015,fusion_w0.40_t0.65,0.0,0.0,0.0,0,1876,0,0.0
case_0015,fusion_w0.50_t0.35,0.3144654088036188,0.9999999999714285,0.18656716417811,350,1876,350,1.0
case_0015,fusion_w0.50_t0.40,0.21926910298899258,0.99999999995671,0.1231343283575526,231,1876,231,1.0
case_0015,fusion_w0.50_t0.45,0.09058524172981891,0.9999999998876405,0.047441364605290824,89,1876,89,1.0
case_0015,fusion_w0.50_t0.50,0.0,0.0,0.0,0,1876,0,0.0
case_0015,fusion_w0.50_t0.55,0.0,0.0,0.0,0,1876,0,0.0
case_0015,fusion_w0.50_t0.60,0.0,0.0,0.0,0,1876,0,0.0
case_0015,fusion_w0.50_t0.65,0.0,0.0,0.0,0,1876,0,0.0
case_0015,fusion_w0.60_t0.35,0.4052676295649734,0.9979079497699183,0.25426439232273845,478,1876,477,1.0
case_0015,fusion_w0.60_t0.40,0.3405572755402895,0.999999999974026,0.205223880595921,385,1876,385,1.0
case_0015,fusion_w0.60_t0.45,0.2693726937256948,0.9999999999657534,0.15565031982859462,292,1876,292,1.0
case_0015,fusion_w0.60_t0.50,0.1821705426347763,0.9999999999468084,0.1002132196156705,188,1876,188,1.0
case_0015,fusion_w0.60_t0.55,0.06797116374836266,0.999999999848485,0.035181236673586455,66,1876,66,1.0
case_0015,fusion_w0.60_t0.60,0.0,0.0,0.0,0,1876,0,0.0
case_0015,fusion_w0.60_t0.65,0.0,0.0,0.0,0,1876,0,0.0
case_0015,fusion_w0.70_t0.35,0.47030105776863185,0.9931271477492589,0.30810234541413595,582,1876,578,1.0
case_0015,fusion_w0.70_t0.40,0.418036241043329,0.9979879275453121,0.2643923240924073,497,1876,496,1.0
case_0015,fusion_w0.70_t0.45,0.358705161853199,0.9999999999756097,0.21855010660864313,410,1876,410,1.0
case_0015,fusion_w0.70_t0.50,0.3022624434375463,0.9999999999700598,0.17803837952996782,334,1876,334,1.0
case_0015,fusion_w0.70_t0.55,0.23268959020144753,0.9999999999595142,0.13166311300569478,247,1876,247,1.0
case_0015,fusion_w0.70_t0.60,0.1571709233784029,0.9999999999375,0.08528784648142171,160,1876,160,1.0
case_0015,fusion_w0.70_t0.65,0.04583333333309462,0.9999999997727272,0.02345415778239097,44,1876,44,1.0
case_0015,fusion_w0.80_t0.35,0.5130023640641725,0.9833836857857495,0.3470149253712846,662,1876,651,1.0
case_0015,fusion_w0.80_t0.40,0.47030105776863185,0.9931271477492589,0.30810234541413595,582,1876,578,1.0
case_0015,fusion_w0.80_t0.45,0.4225115497672301,0.9960396039406725,0.2681236673759695,505,1876,503,1.0
case_0015,fusion_w0.80_t0.50,0.37294015611286674,0.9999999999767442,0.22921108741882085,430,1876,430,1.0
case_0015,fusion_w0.80_t0.55,0.32200357781609124,0.9999999999722222,0.19189765458319885,360,1876,360,1.0
case_0015,fusion_w0.80_t0.60,0.2693726937256948,0.9999999999657534,0.15565031982859462,292,1876,292,1.0
case_0015,fusion_w0.80_t0.65,0.20906921240950327,0.9999999999543379,0.11673773987144596,219,1876,219,1.0
case_0018,nnunet,0.8996568750515527,0.8491311216416285,0.9565759031839178,6330,5619,5375,1.0
case_0018,medformer_lcc_t0.25,0.8622881355925176,0.795280324664369,0.9416266239527645,6653,5619,5291,1.0
case_0018,union_t0.25,0.8645914396880431,0.7682201631852189,0.9886100729649606,7231,5619,5555,1.0
case_0018,intersection_t0.25,0.8989534781453706,0.8885605006938655,0.9095924541717217,5752,5619,5111,1.0
case_0018,medformer_lcc_t0.30,0.8650119567899192,0.8059311616459651,0.9334401138976092,6508,5619,5245,1.0
case_0018,union_t0.30,0.8692656959442076,0.7759608665258197,0.9880761701352766,7155,5619,5552,1.0
case_0018,intersection_t0.30,0.8968324190400842,0.8917825092365093,0.9019398469462504,5683,5619,5068,1.0
case_0018,medformer_lcc_t0.35,0.865691600500739,0.816104632838298,0.9216942516445601,6346,5619,5179,1.0
case_0018,union_t0.35,0.8728446579002654,0.782688506070626,0.9864744616462244,7082,5619,5543,1.0
case_0018,intersection_t0.35,0.8937840007126604,0.8957811941349736,0.8917956931822535,5594,5619,5011,1.0
case_0018,medformer_lcc_t0.40,0.8667625412394325,0.8260238632685811,0.9117280654904579,6202,5619,5123,1.0
case_0018,union_t0.40,0.8767231817454628,0.7900899614439667,0.9846947855472776,7003,5619,5533,1.0
case_0018,intersection_t0.40,0.8907427341219135,0.8979924036880124,0.883609183127098,5529,5619,4965,1.0
case_0018,medformer_lcc_t0.45,0.8665181631246859,0.8354534941337594,0.8999822032374089,6053,5619,5057,1.0
case_0018,union_t0.45,0.8798980567052564,0.796309643937154,0.9830930770582255,6937,5619,5524,1.0
case_0018,intersection_t0.45,0.8871215544501697,0.9012118986395498,0.8734650293631012,5446,5619,4908,1.0
case_0018,medformer_lcc_t0.50,0.8672458731530258,0.8472245798661565,0.8882363409843598,5891,5619,4991,1.0
case_0018,union_t0.50,0.8841380414757913,0.8036390101880587,0.9825591742285414,6870,5619,5521,1.0
case_0018,intersection_t0.50,0.883318140382057,0.9054382358420755,0.8622530699397362,5351,5619,4845,1.0
case_0018,medformer_lcc_t0.55,0.8660501981498316,0.8572175732202629,0.8750667378521533,5736,5619,4917,1.0
case_0018,union_t0.55,0.8870824949691049,0.8097267117237589,0.9807794981295946,6806,5619,5511,1.0
case_0018,intersection_t0.55,0.8789410791424956,0.9089353612150021,0.8508631429064765,5260,5619,4781,1.0
case_0018,medformer_lcc_t0.60,0.8628500089166552,0.8647006255569889,0.8610072966704734,5595,5619,4838,1.0
case_0018,union_t0.60,0.8890683029219367,0.8136544997771337,0.9798896600801212,6767,5619,5506,1.0
case_0018,intersection_t0.60,0.8735269555526829,0.9125630089164162,0.83769353977427,5158,5619,4707,1.0
case_0018,medformer_lcc_t0.65,0.858931325409726,0.8760177646171798,0.8424986652414265,5404,5619,4734,1.0
case_0018,union_t0.65,0.891448969656911,0.8191441777235439,0.977754048761385,6707,5619,5494,1.0
case_0018,intersection_t0.65,0.8669922975757401,0.9180425701195185,0.8213205196639592,5027,5619,4615,1.0
case_0018,medformer_lcc_t0.70,0.852452969383205,0.8845933014337137,0.822566292933222,5225,5619,4622,1.0
case_0018,union_t0.70,0.8935407672876976,0.8238209672561974,0.9761523402723329,6658,5619,5485,1.0
case_0018,intersection_t0.70,0.8581209585385525,0.9213804370003648,0.802989855844807,4897,5619,4512,1.0
case_0018,medformer_lcc_t0.75,0.8481783272446864,0.8952155001959368,0.8058373376031218,5058,5619,4528,1.0
case_0018,union_t0.75,0.8965573636430644,0.8293494704979889,0.9756184374426489,6610,5619,5482,1.0
case_0018,intersection_t0.75,0.85043762623752,0.9252825449959705,0.7867948033443909,4778,5619,4421,1.0
case_0018,fusion_w0.40_t0.35,0.9007343840243413,0.8396923076910159,0.9713472148051765,6500,5619,5458,1.0
case_0018,fusion_w0.40_t0.40,0.8996568750515527,0.8491311216416285,0.9565759031839178,6330,5619,5375,1.0
case_0018,fusion_w0.40_t0.45,0.8996568750515527,0.8491311216416285,0.9565759031839178,6330,5619,5375,1.0
case_0018,fusion_w0.40_t0.50,0.8996568750515527,0.8491311216416285,0.9565759031839178,6330,5619,5375,1.0
case_0018,fusion_w0.40_t0.55,0.8996568750515527,0.8491311216416285,0.9565759031839178,6330,5619,5375,1.0
case_0018,fusion_w0.40_t0.60,0.8996568750515527,0.8491311216416285,0.9565759031839178,6330,5619,5375,1.0
case_0018,fusion_w0.40_t0.65,0.9022021848440244,0.8796280642419617,0.9259654742820325,5915,5619,5203,1.0
case_0018,fusion_w0.50_t0.35,0.8935407672876976,0.8238209672561974,0.9761523402723329,6658,5619,5485,1.0
case_0018,fusion_w0.50_t0.40,0.8986292374612996,0.833942717853696,0.9741946965634914,6564,5619,5474,1.0
case_0018,fusion_w0.50_t0.45,0.9014387299479895,0.8418532818519817,0.9701014415359137,6475,5619,5451,1.0
case_0018,fusion_w0.50_t0.50,0.8996568750515527,0.8491311216416285,0.9565759031839178,6330,5619,5375,1.0
case_0018,fusion_w0.50_t0.55,0.903331607111252,0.8769901122827602,0.931304502578873,5967,5619,5233,1.0
case_0018,fusion_w0.50_t0.60,0.9008141468958234,0.8864576154361019,0.9156433529081409,5804,5619,5145,1.0
case_0018,fusion_w0.50_t0.65,0.8968324190400842,0.8917825092365093,0.9019398469462504,5683,5619,5068,1.0
case_0018,fusion_w0.60_t0.35,0.8883690917882816,0.8123617052650651,0.9800676276900159,6779,5619,5507,1.0
case_0018,fusion_w0.60_t0.40,0.8920477621631938,0.8205319784805432,0.977220145931701,6692,5619,5491,1.0
case_0018,fusion_w0.60_t0.45,0.8997731664278754,0.8521642266059004,0.9530165509860242,6284,5619,5355,1.0
case_0018,fusion_w0.60_t0.50,0.9011647824589746,0.8685818061732399,0.936287595655924,6057,5619,5261,1.0
case_0018,fusion_w0.60_t0.55,0.901217391303564,0.8811426628109486,0.9222281544742441,5881,5619,5182,1.0
case_0018,fusion_w0.60_t0.60,0.8954480796578098,0.8946526914178458,0.8962448834296205,5629,5619,5036,1.0
case_0018,fusion_w0.60_t0.65,0.8895683453229409,0.8991092528614814,0.880227798539099,5501,5619,4946,1.0
case_0018,fusion_w0.70_t0.35,0.8874487284652276,0.8231623801539748,0.962626801920337,6571,5619,5409,1.0
case_0018,fusion_w0.70_t0.40,0.8892791436687663,0.8387758321488582,0.9462537818100263,6339,5619,5317,1.0
case_0018,fusion_w0.70_t0.45,0.8916786835177778,0.8518638573730116,0.9353977576064506,6170,5619,5256,1.0
case_0018,fusion_w0.70_t0.50,0.8926699321123204,0.8630774343621418,0.9243637657929803,6018,5619,5194,1.0
case_0018,fusion_w0.70_t0.55,0.891936751986641,0.8759437199710434,0.9085246485123536,5828,5619,5105,1.0
case_0018,fusion_w0.70_t0.60,0.8895384887936136,0.8855379188696905,0.8935753692812003,5670,5619,5021,1.0
case_0018,fusion_w0.70_t0.65,0.8865440115432119,0.8987017736315621,0.8747108026323639,5469,5619,4915,1.0
case_0018,fusion_w0.80_t0.35,0.8799668187466777,0.8241143567420384,0.9439402028813954,6436,5619,5304,1.0
case_0018,fusion_w0.80_t0.40,0.8827134581471894,0.835505403685894,0.9355757252163454,6292,5619,5257,1.0
case_0018,fusion_w0.80_t0.45,0.8835546475988393,0.8467939304929895,0.9236518953534016,6129,5619,5190,1.0
case_0018,fusion_w0.80_t0.50,0.8825407784578557,0.8567359249315404,0.909948389391511,5968,5619,5113,1.0
case_0018,fusion_w0.80_t0.55,0.8814360770570214,0.867609032923862,0.8957109805999365,5801,5619,5033,1.0
case_0018,fusion_w0.80_t0.60,0.880355555554773,0.8794175102097684,0.8812956041984672,5631,5619,4952,1.0
case_0018,fusion_w0.80_t0.65,0.8774368231039011,0.8901300128165353,0.8651005516980511,5461,5619,4861,1.0
case_0034,nnunet,0.6351758793964529,0.937221947600254,0.4803648340505696,4046,7894,3792,1.0
case_0034,medformer_lcc_t0.25,0.823838737948612,0.8805303357819851,0.7740055738525792,6939,7894,6110,1.0
case_0034,union_t0.25,0.8342872179456389,0.8677980019147834,0.8032683050407864,7307,7894,6341,1.0
case_0034,intersection_t0.25,0.6154510888345873,0.9681892332763236,0.4511021028623624,3678,7894,3561,1.0
case_0034,medformer_lcc_t0.30,0.8148250017184797,0.8911114453287846,0.750570053204015,6649,7894,5925,1.0
case_0034,union_t0.30,0.8290826545594678,0.8764822134374979,0.7865467443618108,7084,7894,6209,1.0
case_0034,intersection_t0.30,0.6098218166009475,0.9714760454140917,0.4443881428927738,3611,7894,3508,1.0
case_0034,medformer_lcc_t0.35,0.8049223884765733,0.8982521847676369,0.7291613883953266,6408,7894,5756,1.0
case_0034,union_t0.35,0.8225348302442699,0.8823273360405074,0.7703318976428043,6892,7894,6081,1.0
case_0034,intersection_t0.35,0.6052723463681867,0.9733295901151788,0.439194324803092,3562,7894,3467,1.0
case_0034,medformer_lcc_t0.40,0.7898452542246381,0.9035731766994558,0.7015454775770186,6129,7894,5538,1.0
case_0034,union_t0.40,0.8133269349415141,0.8862991184806719,0.7514568026339606,6693,7894,5932,1.0
case_0034,intersection_t0.40,0.5973980309418095,0.975875933368823,0.4304535089936275,3482,7894,3398,1.0
case_0034,medformer_lcc_t0.45,0.7758808572460764,0.9095554420015167,0.6764631365585553,5871,7894,5340,1.0
case_0034,union_t0.45,0.8055536272122141,0.8911073567794638,0.7349885989349696,6511,7894,5802,1.0
case_0034,intersection_t0.45,0.5893805309729298,0.9776864356988324,0.42183937167415525,3406,7894,3330,1.0
case_0034,medformer_lcc_t0.50,0.7602607793741589,0.9155960028534696,0.6499873321501773,5604,7894,5131,1.0
case_0034,union_t0.50,0.7971585314384603,0.8961100569245792,0.7178870027860174,6324,7894,5667,1.0
case_0034,intersection_t0.50,0.5803921568622278,0.9789536981329556,0.4124651634147296,3326,7894,3256,1.0
case_0034,medformer_lcc_t0.55,0.7441158720573746,0.9198060425197319,0.6247783126417219,5362,7894,4932,1.0
case_0034,union_t0.55,0.7890730596850045,0.899886418950349,0.7025589054969564,6163,7894,5546,1.0
case_0034,intersection_t0.55,0.5706077744855277,0.9793528505362732,0.402584241195335,3245,7894,3178,1.0
case_0034,medformer_lcc_t0.60,0.7263933671113723,0.9218628215102848,0.5993159361532818,5132,7894,4731,1.0
case_0034,union_t0.60,0.7798950168974043,0.9018792615983671,0.6869774512279111,6013,7894,5423,1.0
case_0034,intersection_t0.60,0.560629351658775,0.9794628751943777,0.39270331897594035,3165,7894,3100,1.0
case_0034,medformer_lcc_t0.65,0.7098997493728776,0.929831760359192,0.5741069166448263,4874,7894,4532,1.0
case_0034,union_t0.65,0.7727471247628673,0.9082819986295204,0.6724094248788036,5844,7894,5308,1.0
case_0034,intersection_t0.65,0.5498632634452599,0.9804941482412858,0.3820623258165923,3076,7894,3016,1.0
case_0034,medformer_lcc_t0.70,0.6897212682687567,0.9332180678605291,0.5469977197864873,4627,7894,4318,1.0
case_0034,union_t0.70,0.7629913145879854,0.9105762473631227,0.6565746136297738,5692,7894,5183,1.0
case_0034,intersection_t0.70,0.5382988505742177,0.9818852733948947,0.370787940207283,2981,7894,2927,1.0
case_0034,medformer_lcc_t0.75,0.6679712981077397,0.9372997711649033,0.5188750950082102,4370,7894,4096,1.0
case_0034,union_t0.75,0.7544081541546355,0.9140075716587092,0.6422599442606508,5547,7894,5070,1.0
case_0034,intersection_t0.75,0.5236458236546282,0.9822237713454786,0.356979984798129,2869,7894,2818,1.0
case_0034,fusion_w0.40_t0.35,0.7197402998912352,0.923076923075093,0.589815049403864,5044,7894,4656,1.0
case_0034,fusion_w0.40_t0.40,0.6351758793964529,0.937221947600254,0.4803648340505696,4046,7894,3792,1.0
case_0034,fusion_w0.40_t0.45,0.6351758793964529,0.937221947600254,0.4803648340505696,4046,7894,3792,1.0
case_0034,fusion_w0.40_t0.50,0.6351758793964529,0.937221947600254,0.4803648340505696,4046,7894,3792,1.0
case_0034,fusion_w0.40_t0.55,0.6351758793964529,0.937221947600254,0.4803648340505696,4046,7894,3792,1.0
case_0034,fusion_w0.40_t0.60,0.6351758793964529,0.937221947600254,0.4803648340505696,4046,7894,3792,1.0
case_0034,fusion_w0.40_t0.65,0.6248932900797124,0.9581151832435651,0.46364327337159406,3820,7894,3660,1.0
case_0034,fusion_w0.50_t0.35,0.7629913145879854,0.9105762473631227,0.6565746136297738,5692,7894,5183,1.0
case_0034,fusion_w0.50_t0.40,0.7413220645934641,0.9167599850673446,0.622244742841877,5358,7894,4912,1.0
case_0034,fusion_w0.50_t0.45,0.7112116014340314,0.9247769667458946,0.5777805928546013,4932,7894,4561,1.0
case_0034,fusion_w0.50_t0.50,0.6351758793964529,0.937221947600254,0.4803648340505696,4046,7894,3792,1.0
case_0034,fusion_w0.50_t0.55,0.6256069511878135,0.9550065019481014,0.46516341525150096,3845,7894,3672,1.0
case_0034,fusion_w0.50_t0.60,0.6188263637922743,0.9645922746755242,0.4555358500120908,3728,7894,3596,1.0
case_0034,fusion_w0.50_t0.65,0.6098218166009475,0.9714760454140917,0.4443881428927738,3611,7894,3508,1.0
case_0034,fusion_w0.60_t0.35,0.7836307604093861,0.9022941079371146,0.6925513047875697,6059,7894,5467,1.0
case_0034,fusion_w0.60_t0.40,0.7689834100703289,0.908792537569686,0.6664555358491684,5789,7894,5261,1.0
case_0034,fusion_w0.60_t0.45,0.7491139431409779,0.925470467671091,0.6292120597914502,5367,7894,4967,1.0
case_0034,fusion_w0.60_t0.50,0.7229178007615499,0.936153071498618,0.588801621483926,4965,7894,4648,1.0
case_0034,fusion_w0.60_t0.55,0.6881164106704218,0.9508489722945692,0.5391436534069685,4476,7894,4256,1.0
case_0034,fusion_w0.60_t0.60,0.6068003487353035,0.973154362413386,0.4408411451729911,3576,7894,3480,1.0
case_0034,fusion_w0.60_t0.65,0.594556504888052,0.9757155247153059,0.427539903723806,3459,7894,3375,1.0
case_0034,fusion_w0.70_t0.35,0.792826133370726,0.9046613610509913,0.7055991892567702,6157,7894,5570,1.0
case_0034,fusion_w0.70_t0.40,0.7781659388640624,0.9144714334572109,0.6772232074985087,5846,7894,5346,1.0
case_0034,fusion_w0.70_t0.45,0.7620679380208863,0.924954792041727,0.6479604763103015,5530,7894,5115,1.0
case_0034,fusion_w0.70_t0.50,0.7442498095957774,0.9331550802121216,0.6189511021020788,5236,7894,4886,1.0
case_0034,fusion_w0.70_t0.55,0.7216366049810872,0.9405658457135344,0.5853813022541355,4913,7894,4621,1.0
case_0034,fusion_w0.70_t0.60,0.6916760586051427,0.9487632508812969,0.544210793006658,4528,7894,4296,1.0
case_0034,fusion_w0.70_t0.65,0.6513807531375302,0.9595660749483246,0.4930326830497935,4056,7894,3892,1.0
case_0034,fusion_w0.80_t0.35,0.7981054715108171,0.9029110684566493,0.7151000760061881,6252,7894,5645,1.0
case_0034,fusion_w0.80_t0.40,0.7849819494579169,0.9126930826042433,0.6886242715978103,5956,7894,5436,1.0
case_0034,fusion_w0.80_t0.45,0.7693668460228721,0.9199717962261238,0.6611350392694944,5673,7894,5219,1.0
case_0034,fusion_w0.80_t0.50,0.751411153758748,0.9256443537902361,0.6323790220412562,5393,7894,4992,1.0
case_0034,fusion_w0.80_t0.55,0.7331590279908234,0.9328767123269416,0.6038763617930024,5110,7894,4767,1.0
case_0034,fusion_w0.80_t0.60,0.7128370411125596,0.9392997721132396,0.5743602736248108,4827,7894,4534,1.0
case_0034,fusion_w0.80_t0.65,0.6851239002335255,0.9441601779734279,0.5376235115270616,4495,7894,4244,1.0
case_0050,nnunet,0.0,0.0,0.0,0,10460,0,0.0
case_0050,medformer_lcc_t0.25,0.5696602580981237,0.9149746192874049,0.41357552581222407,4728,10460,4326,1.0
case_0050,union_t0.25,0.5696602580981237,0.9149746192874049,0.41357552581222407,4728,10460,4326,1.0
case_0050,intersection_t0.25,0.0,0.0,0.0,0,10460,0,0.0
case_0050,medformer_lcc_t0.30,0.5575773853484471,0.9366117753193399,0.39694072657705837,4433,10460,4152,1.0
case_0050,union_t0.30,0.5575773853484471,0.9366117753193399,0.39694072657705837,4433,10460,4152,1.0
case_0050,intersection_t0.30,0.0,0.0,0.0,0,10460,0,0.0
case_0050,medformer_lcc_t0.35,0.540717948717579,0.9493397358920784,0.37801147227497317,4165,10460,3954,1.0
case_0050,union_t0.35,0.540717948717579,0.9493397358920784,0.37801147227497317,4165,10460,3954,1.0
case_0050,intersection_t0.35,0.0,0.0,0.0,0,10460,0,0.0
case_0050,medformer_lcc_t0.40,0.518637442412035,0.9609415416426257,0.35516252390023406,3866,10460,3715,1.0
case_0050,union_t0.40,0.518637442412035,0.9609415416426257,0.35516252390023406,3866,10460,3715,1.0
case_0050,intersection_t0.40,0.0,0.0,0.0,0,10460,0,0.0
case_0050,medformer_lcc_t0.45,0.4930059948611954,0.9724099099071722,0.33021032504748543,3552,10460,3454,1.0
case_0050,union_t0.45,0.4930059948611954,0.9724099099071722,0.33021032504748543,3552,10460,3454,1.0
case_0050,intersection_t0.45,0.0,0.0,0.0,0,10460,0,0.0
case_0050,medformer_lcc_t0.50,0.43124065769773445,0.9880136986267534,0.2758126195026044,2920,10460,2885,1.0
case_0050,union_t0.50,0.43124065769773445,0.9880136986267534,0.2758126195026044,2920,10460,2885,1.0
case_0050,intersection_t0.50,0.0,0.0,0.0,0,10460,0,0.0
case_0050,medformer_lcc_t0.55,0.31475673502186186,0.99088607594435,0.1870936902483871,1975,10460,1957,1.0
case_0050,union_t0.55,0.31475673502186186,0.99088607594435,0.1870936902483871,1975,10460,1957,1.0
case_0050,intersection_t0.55,0.0,0.0,0.0,0,10460,0,0.0
case_0050,medformer_lcc_t0.60,0.23926019335835286,0.9916376306551106,0.13604206500943017,1435,10460,1423,1.0
case_0050,union_t0.60,0.23926019335835286,0.9916376306551106,0.13604206500943017,1435,10460,1423,1.0
case_0050,intersection_t0.60,0.0,0.0,0.0,0,10460,0,0.0
case_0050,medformer_lcc_t0.65,0.15346621979171504,0.9908883826766414,0.0831739961758287,878,10460,870,1.0
case_0050,union_t0.65,0.15346621979171504,0.9908883826766414,0.0831739961758287,878,10460,870,1.0
case_0050,intersection_t0.65,0.0,0.0,0.0,0,10460,0,0.0
case_0050,medformer_lcc_t0.70,0.10144270029933632,0.9964349375936464,0.05344168260033132,561,10460,559,1.0
case_0050,union_t0.70,0.10144270029933632,0.9964349375936464,0.05344168260033132,561,10460,559,1.0
case_0050,intersection_t0.70,0.0,0.0,0.0,0,10460,0,0.0
case_0050,medformer_lcc_t0.75,0.07632183908038959,0.9999999999759036,0.03967495219881484,415,10460,415,1.0
case_0050,union_t0.75,0.07632183908038959,0.9999999999759036,0.03967495219881484,415,10460,415,1.0
case_0050,intersection_t0.75,0.0,0.0,0.0,0,10460,0,0.0
case_0050,fusion_w0.40_t0.35,0.0,0.0,0.0,0,10460,0,0.0
case_0050,fusion_w0.40_t0.40,0.0,0.0,0.0,0,10460,0,0.0
case_0050,fusion_w0.40_t0.45,0.0,0.0,0.0,0,10460,0,0.0
case_0050,fusion_w0.40_t0.50,0.0,0.0,0.0,0,10460,0,0.0
case_0050,fusion_w0.40_t0.55,0.0,0.0,0.0,0,10460,0,0.0
case_0050,fusion_w0.40_t0.60,0.0,0.0,0.0,0,10460,0,0.0
case_0050,fusion_w0.40_t0.65,0.0,0.0,0.0,0,10460,0,0.0
case_0050,fusion_w0.50_t0.35,0.10144270029933632,0.9964349375936464,0.05344168260033132,561,10460,559,1.0
case_0050,fusion_w0.50_t0.40,0.053591365835454416,0.9999999999652778,0.02753346080303295,288,10460,288,1.0
case_0050,fusion_w0.50_t0.45,0.0,0.0,0.0,0,10460,0,0.0
case_0050,fusion_w0.50_t0.50,0.0,0.0,0.0,0,10460,0,0.0
case_0050,fusion_w0.50_t0.55,0.0,0.0,0.0,0,10460,0,0.0
case_0050,fusion_w0.50_t0.60,0.0,0.0,0.0,0,10460,0,0.0
case_0050,fusion_w0.50_t0.65,0.0,0.0,0.0,0,10460,0,0.0
case_0050,fusion_w0.60_t0.35,0.26277372262751925,0.9924812030013003,0.1514340344166812,1596,10460,1584,1.0
case_0050,fusion_w0.60_t0.40,0.12554849108970578,0.9915134370439672,0.06701720841293783,707,10460,701,1.0
case_0050,fusion_w0.60_t0.45,0.07632183908038959,0.9999999999759036,0.03967495219881484,415,10460,415,1.0
case_0050,fusion_w0.60_t0.50,0.03844350679790113,0.9999999999512195,0.01959847036326998,205,10460,205,1.0
case_0050,fusion_w0.60_t0.55,0.0,0.0,0.0,0,10460,0,0.0
case_0050,fusion_w0.60_t0.60,0.0,0.0,0.0,0,10460,0,0.0
case_0050,fusion_w0.60_t0.65,0.0,0.0,0.0,0,10460,0,0.0
case_0050,fusion_w0.70_t0.35,0.43124065769773445,0.9880136986267534,0.2758126195026044,2920,10460,2885,1.0
case_0050,fusion_w0.70_t0.40,0.2814243518212328,0.9924768518461085,0.16395793499028302,1728,10460,1715,1.0
case_0050,fusion_w0.70_t0.45,0.16752735229744636,0.9917098445493087,0.09149139579341158,965,10460,957,1.0
case_0050,fusion_w0.70_t0.50,0.09436196374888936,0.9980732177071662,0.049521988527677314,519,10460,518,1.0
case_0050,fusion_w0.70_t0.55,0.05954920693807666,0.9999999999688474,0.03068833652004714,321,10460,321,1.0
case_0050,fusion_w0.70_t0.60,0.021749408983430966,0.9999999999130436,0.010994263862322185,115,10460,115,1.0
case_0050,fusion_w0.70_t0.65,0.0,0.0,0.0,0,10460,0,0.0
case_0050,fusion_w0.80_t0.35,0.5017362341432203,0.9695973705807461,0.3384321223706133,3651,10460,3540,1.0
case_0050,fusion_w0.80_t0.40,0.43124065769773445,0.9880136986267534,0.2758126195026044,2920,10460,2885,1.0
case_0050,fusion_w0.80_t0.45,0.2937438905178448,0.9928414096861629,0.17237093690232086,1816,10460,1803,1.0
case_0050,fusion_w0.80_t0.50,0.20056715648345744,0.9915038232711003,0.11156787762895642,1177,10460,1167,1.0
case_0050,fusion_w0.80_t0.55,0.11290468031372268,0.9952305246264669,0.059847036328814676,629,10460,626,1.0
case_0050,fusion_w0.80_t0.60,0.07632183908038959,0.9999999999759036,0.03967495219881484,415,10460,415,1.0
case_0050,fusion_w0.80_t0.65,0.048325403489086365,0.9999999999613899,0.024760994263838657,259,10460,259,1.0
case_0053,nnunet,0.39452337897163803,0.9792254424186222,0.2470238095236497,3899,15456,3818,1.0
case_0053,medformer_lcc_t0.25,0.7611034270782384,0.9369088157388035,0.6408514492749476,10572,15456,9905,1.0
case_0053,union_t0.25,0.7768613801449845,0.935404518949585,0.6642727743266923,10976,15456,10267,1.0
case_0053,intersection_t0.25,0.36473009339857276,0.9888412017139089,0.223602484471905,3495,15456,3456,1.0
case_0053,medformer_lcc_t0.30,0.7433850007825491,0.9409433214417945,0.6143892339540538,10092,15456,9496,1.0
case_0053,union_t0.30,0.762816078702343,0.9393337119052249,0.64214544513416,10566,15456,9925,1.0
case_0053,intersection_t0.30,0.35898522324010435,0.9894890510920015,0.21926759834354342,3425,15456,3389,1.0
case_0053,medformer_lcc_t0.35,0.7291907169297682,0.9476461458862414,0.5925854037263246,9665,15456,9159,1.0
case_0053,union_t0.35,0.7527074405918377,0.9458586254151694,0.6250646997925562,10214,15456,9661,1.0
case_0053,intersection_t0.35,0.35265340848646565,0.989850746265702,0.21454451345741812,3350,15456,3316,1.0
case_0053,medformer_lcc_t0.40,0.7127237385596854,0.9525871400725777,0.5693581780534618,9238,15456,8800,1.0
case_0053,union_t0.40,0.7410069101675257,0.9507548890455458,0.6070781573495037,9869,15456,9383,1.0
case_0053,intersection_t0.40,0.34554582354179364,0.9899020807803247,0.20930383022760785,3268,15456,3235,1.0
case_0053,medformer_lcc_t0.45,0.6980147149489506,0.9569480446286971,0.5493659420286301,8873,15456,8491,1.0
case_0053,union_t0.45,0.7309105431306985,0.9548205342227098,0.5920678053826397,9584,15456,9151,1.0
case_0053,intersection_t0.45,0.3387685046125623,0.9905897114147096,0.20432194616964006,3188,15456,3158,1.0
case_0053,medformer_lcc_t0.50,0.6823303563973449,0.9610862920280259,0.5289208074530739,8506,15456,8175,1.0
case_0053,union_t0.50,0.7203263196152335,0.9584094572800016,0.5769927536228151,9305,15456,8918,1.0
case_0053,intersection_t0.50,0.33142918732467586,0.991935483867768,0.19895186335390855,3100,15456,3075,1.0
case_0053,medformer_lcc_t0.55,0.6649414559644218,0.96562345983124,0.5070522774323841,8116,15456,7837,1.0
case_0053,union_t0.55,0.7094823712053318,0.9625318700798552,0.5617883022770692,9021,15456,8683,1.0
case_0053,intersection_t0.55,0.32216802168004216,0.992651970604567,0.1922877846789646,2994,15456,2972,1.0
case_0053,medformer_lcc_t0.60,0.6470689655169625,0.9692665289243683,0.4856366459624187,7744,15456,7506,1.0
case_0053,union_t0.60,0.6989802237724706,0.9657729606378028,0.5476837474116539,8765,15456,8465,1.0
case_0053,intersection_t0.60,0.3118795680155384,0.9933981931862634,0.18497670807441446,2878,15456,2859,1.0
case_0053,medformer_lcc_t0.65,0.626627504273979,0.9717199184215205,0.4624094202895559,7355,15456,7147,1.0
case_0053,union_t0.65,0.687776387150318,0.9681700728200984,0.5333203933743961,8514,15456,8243,1.0
case_0053,intersection_t0.65,0.29918663442498394,0.993430656930681,0.17611283643880943,2740,15456,2722,1.0
case_0053,medformer_lcc_t0.70,0.6061579651938392,0.9767040552186127,0.4394409937885355,6954,15456,6792,1.0
case_0053,union_t0.70,0.6771527367796756,0.9722693146028429,0.5194746376808232,8258,15456,8029,1.0
case_0053,intersection_t0.70,0.28596753642441636,0.9946050096300786,0.16699016563136193,2595,15456,2581,1.0
case_0053,medformer_lcc_t0.75,0.5823970889240017,0.980548322865706,0.41420807453389347,6529,15456,6402,1.0
case_0053,union_t0.75,0.6660416755440977,0.9755336412420728,0.5056288819872504,8011,15456,7815,1.0
case_0053,intersection_t0.75,0.2691210205336154,0.9950351675589779,0.15560300207029268,2417,15456,2405,1.0
case_0053,fusion_w0.40_t0.35,0.6243493603879028,0.9810091488758234,0.45788043478231244,7214,15456,7077,1.0
case_0053,fusion_w0.40_t0.40,0.39452337897163803,0.9792254424186222,0.2470238095236497,3899,15456,3818,1.0
case_0053,fusion_w0.40_t0.45,0.39452337897163803,0.9792254424186222,0.2470238095236497,3899,15456,3818,1.0
case_0053,fusion_w0.40_t0.50,0.39452337897163803,0.9792254424186222,0.2470238095236497,3899,15456,3818,1.0
case_0053,fusion_w0.40_t0.55,0.39452337897163803,0.9792254424186222,0.2470238095236497,3899,15456,3818,1.0
case_0053,fusion_w0.40_t0.60,0.39452337897163803,0.9792254424186222,0.2470238095236497,3899,15456,3818,1.0
case_0053,fusion_w0.40_t0.65,0.3779428691009846,0.9874248223045724,0.23369565217376184,3658,15456,3612,1.0
case_0053,fusion_w0.50_t0.35,0.6771527367796756,0.9722693146028429,0.5194746376808232,8258,15456,8029,1.0
case_0053,fusion_w0.50_t0.40,0.6507594062820803,0.9768134715013254,0.4879011387160404,7720,15456,7541,1.0
case_0053,fusion_w0.50_t0.45,0.6109897945538522,0.9816697694386629,0.44351708074505464,6983,15456,6855,1.0
case_0053,fusion_w0.50_t0.50,0.39452337897163803,0.9792254424186222,0.2470238095236497,3899,15456,3818,1.0
case_0053,fusion_w0.50_t0.55,0.3808678397992894,0.9870094722571394,0.23596014492738354,3695,15456,3647,1.0
case_0053,fusion_w0.50_t0.60,0.369937940464726,0.988476672285024,0.22754917184250287,3558,15456,3517,1.0
case_0053,fusion_w0.50_t0.65,0.35898522324010435,0.9894890510920015,0.21926759834354342,3425,15456,3389,1.0
case_0053,fusion_w0.60_t0.35,0.7027027027024136,0.9647577092500115,0.552600931676661,8853,15456,8541,1.0
case_0053,fusion_w0.60_t0.40,0.6843339194504378,0.9695136417544845,0.5287914078671526,8430,15456,8173,1.0
case_0053,fusion_w0.60_t0.45,0.6586517818803527,0.9790656114360747,0.49624741200796046,7834,15456,7670,1.0
case_0053,fusion_w0.60_t0.50,0.6264220830758328,0.9835225699238667,0.45956262939928855,7222,15456,7103,1.0
case_0053,fusion_w0.60_t0.55,0.5790220026528616,0.9881342700999405,0.4094849896477682,6405,15456,6329,1.0
case_0053,fusion_w0.60_t0.60,0.35464684014851056,0.9896265560136644,0.21603260869551238,3374,15456,3339,1.0
case_0053,fusion_w0.60_t0.65,0.34354778330373625,0.990440949734843,0.20781573498951356,3243,15456,3212,1.0
case_0053,fusion_w0.70_t0.35,0.7145992521538308,0.9609750765184072,0.5687758799168162,9148,15456,8791,1.0
case_0053,fusion_w0.70_t0.40,0.6941805964574664,0.9670634462025111,0.5414078674944737,8653,15456,8368,1.0
case_0053,fusion_w0.70_t0.45,0.6729817735862168,0.9714320595763992,0.5148162525876586,8191,15456,7957,1.0
case_0053,fusion_w0.70_t0.50,0.6518065016811883,0.9768674075976004,0.4890657349893316,7738,15456,7559,1.0
case_0053,fusion_w0.70_t0.55,0.6256224934993496,0.9810642709039654,0.45923913043448544,7235,15456,7098,1.0
case_0053,fusion_w0.70_t0.60,0.5945677226914654,0.9860590616084755,0.4255952380949627,6671,15456,6578,1.0
case_0053,fusion_w0.70_t0.65,0.5449857002201017,0.9896134854401676,0.37603519668712726,5873,15456,5812,1.0
case_0053,fusion_w0.80_t0.35,0.7205870494312069,0.9561309651177443,0.5781573498961062,9346,15456,8936,1.0
case_0053,fusion_w0.80_t0.40,0.7025495750705331,0.9612403100764394,0.5535714285710703,8901,15456,8556,1.0
case_0053,fusion_w0.80_t0.45,0.6840872982688,0.9667927203959267,0.5293090062108377,8462,15456,8181,1.0
case_0053,fusion_w0.80_t0.50,0.6648802688100612,0.9703289882048786,0.5056935817802111,8055,15456,7816,1.0
case_0053,fusion_w0.80_t0.55,0.6448343079919234,0.975619347226405,0.4815605590058996,7629,15456,7443,1.0
case_0053,fusion_w0.80_t0.60,0.6239632962764143,0.9805879090391284,0.45755693581750934,7212,15456,7072,1.0
case_0053,fusion_w0.80_t0.65,0.5948995712026202,0.983728914761929,0.4263716356104902,6699,15456,6590,1.0
case_0069,nnunet,0.0,0.0,0.0,0,2222,0,0.0
case_0069,medformer_lcc_t0.25,0.5322798227008436,0.46545331985013333,0.6215121512123245,2967,2222,1381,1.0
case_0069,union_t0.25,0.5322798227008436,0.46545331985013333,0.6215121512123245,2967,2222,1381,1.0
case_0069,intersection_t0.25,0.0,0.0,0.0,0,2222,0,0.0
case_0069,medformer_lcc_t0.30,0.5212897891680006,0.4820336391418883,0.5675067506725135,2616,2222,1261,1.0
case_0069,union_t0.30,0.5212897891680006,0.4820336391418883,0.5675067506725135,2616,2222,1261,1.0
case_0069,intersection_t0.30,0.0,0.0,0.0,0,2222,0,0.0
case_0069,medformer_lcc_t0.35,0.51724895627221,0.5053671103456189,0.5297029702946459,2329,2222,1177,1.0
case_0069,union_t0.35,0.51724895627221,0.5053671103456189,0.5297029702946459,2329,2222,1177,1.0
case_0069,intersection_t0.35,0.0,0.0,0.0,0,2222,0,0.0
case_0069,medformer_lcc_t0.40,0.5151725735452509,0.5307875894962731,0.5004500450022482,2095,2222,1112,1.0
case_0069,union_t0.40,0.5151725735452509,0.5307875894962731,0.5004500450022482,2095,2222,1112,1.0
case_0069,intersection_t0.40,0.0,0.0,0.0,0,2222,0,0.0
case_0069,medformer_lcc_t0.45,0.5147741147728577,0.5627335824849827,0.4743474347413396,1873,2222,1054,1.0
case_0069,union_t0.45,0.5147741147728577,0.5627335824849827,0.4743474347413396,1873,2222,1054,1.0
case_0069,intersection_t0.45,0.0,0.0,0.0,0,2222,0,0.0
case_0069,medformer_lcc_t0.50,0.5121390237656219,0.592548787696082,0.4509450945074215,1691,2222,1002,1.0
case_0069,union_t0.50,0.5121390237656219,0.592548787696082,0.4509450945074215,1691,2222,1002,1.0
case_0069,intersection_t0.50,0.0,0.0,0.0,0,2222,0,0.0
case_0069,medformer_lcc_t0.55,0.5017591339634594,0.6293279022360535,0.41719171917003967,1473,2222,927,1.0
case_0069,union_t0.55,0.5017591339634594,0.6293279022360535,0.41719171917003967,1473,2222,927,1.0
case_0069,intersection_t0.55,0.0,0.0,0.0,0,2222,0,0.0
case_0069,medformer_lcc_t0.60,0.49448996891637614,0.6643887623336038,0.3937893789361216,1317,2222,875,1.0
case_0069,union_t0.60,0.49448996891637614,0.6643887623336038,0.3937893789361216,1317,2222,875,1.0
case_0069,intersection_t0.60,0.0,0.0,0.0,0,2222,0,0.0
case_0069,medformer_lcc_t0.65,0.4801412180038831,0.6932880203849339,0.3672367236707145,1177,2222,816,1.0
case_0069,union_t0.65,0.4801412180038831,0.6932880203849339,0.3672367236707145,1177,2222,816,1.0
case_0069,intersection_t0.65,0.0,0.0,0.0,0,2222,0,0.0
case_0069,medformer_lcc_t0.70,0.4668499847220689,0.7269267364345678,0.34383438343679645,1051,2222,764,1.0
case_0069,union_t0.70,0.4668499847220689,0.7269267364345678,0.34383438343679645,1051,2222,764,1.0
case_0069,intersection_t0.70,0.0,0.0,0.0,0,2222,0,0.0
case_0069,medformer_lcc_t0.75,0.437161947182828,0.7459283387541159,0.30918091809041776,921,2222,687,1.0
case_0069,union_t0.75,0.437161947182828,0.7459283387541159,0.30918091809041776,921,2222,687,1.0
case_0069,intersection_t0.75,0.0,0.0,0.0,0,2222,0,0.0
case_0069,fusion_w0.40_t0.35,0.35260730755462005,0.8324958123813652,0.22367236723571707,597,2222,497,1.0
case_0069,fusion_w0.40_t0.40,0.0,0.0,0.0,0,2222,0,0.0
case_0069,fusion_w0.40_t0.45,0.0,0.0,0.0,0,2222,0,0.0
case_0069,fusion_w0.40_t0.50,0.0,0.0,0.0,0,2222,0,0.0
case_0069,fusion_w0.40_t0.55,0.0,0.0,0.0,0,2222,0,0.0
case_0069,fusion_w0.40_t0.60,0.0,0.0,0.0,0,2222,0,0.0
case_0069,fusion_w0.40_t0.65,0.0,0.0,0.0,0,2222,0,0.0
case_0069,fusion_w0.50_t0.35,0.4668499847220689,0.7269267364345678,0.34383438343679645,1051,2222,764,1.0
case_0069,fusion_w0.50_t0.40,0.4093178036592036,0.7854406130167887,0.27677767776653117,783,2222,615,1.0
case_0069,fusion_w0.50_t0.45,0.3206442166898952,0.858823529394925,0.19711971197031,510,2222,438,1.0
case_0069,fusion_w0.50_t0.50,0.0,0.0,0.0,0,2222,0,0.0
case_0069,fusion_w0.50_t0.55,0.0,0.0,0.0,0,2222,0,0.0
case_0069,fusion_w0.50_t0.60,0.0,0.0,0.0,0,2222,0,0.0
case_0069,fusion_w0.50_t0.65,0.0,0.0,0.0,0,2222,0,0.0
case_0069,fusion_w0.60_t0.35,0.4990242542500724,0.6556776556728522,0.40279027902609005,1365,2222,895,1.0
case_0069,fusion_w0.60_t0.40,0.4803804994040417,0.707530647979794,0.3636363636347271,1142,2222,808,1.0
case_0069,fusion_w0.60_t0.45,0.437161947182828,0.7459283387541159,0.30918091809041776,921,2222,687,1.0
case_0069,fusion_w0.60_t0.50,0.3871847307416933,0.7977528089775596,0.2556255625551052,712,2222,568,1.0
case_0069,fusion_w0.60_t0.55,0.29405162738386065,0.8713968957678182,0.1768676867678809,451,2222,393,1.0
case_0069,fusion_w0.60_t0.60,0.0,0.0,0.0,0,2222,0,0.0
case_0069,fusion_w0.60_t0.65,0.0,0.0,0.0,0,2222,0,0.0
case_0069,fusion_w0.70_t0.35,0.5121390237656219,0.592548787696082,0.4509450945074215,1691,2222,1002,1.0
case_0069,fusion_w0.70_t0.40,0.5002763957974011,0.6482808022876199,0.40729072907107433,1396,2222,905,1.0
case_0069,fusion_w0.70_t0.45,0.48245614034946654,0.6886477462379913,0.37128712871120034,1198,2222,825,1.0
case_0069,fusion_w0.70_t0.50,0.46053853296050595,0.7373637264545355,0.33483348334682794,1009,2222,744,1.0
case_0069,fusion_w0.70_t0.55,0.41469816272829824,0.7651331719035698,0.2844284428430044,826,2222,632,1.0
case_0069,fusion_w0.70_t0.60,0.3689523146523879,0.8141321044421792,0.23852385238416507,651,2222,530,1.0
case_0069,fusion_w0.70_t0.65,0.2718594883532957,0.8967254407834577,0.1602160216014392,397,2222,356,1.0
case_0069,fusion_w0.80_t0.35,0.5118847539003316,0.5486361296935223,0.47974797479532066,1943,2222,1066,1.0
case_0069,fusion_w0.80_t0.40,0.5121390237656219,0.592548787696082,0.4509450945074215,1691,2222,1002,1.0
case_0069,fusion_w0.80_t0.45,0.499725726822546,0.6397471910067434,0.40999099909806486,1424,2222,911,1.0
case_0069,fusion_w0.80_t0.50,0.4897723998833484,0.68054443554299,0.38253825382366097,1249,2222,850,1.0
case_0069,fusion_w0.80_t0.55,0.47108689070399307,0.7197039777916772,0.3501350134997744,1081,2222,778,1.0
case_0069,fusion_w0.80_t0.60,0.437161947182828,0.7459283387541159,0.30918091809041776,921,2222,687,1.0
case_0069,fusion_w0.80_t0.65,0.4044265593547806,0.7934210526211392,0.27137713771255007,760,2222,603,1.0
case_0074,nnunet,0.830470016206558,0.9531249999976361,0.7357840321640134,4032,5223,3843,1.0
case_0074,medformer_lcc_t0.25,0.7417444773391689,0.9151447035658468,0.6235879762576612,3559,5223,3257,1.0
case_0074,union_t0.25,0.8579815770818321,0.9102233676956396,0.8114110664353601,4656,5223,4238,1.0
case_0074,intersection_t0.25,0.7016425594499858,0.9751277683101359,0.5479609419863145,2935,5223,2862,1.0
case_0074,medformer_lcc_t0.30,0.727314761298431,0.9177362893788864,0.6023358223231815,3428,5223,3146,1.0
case_0074,union_t0.30,0.8534421213657792,0.9131383675231054,0.8010721807375052,4582,5223,4184,1.0
case_0074,intersection_t0.30,0.6925070978882947,0.9746351633044662,0.5370476737496898,2878,5223,2805,1.0
case_0074,medformer_lcc_t0.35,0.7144533083051214,0.9224477431053546,0.5829982768512675,3301,5223,3045,1.0
case_0074,union_t0.35,0.850569990756033,0.9173681878579589,0.7928393643484725,4514,5223,4141,1.0
case_0074,intersection_t0.35,0.6831633921901478,0.9744590280206653,0.5259429446668085,2819,5223,2747,1.0
case_0074,medformer_lcc_t0.40,0.7009178686366659,0.928616550849878,0.5628948879943272,3166,5223,2940,1.0
case_0074,union_t0.40,0.8481339811838642,0.9217977528069173,0.7853723913444661,4450,5223,4102,1.0
case_0074,intersection_t0.40,0.6726884957964212,0.9756186317286186,0.5133065288138746,2748,5223,2681,1.0
case_0074,medformer_lcc_t0.45,0.6872353297027377,0.9335963182086339,0.5437488033686698,3042,5223,2840,1.0
case_0074,union_t0.45,0.8451935081139771,0.9254955570723958,0.7777139574942031,4389,5223,4062,1.0
case_0074,intersection_t0.45,0.6628730399586964,0.9761638733669417,0.5018188780384801,2685,5223,2621,1.0
case_0074,medformer_lcc_t0.50,0.6737797400040793,0.9372227908531654,0.5259429446668085,2931,5223,2747,1.0
case_0074,union_t0.50,0.8426555148971848,0.9281437125727128,0.7715872104139928,4342,5223,4030,1.0
case_0074,intersection_t0.50,0.6527281998971791,0.9767264402862391,0.49013976641682916,2621,5223,2560,1.0
case_0074,medformer_lcc_t0.55,0.6604477611932084,0.942492012776207,0.5083285468112037,2817,5223,2655,1.0
case_0074,union_t0.55,0.8411764705873517,0.9318128927136797,0.7666092284113218,4297,5223,4004,1.0
case_0074,intersection_t0.55,0.6415434083593035,0.9772727272688979,0.47750335056389526,2552,5223,2494,1.0
case_0074,medformer_lcc_t0.60,0.6480221718308793,0.9473296500885918,0.49243729657190805,2715,5223,2572,1.0
case_0074,union_t0.60,0.8402404302427077,0.9352112676034385,0.7627800114861903,4260,5223,3984,1.0
case_0074,intersection_t0.60,0.6306095979239551,0.9774829111339869,0.46544131724973115,2487,5223,2431,1.0
case_0074,medformer_lcc_t0.65,0.6337722101487488,0.9534615384578713,0.4746314378700467,2600,5223,2479,1.0
case_0074,union_t0.65,0.8385797562259262,0.9392212725523761,0.7574191077910063,4212,5223,3956,1.0
case_0074,intersection_t0.65,0.619128614417612,0.9776859504091832,0.45299636224305384,2420,5223,2366,1.0
case_0074,medformer_lcc_t0.70,0.618794556058822,0.9578651685354821,0.4570170400144419,2492,5223,2387,1.0
case_0074,union_t0.70,0.8374468085097473,0.9423030883386586,0.7535898908658748,4177,5223,3936,1.0
case_0074,intersection_t0.70,0.6060766182290541,0.9774179803963468,0.4392111813125805,2347,5223,2294,1.0
case_0074,medformer_lcc_t0.75,0.6015275217268876,0.9633066216745538,0.4372965728500148,2371,5223,2284,1.0
case_0074,union_t0.75,0.8363053924176868,0.9454369869605374,0.7497606739407433,4142,5223,3916,1.0
case_0074,intersection_t0.75,0.5908605024043414,0.9778858911942597,0.42331993107328486,2261,5223,2211,1.0
case_0074,fusion_w0.40_t0.35,0.8332975295372359,0.9491069243920991,0.7426766226292502,4087,5223,3879,1.0
case_0074,fusion_w0.40_t0.40,0.830470016206558,0.9531249999976361,0.7357840321640134,4032,5223,3843,1.0
case_0074,fusion_w0.40_t0.45,0.830470016206558,0.9531249999976361,0.7357840321640134,4032,5223,3843,1.0
case_0074,fusion_w0.40_t0.50,0.830470016206558,0.9531249999976361,0.7357840321640134,4032,5223,3843,1.0
case_0074,fusion_w0.40_t0.55,0.830470016206558,0.9531249999976361,0.7357840321640134,4032,5223,3843,1.0
case_0074,fusion_w0.40_t0.60,0.830470016206558,0.9531249999976361,0.7357840321640134,4032,5223,3843,1.0
case_0074,fusion_w0.40_t0.65,0.7311416616847206,0.9732654360249101,0.585487267852603,3142,5223,3058,1.0
case_0074,fusion_w0.50_t0.35,0.8374468085097473,0.9423030883386586,0.7535898908658748,4177,5223,3936,1.0
case_0074,fusion_w0.50_t0.40,0.8354565892293807,0.9475473530817204,0.7470802220931513,4118,5223,3902,1.0
case_0074,fusion_w0.50_t0.45,0.8326521832643228,0.9499386503044174,0.7411449358591975,4075,5223,3871,1.0
case_0074,fusion_w0.50_t0.50,0.830470016206558,0.9531249999976361,0.7357840321640134,4032,5223,3843,1.0
case_0074,fusion_w0.50_t0.55,0.736403665356734,0.9729559748397077,0.5923798583178396,3180,5223,3094,1.0
case_0074,fusion_w0.50_t0.60,0.7109166058829188,0.9736929736897313,0.5598315144542221,3003,5223,2924,1.0
case_0074,fusion_w0.50_t0.65,0.6925070978882947,0.9746351633044662,0.5370476737496898,2878,5223,2805,1.0
case_0074,fusion_w0.60_t0.35,0.8404636459422123,0.9346144832413062,0.7635458548712166,4267,5223,3988,1.0
case_0074,fusion_w0.60_t0.40,0.8381962864712591,0.9400285578273678,0.7562703427134668,4202,5223,3950,1.0
case_0074,fusion_w0.60_t0.45,0.7490347490338726,0.9629963898887997,0.6128661688672931,3324,5223,3201,1.0
case_0074,fusion_w0.60_t0.50,0.7249880325505923,0.9668049792500262,0.5799349033111623,3133,5223,3029,1.0
case_0074,fusion_w0.60_t0.55,0.7038710465249678,0.9716790289920039,0.5517901589114459,2966,5223,2882,1.0
case_0074,fusion_w0.60_t0.60,0.6857781087109881,0.9746031745997369,0.5290063182069137,2835,5223,2763,1.0
case_0074,fusion_w0.60_t0.65,0.6695171026148522,0.9754488823709218,0.5096687727349997,2729,5223,2662,1.0
case_0074,fusion_w0.70_t0.35,0.7612314709227351,0.9410769664478684,0.6390963048044437,3547,5223,3338,1.0
case_0074,fusion_w0.70_t0.40,0.7416987067450288,0.9473214285686092,0.6094198736346746,3360,5223,3183,1.0
case_0074,fusion_w0.70_t0.45,0.7202763878952582,0.953327026171702,0.5787861382336229,3171,5223,3023,1.0
case_0074,fusion_w0.70_t0.50,0.7051126726427124,0.9600791817850212,0.55715106260663,3031,5223,2910,1.0
case_0074,fusion_w0.70_t0.55,0.6896466822593997,0.9658620689621867,0.5362818303646635,2900,5223,2801,1.0
case_0074,fusion_w0.70_t0.60,0.6720860430206702,0.9689866570466319,0.5144552938914141,2773,5223,2687,1.0
case_0074,fusion_w0.70_t0.65,0.6550628890856879,0.9735649546791029,0.49358606164944746,2648,5223,2578,1.0
case_0074,fusion_w0.80_t0.35,0.7352531351593877,0.9341988787225312,0.6061650392483129,3389,5223,3166,1.0
case_0074,fusion_w0.80_t0.40,0.7201228153038259,0.9395993836642847,0.5837641202362938,3245,5223,3049,1.0
case_0074,fusion_w0.80_t0.45,0.7067290392218942,0.9460500963360756,0.5640436530718667,3114,5223,2946,1.0
case_0074,fusion_w0.80_t0.50,0.6929632335029303,0.9515212303545586,0.5448975684462093,2991,5223,2846,1.0
case_0074,fusion_w0.80_t0.55,0.6769002228265946,0.957618213656891,0.523453953665473,2855,5223,2734,1.0
case_0074,fusion_w0.80_t0.60,0.6620568267530021,0.9641157085281431,0.5041164081935591,2731,5223,2633,1.0
case_0074,fusion_w0.80_t0.65,0.6469463215598025,0.9683206106833271,0.48573616695292793,2620,5223,2537,1.0
case_0110,nnunet,0.6712597322576959,0.9625702811237248,0.5153078775367581,12450,23256,11984,1.0
case_0110,medformer_lcc_t0.25,0.7520970744373516,0.807770153526777,0.7036033711727281,20257,23256,16363,1.0
case_0110,union_t0.25,0.7574716044884808,0.8047105479514414,0.7154712762294825,20677,23256,16639,1.0
case_0110,intersection_t0.25,0.6636059627045674,0.9732335827090829,0.5034399724800037,12030,23256,11708,1.0
case_0110,medformer_lcc_t0.30,0.7484340175951324,0.8235324487579,0.6858875128996018,19369,23256,15951,1.0
case_0110,union_t0.30,0.7550864168888168,0.8198901707890474,0.6997764017884848,19849,23256,16274,1.0
case_0110,intersection_t0.30,0.6620677908361262,0.9741854636583339,0.5014189886478752,11970,23256,11661,1.0
case_0110,medformer_lcc_t0.35,0.7426985911448459,0.8368821087807466,0.6675696594424374,18551,23256,15525,1.0
case_0110,union_t0.35,0.7511504424776989,0.8324180134939942,0.6843395252835034,19119,23256,15915,1.0
case_0110,intersection_t0.35,0.6599123456085549,0.9757616562859991,0.49853801169569206,11882,23256,11594,1.0
case_0110,medformer_lcc_t0.40,0.7366933814034404,0.8497330710869065,0.650197798417333,17795,23256,15121,1.0
case_0110,union_t0.40,0.7467798805495799,0.8444263628962059,0.6693756449945522,18435,23256,15567,1.0
case_0110,intersection_t0.40,0.6580733474018543,0.976968670617293,0.49613003095953895,11810,23256,11538,1.0
case_0110,medformer_lcc_t0.45,0.7301130728028343,0.8623477038420441,0.6330409356722424,17072,23256,14722,1.0
case_0110,union_t0.45,0.7424021040325487,0.8559636118593575,0.6554437564496666,17808,23256,15243,1.0
case_0110,intersection_t0.45,0.6555905061479396,0.9785726481125332,0.49290505675933394,11714,23256,11463,1.0
case_0110,medformer_lcc_t0.50,0.722471400493695,0.8725502130244233,0.6164430684551873,16430,23256,14336,1.0
case_0110,union_t0.50,0.7373488027645675,0.8655963834468149,0.6421998624008246,17254,23256,14935,1.0
case_0110,intersection_t0.50,0.6527722034285154,0.9792706003776197,0.48955108359112076,11626,23256,11385,1.0
case_0110,medformer_lcc_t0.55,0.7149105978050508,0.8823640841062812,0.6008771929821978,15837,23256,13974,1.0
case_0110,union_t0.55,0.7332583989007786,0.8747839561351244,0.6311489508081222,16779,23256,14678,1.0
case_0110,intersection_t0.55,0.648947186744722,0.9801876955153108,0.4850361197108337,11508,23256,11280,1.0
case_0110,medformer_lcc_t0.60,0.7054503788961992,0.8943545724655698,0.582430340557025,15145,23256,13545,1.0
case_0110,union_t0.60,0.7282718800646455,0.8858427796938849,0.6182920536633048,16232,23256,14379,1.0
case_0110,intersection_t0.60,0.6441549438167931,0.9812549502763519,0.4794461644304784,11363,23256,11150,1.0
case_0110,medformer_lcc_t0.65,0.6950580009532563,0.9048407116253586,0.5642414860678688,14502,23256,13122,1.0
case_0110,union_t0.65,0.7234424254848347,0.8953879337683845,0.6068971448225804,15763,23256,14114,1.0
case_0110,intersection_t0.65,0.6382348671793764,0.9823934221101238,0.4726522187820465,11189,23256,10992,1.0
case_0110,medformer_lcc_t0.70,0.6836814445490679,0.915878402772102,0.5454076367386715,13849,23256,12684,1.0
case_0110,union_t0.70,0.719183229250157,0.904923377893117,0.5967062263499326,15335,23256,13877,1.0
case_0110,intersection_t0.70,0.6306838106368701,0.9842210871935568,0.46400928792549706,10964,23256,10791,1.0
case_0110,medformer_lcc_t0.75,0.672154538469797,0.9287230815886194,0.5266597867214797,13188,23256,12248,1.0
case_0110,union_t0.75,0.7158236634621066,0.9157563166001502,0.5875472996213503,14921,23256,13664,1.0
case_0110,intersection_t0.75,0.6221411120593936,0.9860968554623625,0.4544203646368875,10717,23256,10568,1.0
case_0110,fusion_w0.40_t0.35,0.704541166958441,0.9438226586750351,0.5620485036117294,13849,23256,13071,1.0
case_0110,fusion_w0.40_t0.40,0.6712597322576959,0.9625702811237248,0.5153078775367581,12450,23256,11984,1.0
case_0110,fusion_w0.40_t0.45,0.6712597322576959,0.9625702811237248,0.5153078775367581,12450,23256,11984,1.0
case_0110,fusion_w0.40_t0.50,0.6712597322576959,0.9625702811237248,0.5153078775367581,12450,23256,11984,1.0
case_0110,fusion_w0.40_t0.55,0.6712597322576959,0.9625702811237248,0.5153078775367581,12450,23256,11984,1.0
case_0110,fusion_w0.40_t0.60,0.6712597322576959,0.9625702811237248,0.5153078775367581,12450,23256,11984,1.0
case_0110,fusion_w0.40_t0.65,0.6669866455855143,0.9711419879955839,0.5079119367042879,12163,23256,11812,1.0
case_0110,fusion_w0.50_t0.35,0.719183229250157,0.904923377893117,0.5967062263499326,15335,23256,13877,1.0
case_0110,fusion_w0.50_t0.40,0.7122605262458698,0.9279845335904661,0.5779153766767381,14483,23256,13440,1.0
case_0110,fusion_w0.50_t0.45,0.7010974122745696,0.947835006226868,0.5562865497073631,13649,23256,12937,1.0
case_0110,fusion_w0.50_t0.50,0.6712597322576959,0.9625702811237248,0.5153078775367581,12450,23256,11984,1.0
case_0110,fusion_w0.50_t0.55,0.6676070642665837,0.9706316652986294,0.5087719298243426,12190,23256,11832,1.0
case_0110,fusion_w0.50_t0.60,0.6648180634936719,0.9720337580663808,0.505159958720113,12086,23256,11748,1.0
case_0110,fusion_w0.50_t0.65,0.6620677908361262,0.9741854636583339,0.5014189886478752,11970,23256,11661,1.0
case_0110,fusion_w0.60_t0.35,0.7294503277859987,0.8817971226524739,0.6219900240795398,16404,23256,14465,1.0
case_0110,fusion_w0.60_t0.40,0.722295124147505,0.8992248062009742,0.6035431716543672,15609,23256,14036,1.0
case_0110,fusion_w0.60_t0.45,0.7132428514953978,0.9212335761447877,0.5818713450289895,14689,23256,13532,1.0
case_0110,fusion_w0.60_t0.50,0.7042185227087161,0.9426655127643568,0.5620485036117294,13866,23256,13071,1.0
case_0110,fusion_w0.60_t0.55,0.6910522114879887,0.9600061176103387,0.5398176814583162,13077,23256,12554,1.0
case_0110,fusion_w0.60_t0.60,0.6605243701300516,0.9751469353476279,0.4993980048157467,11910,23256,11614,1.0
case_0110,fusion_w0.60_t0.65,0.6571322542888707,0.9774946921435435,0.49492604059146245,11775,23256,11510,1.0
case_0110,fusion_w0.70_t0.35,0.735376597592571,0.8695345971002585,0.6370829033364993,17039,23256,14816,1.0
case_0110,fusion_w0.70_t0.40,0.7266926621763492,0.8837295233397686,0.6170450636392255,16238,23256,14350,1.0
case_0110,fusion_w0.70_t0.45,0.7183818970859893,0.8996506211174303,0.5979102167180091,15456,23256,13905,1.0
case_0110,fusion_w0.70_t0.50,0.7109837229480894,0.9151154132532897,0.581312349500954,14773,23256,13519,1.0
case_0110,fusion_w0.70_t0.55,0.7025054992218729,0.9338182855506105,0.5630374956997922,14022,23256,13094,1.0
case_0110,fusion_w0.70_t0.60,0.693439842424716,0.9530756504730387,0.5449776401786443,13298,23256,12674,1.0
case_0110,fusion_w0.70_t0.65,0.6785554811339924,0.966682569973786,0.522746818025231,12576,23256,12157,1.0
case_0110,fusion_w0.80_t0.35,0.7383749388152868,0.8569075210174637,0.6486498108012346,17604,23256,15085,1.0
case_0110,fusion_w0.80_t0.40,0.7313045647291766,0.8707971961501302,0.6303319573440702,16834,23256,14659,1.0
case_0110,fusion_w0.80_t0.45,0.7233858887448338,0.8831442564001716,0.6125730994149412,16131,23256,14246,1.0
case_0110,fusion_w0.80_t0.50,0.7155863638713167,0.8978969232760626,0.5948142414858123,15406,23256,13833,1.0
case_0110,fusion_w0.80_t0.55,0.707291392471517,0.9118365684804453,0.5777003783967244,14734,23256,13435,1.0
case_0110,fusion_w0.80_t0.60,0.6995422054451585,0.9267929346662929,0.561790505675713,14097,23256,13065,1.0
case_0110,fusion_w0.80_t0.65,0.6897831128084327,0.9435032465102294,0.5436016511865568,13399,23256,12642,1.0
case_0128,nnunet,0.0,0.0,0.0,0,5262,0,0.0
case_0128,medformer_lcc_t0.25,0.5246614609068649,0.5466529351173086,0.504370961610596,4855,5262,2654,1.0
case_0128,union_t0.25,0.5246614609068649,0.5466529351173086,0.504370961610596,4855,5262,2654,1.0
case_0128,intersection_t0.25,0.0,0.0,0.0,0,5262,0,0.0
case_0128,medformer_lcc_t0.30,0.4939746626835987,0.5392399370349916,0.45572025845599445,4447,5262,2398,1.0
case_0128,union_t0.30,0.4939746626835987,0.5392399370349916,0.45572025845599445,4447,5262,2398,1.0
case_0128,intersection_t0.30,0.0,0.0,0.0,0,5262,0,0.0
case_0128,medformer_lcc_t0.35,0.45722240068480857,0.523669364727683,0.40573926263700927,4077,5262,2135,1.0
case_0128,union_t0.35,0.45722240068480857,0.523669364727683,0.40573926263700927,4077,5262,2135,1.0
case_0128,intersection_t0.35,0.0,0.0,0.0,0,5262,0,0.0
case_0128,medformer_lcc_t0.40,0.423042704625864,0.5099195710442094,0.3614595210939539,3730,5262,1902,1.0
case_0128,union_t0.40,0.423042704625864,0.5099195710442094,0.3614595210939539,3730,5262,1902,1.0
case_0128,intersection_t0.40,0.0,0.0,0.0,0,5262,0,0.0
case_0128,medformer_lcc_t0.45,0.3999083829587724,0.5031700288169938,0.3318129988591186,3470,5262,1746,1.0
case_0128,union_t0.45,0.3999083829587724,0.5031700288169938,0.3318129988591186,3470,5262,1746,1.0
case_0128,intersection_t0.45,0.0,0.0,0.0,0,5262,0,0.0
case_0128,medformer_lcc_t0.50,0.3803609093035149,0.4960268948640097,0.30843785632780607,3272,5262,1623,1.0
case_0128,union_t0.50,0.3803609093035149,0.4960268948640097,0.30843785632780607,3272,5262,1623,1.0
case_0128,intersection_t0.50,0.0,0.0,0.0,0,5262,0,0.0
case_0128,medformer_lcc_t0.55,0.36420345489399686,0.4938191281701568,0.2884834663620515,3074,5262,1518,1.0
case_0128,union_t0.55,0.36420345489399686,0.4938191281701568,0.2884834663620515,3074,5262,1518,1.0
case_0128,intersection_t0.55,0.0,0.0,0.0,0,5262,0,0.0
case_0128,medformer_lcc_t0.60,0.3534009036508079,0.4943628288332957,0.27499049790901753,2927,5262,1447,1.0
case_0128,union_t0.60,0.3534009036508079,0.4943628288332957,0.27499049790901753,2927,5262,1447,1.0
case_0128,intersection_t0.60,0.0,0.0,0.0,0,5262,0,0.0
case_0128,medformer_lcc_t0.65,0.34159093738286866,0.49512811259294437,0.2607373622191928,2771,5262,1372,1.0
case_0128,union_t0.65,0.34159093738286866,0.49512811259294437,0.2607373622191928,2771,5262,1372,1.0
case_0128,intersection_t0.65,0.0,0.0,0.0,0,5262,0,0.0
case_0128,medformer_lcc_t0.70,0.33413797484394087,0.5040245304695131,0.24990497909492607,2609,5262,1315,1.0
case_0128,union_t0.70,0.33413797484394087,0.5040245304695131,0.24990497909492607,2609,5262,1315,1.0
case_0128,intersection_t0.70,0.0,0.0,0.0,0,5262,0,0.0
case_0128,medformer_lcc_t0.75,0.3263717732516197,0.5140988966059906,0.2390725959706593,2447,5262,1258,1.0
case_0128,union_t0.75,0.3263717732516197,0.5140988966059906,0.2390725959706593,2447,5262,1258,1.0
case_0128,intersection_t0.75,0.0,0.0,0.0,0,5262,0,0.0
case_0128,fusion_w0.40_t0.35,0.3016177680281031,0.5413385826745013,0.20904599011742866,2032,5262,1100,1.0
case_0128,fusion_w0.40_t0.40,0.0,0.0,0.0,0,5262,0,0.0
case_0128,fusion_w0.40_t0.45,0.0,0.0,0.0,0,5262,0,0.0
case_0128,fusion_w0.40_t0.50,0.0,0.0,0.0,0,5262,0,0.0
case_0128,fusion_w0.40_t0.55,0.0,0.0,0.0,0,5262,0,0.0
case_0128,fusion_w0.40_t0.60,0.0,0.0,0.0,0,5262,0,0.0
case_0128,fusion_w0.40_t0.65,0.0,0.0,0.0,0,5262,0,0.0
case_0128,fusion_w0.50_t0.35,0.33413797484394087,0.5040245304695131,0.24990497909492607,2609,5262,1315,1.0
case_0128,fusion_w0.50_t0.40,0.31853716708583735,0.5260393873062318,0.22843025465559022,2285,5262,1202,1.0
case_0128,fusion_w0.50_t0.45,0.29484507433611945,0.5483204134338588,0.2016343595587198,1935,5262,1061,1.0
case_0128,fusion_w0.50_t0.50,0.0,0.0,0.0,0,5262,0,0.0
case_0128,fusion_w0.50_t0.55,0.0,0.0,0.0,0,5262,0,0.0
case_0128,fusion_w0.50_t0.60,0.0,0.0,0.0,0,5262,0,0.0
case_0128,fusion_w0.50_t0.65,0.0,0.0,0.0,0,5262,0,0.0
case_0128,fusion_w0.60_t0.35,0.3558848536373668,0.49309996633963954,0.27841125047457543,2971,5262,1465,1.0
case_0128,fusion_w0.60_t0.40,0.33826479438272533,0.4970523212951472,0.2563664006076466,2714,5262,1349,1.0
case_0128,fusion_w0.60_t0.45,0.3263717732516197,0.5140988966059906,0.2390725959706593,2447,5262,1258,1.0
case_0128,fusion_w0.60_t0.50,0.3141206502750045,0.5359926639131775,0.22215887495206735,2181,5262,1169,1.0
case_0128,fusion_w0.60_t0.55,0.2870383373117722,0.5497579343703617,0.19422272900001097,1859,5262,1022,1.0
case_0128,fusion_w0.60_t0.60,0.0,0.0,0.0,0,5262,0,0.0
case_0128,fusion_w0.60_t0.65,0.0,0.0,0.0,0,5262,0,0.0
case_0128,fusion_w0.70_t0.35,0.3803609093035149,0.4960268948640097,0.30843785632780607,3272,5262,1623,1.0
case_0128,fusion_w0.70_t0.40,0.35970004837885855,0.4946773120409359,0.282592170276924,3006,5262,1487,1.0
case_0128,fusion_w0.70_t0.45,0.34227521112724507,0.49390681003407205,0.2618776130743788,2790,5262,1378,1.0
case_0128,fusion_w0.70_t0.50,0.33384418901617646,0.508956386290853,0.24838464462134477,2568,5262,1307,1.0
case_0128,fusion_w0.70_t0.55,0.3215273206052383,0.523360480066338,0.2320410490303458,2333,5262,1221,1.0
case_0128,fusion_w0.70_t0.60,0.3074622808205689,0.539856801906731,0.2149372862025562,2095,5262,1131,1.0
case_0128,fusion_w0.70_t0.65,0.28320837459289405,0.5539568345293086,0.19023185100686008,1807,5262,1001,1.0
case_0128,fusion_w0.80_t0.35,0.4060440808902453,0.5048022598855797,0.33960471303622275,3540,5262,1787,1.0
case_0128,fusion_w0.80_t0.40,0.3803609093035149,0.4960268948640097,0.30843785632780607,3272,5262,1623,1.0
case_0128,fusion_w0.80_t0.45,0.36094032549685234,0.49357072205574165,0.2844925883689006,3033,5262,1497,1.0
case_0128,fusion_w0.80_t0.50,0.34616333580021447,0.4933192686339897,0.26662865830432037,2844,5262,1403,1.0
case_0128,fusion_w0.80_t0.55,0.33569440930896066,0.5018910741282077,0.252185480805298,2644,5262,1327,1.0
case_0128,fusion_w0.80_t0.60,0.3263717732516197,0.5140988966059906,0.2390725959706593,2447,5262,1258,1.0
case_0128,fusion_w0.80_t0.65,0.3167420814475423,0.5284191829461438,0.22614975294521827,2252,5262,1190,1.0
case_0160,nnunet,0.1873859257755147,0.17427385892083314,0.20263157894692405,5302,4560,924,1.0
case_0160,medformer_lcc_t0.25,0.04555211066057053,0.049921589126895136,0.04188596491218885,3826,4560,191,1.0
case_0160,union_t0.25,0.16775579625801829,0.14173347451196228,0.20548245613990027,6611,4560,937,1.0
case_0160,intersection_t0.25,0.05030380104556973,0.07071911005136783,0.039035087719212644,2517,4560,178,1.0
case_0160,medformer_lcc_t0.30,0.021678850516735973,0.02548903378771343,0.018859649122765658,3374,4560,86,1.0
case_0160,union_t0.30,0.16811751904228497,0.1433209647493146,0.2032894736837647,6468,4560,927,1.0
case_0160,intersection_t0.30,0.024527186761193073,0.03759057970997468,0.018201754385924997,2208,4560,83,1.0
case_0160,medformer_lcc_t0.35,0.011846781624309797,0.014817253868900832,0.009868421052609938,3037,4560,45,1.0
case_0160,union_t0.35,0.16943247455746818,0.14558058925453665,0.20263157894692405,6347,4560,924,1.0
case_0160,intersection_t0.35,0.014115432873252643,0.02477973568268293,0.009868421052609938,1816,4560,45,1.0
case_0160,medformer_lcc_t0.40,0.00687947165656731,0.009231905465253945,0.005482456140338854,2708,4560,25,1.0
case_0160,union_t0.40,0.171190365909985,0.14819566960681926,0.20263157894692405,6235,4560,924,1.0
case_0160,intersection_t0.40,0.008030838419518101,0.015006002400870314,0.005482456140338854,1666,4560,25,1.0
case_0160,medformer_lcc_t0.45,0.0028872527789766318,0.004224757076450255,0.0021929824561355417,2367,4560,10,1.0
case_0160,union_t0.45,0.1726618705034358,0.15041510662518245,0.20263157894692405,6143,4560,924,1.0
case_0160,intersection_t0.45,0.003297065611600236,0.006640106241655777,0.0021929824561355417,1506,4560,10,1.0
case_0160,medformer_lcc_t0.50,0.0,0.0,0.0,2126,4560,0,0.0
case_0160,union_t0.50,0.17392941176454216,0.15234954657847924,0.20263157894692405,6065,4560,924,1.0
case_0160,intersection_t0.50,0.0,0.0,0.0,1349,4560,0,0.0
case_0160,medformer_lcc_t0.55,0.0,0.0,0.0,1940,4560,0,0.0
case_0160,union_t0.55,0.1748344370859273,0.15374376039907864,0.20263157894692405,6010,4560,924,1.0
case_0160,intersection_t0.55,0.0,0.0,0.0,1224,4560,0,0.0
case_0160,medformer_lcc_t0.60,0.0,0.0,0.0,1818,4560,0,0.0
case_0160,union_t0.60,0.17588274483660807,0.15537245670059632,0.20263157894692405,5947,4560,924,1.0
case_0160,intersection_t0.60,0.0,0.0,0.0,1173,4560,0,0.0
case_0160,medformer_lcc_t0.65,0.0,0.0,0.0,1711,4560,0,0.0
case_0160,union_t0.65,0.177011494252704,0.1571428571425899,0.20263157894692405,5880,4560,924,1.0
case_0160,intersection_t0.65,0.0,0.0,0.0,1133,4560,0,0.0
case_0160,medformer_lcc_t0.70,0.0,0.0,0.0,1574,4560,0,0.0
case_0160,union_t0.70,0.1781376518216906,0.15892672858589796,0.20263157894692405,5814,4560,924,1.0
case_0160,intersection_t0.70,0.0,0.0,0.0,1062,4560,0,0.0
case_0160,medformer_lcc_t0.75,0.0,0.0,0.0,1446,4560,0,0.0
case_0160,union_t0.75,0.179226069246262,0.16066770996320523,0.20263157894692405,5751,4560,924,1.0
case_0160,intersection_t0.75,0.0,0.0,0.0,997,4560,0,0.0
case_0160,fusion_w0.40_t0.35,0.18208690511362488,0.16532474503459416,0.20263157894692405,5589,4560,924,1.0
case_0160,fusion_w0.40_t0.40,0.1873859257755147,0.17427385892083314,0.20263157894692405,5302,4560,924,1.0
case_0160,fusion_w0.40_t0.45,0.1873859257755147,0.17427385892083314,0.20263157894692405,5302,4560,924,1.0
case_0160,fusion_w0.40_t0.50,0.1873859257755147,0.17427385892083314,0.20263157894692405,5302,4560,924,1.0
case_0160,fusion_w0.40_t0.55,0.1873859257755147,0.17427385892083314,0.20263157894692405,5302,4560,924,1.0
case_0160,fusion_w0.40_t0.60,0.1873859257755147,0.17427385892083314,0.20263157894692405,5302,4560,924,1.0
case_0160,fusion_w0.40_t0.65,0.16742807754023037,0.1915795422430303,0.14868421052598974,3539,4560,678,1.0
case_0160,fusion_w0.50_t0.35,0.1781376518216906,0.15892672858589796,0.20263157894692405,5814,4560,924,1.0
case_0160,fusion_w0.50_t0.40,0.18039828192094845,0.1625615763543938,0.20263157894692405,5684,4560,924,1.0
case_0160,fusion_w0.50_t0.45,0.18284357376057894,0.16657652785259316,0.20263157894692405,5547,4560,924,1.0
case_0160,fusion_w0.50_t0.50,0.1873859257755147,0.17427385892083314,0.20263157894692405,5302,4560,924,1.0
case_0160,fusion_w0.50_t0.55,0.18059071729936033,0.20053547523373352,0.16425438596455208,3735,4560,749,1.0
case_0160,fusion_w0.50_t0.60,0.08768154921989285,0.11335187760739447,0.07149122807001866,2876,4560,326,1.0
case_0160,fusion_w0.50_t0.65,0.024527186761193073,0.03759057970997468,0.018201754385924997,2208,4560,83,1.0
case_0160,fusion_w0.60_t0.35,0.17543193468751145,0.15467023769642674,0.20263157894692405,5974,4560,924,1.0
case_0160,fusion_w0.60_t0.40,0.1773852946821104,0.15773301468050915,0.20263157894692405,5858,4560,924,1.0
case_0160,fusion_w0.60_t0.45,0.17694128254234537,0.1820078831435613,0.17214912280664002,4313,4560,785,1.0
case_0160,fusion_w0.60_t0.50,0.12154150197613446,0.13914027149281918,0.10789473684186865,3536,4560,492,1.0
case_0160,fusion_w0.60_t0.55,0.0487470902368222,0.06489245351780937,0.039035087719212644,2743,4560,178,1.0
case_0160,fusion_w0.60_t0.60,0.016485225505417596,0.02834224598915325,0.011622807017518371,1870,4560,53,1.0
case_0160,fusion_w0.60_t0.65,0.004865390853057306,0.009339975093341595,0.0032894736842033127,1606,4560,15,1.0
case_0160,fusion_w0.70_t0.35,0.17285282693119025,0.17013593882716624,0.1756578947364569,4708,4560,801,1.0
case_0160,fusion_w0.70_t0.40,0.1376912378301603,0.14601769911468532,0.13026315789445117,4068,4560,594,1.0
case_0160,fusion_w0.70_t0.45,0.07178968655198206,0.08472553699258734,0.062280701754249386,3352,4560,284,1.0
case_0160,fusion_w0.70_t0.50,0.030714868170656818,0.0403859899927077,0.02478070175433162,2798,4560,113,1.0
case_0160,fusion_w0.70_t0.55,0.012440758293820438,0.019160583941518428,0.009210526315769275,2192,4560,42,1.0
case_0160,fusion_w0.70_t0.60,0.003419866314311488,0.005872931126503615,0.002412280701749096,1873,4560,11,1.0
case_0160,fusion_w0.70_t0.65,0.0,0.0,0.0,1560,4560,0,0.0
case_0160,fusion_w0.80_t0.35,0.08927508629914381,0.09763082530565574,0.08223684210508282,3841,4560,375,1.0
case_0160,fusion_w0.80_t0.40,0.04540816326524821,0.05426829268276138,0.039035087719212644,3280,4560,178,1.0
case_0160,fusion_w0.80_t0.45,0.018615944961528914,0.024185068349021434,0.015131578947335238,2853,4560,69,1.0
case_0160,fusion_w0.80_t0.50,0.009931895573198167,0.014067524115699085,0.0076754385964743965,2488,4560,35,1.0
case_0160,fusion_w0.80_t0.55,0.003017046311656333,0.004833252779096988,0.0021929824561355417,2069,4560,10,1.0
case_0160,fusion_w0.80_t0.60,0.0,0.0,0.0,1798,4560,0,0.0
case_0160,fusion_w0.80_t0.65,0.0,0.0,0.0,1575,4560,0,0.0
case_0161,nnunet,0.0,0.0,0.0,0,6506,0,0.0
case_0161,medformer_lcc_t0.25,0.5865319210955334,0.7973579920718696,0.46387949584927163,3785,6506,3018,1.0
case_0161,union_t0.25,0.5865319210955334,0.7973579920718696,0.46387949584927163,3785,6506,3018,1.0
case_0161,intersection_t0.25,0.0,0.0,0.0,0,6506,0,0.0
case_0161,medformer_lcc_t0.30,0.5715426859704728,0.8156169848936574,0.43990162926461746,3509,6506,2862,1.0
case_0161,union_t0.30,0.5715426859704728,0.8156169848936574,0.43990162926461746,3509,6506,2862,1.0
case_0161,intersection_t0.30,0.0,0.0,0.0,0,6506,0,0.0
case_0161,medformer_lcc_t0.35,0.5523672883782,0.8287207872053237,0.41423301567719917,3252,6506,2695,1.0
case_0161,union_t0.35,0.5523672883782,0.8287207872053237,0.41423301567719917,3252,6506,2695,1.0
case_0161,intersection_t0.35,0.0,0.0,0.0,0,6506,0,0.0
case_0161,medformer_lcc_t0.40,0.5293001686335062,0.8420523138804761,0.3859514294491455,2982,6506,2511,1.0
case_0161,union_t0.40,0.5293001686335062,0.8420523138804761,0.3859514294491455,2982,6506,2511,1.0
case_0161,intersection_t0.40,0.0,0.0,0.0,0,6506,0,0.0
case_0161,medformer_lcc_t0.45,0.4995644599297696,0.8566094100042696,0.35259760221279957,2678,6506,2294,1.0
case_0161,union_t0.45,0.4995644599297696,0.8566094100042696,0.35259760221279957,2678,6506,2294,1.0
case_0161,intersection_t0.45,0.0,0.0,0.0,0,6506,0,0.0
case_0161,medformer_lcc_t0.50,0.46309403437763946,0.8605427974911878,0.3167845066087968,2395,6506,2061,1.0
case_0161,union_t0.50,0.46309403437763946,0.8605427974911878,0.3167845066087968,2395,6506,2061,1.0
case_0161,intersection_t0.50,0.0,0.0,0.0,0,6506,0,0.0
case_0161,medformer_lcc_t0.55,0.4248608534317893,0.8649669499487018,0.2815862280967083,2118,6506,1832,1.0
case_0161,union_t0.55,0.4248608534317893,0.8649669499487018,0.2815862280967083,2118,6506,1832,1.0
case_0161,intersection_t0.55,0.0,0.0,0.0,0,6506,0,0.0
case_0161,medformer_lcc_t0.60,0.3891273247491784,0.8671625929815773,0.2508453735009978,1882,6506,1632,1.0
case_0161,union_t0.60,0.3891273247491784,0.8671625929815773,0.2508453735009978,1882,6506,1632,1.0
case_0161,intersection_t0.60,0.0,0.0,0.0,0,6506,0,0.0
case_0161,medformer_lcc_t0.65,0.35509904622113586,0.8684210526263851,0.2231786043648583,1672,6506,1452,1.0
case_0161,union_t0.65,0.35509904622113586,0.8684210526263851,0.2231786043648583,1672,6506,1452,1.0
case_0161,intersection_t0.65,0.0,0.0,0.0,0,6506,0,0.0
case_0161,medformer_lcc_t0.70,0.32133450395043106,0.873210633940878,0.19689517368552584,1467,6506,1281,1.0
case_0161,union_t0.70,0.32133450395043106,0.873210633940878,0.19689517368552584,1467,6506,1281,1.0
case_0161,intersection_t0.70,0.0,0.0,0.0,0,6506,0,0.0
case_0161,medformer_lcc_t0.75,0.2877734877731174,0.8844936708790785,0.17184137719002177,1264,6506,1118,1.0
case_0161,union_t0.75,0.2877734877731174,0.8844936708790785,0.17184137719002177,1264,6506,1118,1.0
case_0161,intersection_t0.75,0.0,0.0,0.0,0,6506,0,0.0
case_0161,fusion_w0.40_t0.35,0.18952001100235247,0.9006535947594686,0.10590224408222272,765,6506,689,1.0
case_0161,fusion_w0.40_t0.40,0.0,0.0,0.0,0,6506,0,0.0
case_0161,fusion_w0.40_t0.45,0.0,0.0,0.0,0,6506,0,0.0
case_0161,fusion_w0.40_t0.50,0.0,0.0,0.0,0,6506,0,0.0
case_0161,fusion_w0.40_t0.55,0.0,0.0,0.0,0,6506,0,0.0
case_0161,fusion_w0.40_t0.60,0.0,0.0,0.0,0,6506,0,0.0
case_0161,fusion_w0.40_t0.65,0.0,0.0,0.0,0,6506,0,0.0
case_0161,fusion_w0.50_t0.35,0.32133450395043106,0.873210633940878,0.19689517368552584,1467,6506,1281,1.0
case_0161,fusion_w0.50_t0.40,0.250594137839648,0.8885767790178973,0.14586535505664638,1068,6506,949,1.0
case_0161,fusion_w0.50_t0.45,0.16610831937441917,0.9042553191351936,0.09145404242223877,658,6506,595,1.0
case_0161,fusion_w0.50_t0.50,0.0,0.0,0.0,0,6506,0,0.0
case_0161,fusion_w0.50_t0.55,0.0,0.0,0.0,0,6506,0,0.0
case_0161,fusion_w0.50_t0.60,0.0,0.0,0.0,0,6506,0,0.0
case_0161,fusion_w0.50_t0.65,0.0,0.0,0.0,0,6506,0,0.0
case_0161,fusion_w0.60_t0.35,0.4006145119352391,0.8665644171734839,0.2605287426986466,1956,6506,1695,1.0
case_0161,fusion_w0.60_t0.40,0.3451251078511708,0.8711885500879205,0.2151859821699736,1607,6506,1400,1.0
case_0161,fusion_w0.60_t0.45,0.2877734877731174,0.8844936708790785,0.17184137719002177,1264,6506,1118,1.0
case_0161,fusion_w0.60_t0.50,0.2257457672665604,0.8974358974263095,0.12911158930198416,936,6506,840,1.0
case_0161,fusion_w0.60_t0.55,0.148984198645388,0.9072164948297728,0.08115585613267576,582,6506,528,1.0
case_0161,fusion_w0.60_t0.60,0.0,0.0,0.0,0,6506,0,0.0
case_0161,fusion_w0.60_t0.65,0.0,0.0,0.0,0,6506,0,0.0
case_0161,fusion_w0.70_t0.35,0.46309403437763946,0.8605427974911878,0.3167845066087968,2395,6506,2061,1.0
case_0161,fusion_w0.70_t0.40,0.41013608634395804,0.8662041625328731,0.2686750691665099,2018,6506,1748,1.0
case_0161,fusion_w0.70_t0.45,0.35926829268248867,0.8695395513526002,0.22640639409740793,1694,6506,1473,1.0
case_0161,fusion_w0.70_t0.50,0.3112515802777355,0.876780626774382,0.1892099600365982,1404,6506,1231,1.0
case_0161,fusion_w0.70_t0.55,0.26163324157784557,0.8886910062253902,0.15339686443259545,1123,6506,998,1.0
case_0161,fusion_w0.70_t0.60,0.20422055820258106,0.8939213349118722,0.11527820473391442,839,6506,750,1.0
case_0161,fusion_w0.70_t0.65,0.13886128070404818,0.9106145251227074,0.0751613894865122,537,6506,489,1.0
case_0161,fusion_w0.80_t0.35,0.5071274298050679,0.852578068261247,0.3608976329536414,2754,6506,2348,1.0
case_0161,fusion_w0.80_t0.40,0.46309403437763946,0.8605427974911878,0.3167845066087968,2395,6506,2061,1.0
case_0161,fusion_w0.80_t0.45,0.41698751604198225,0.8653753026592477,0.27466953581267345,2065,6506,1787,1.0
case_0161,fusion_w0.80_t0.50,0.3712560386468946,0.866403607661407,0.2362434675680353,1774,6506,1537,1.0
case_0161,fusion_w0.80_t0.55,0.32859636000956294,0.8693931398359539,0.2025822317857323,1516,6506,1318,1.0
case_0161,fusion_w0.80_t0.60,0.2877734877731174,0.8844936708790785,0.17184137719002177,1264,6506,1118,1.0
case_0161,fusion_w0.80_t0.65,0.24212624584685433,0.894013738950991,0.14002459268346137,1019,6506,911,1.0
case_0179,nnunet,0.6392475101426793,0.9768883878186196,0.4750548245601013,1774,3648,1733,1.0
case_0179,medformer_lcc_t0.25,0.8494091783445323,0.8515151515128058,0.8473135964889054,3630,3648,3091,1.0
case_0179,union_t0.25,0.8615926327182265,0.8514453961433313,0.8719846491204167,3736,3648,3181,1.0
case_0179,intersection_t0.25,0.6181339352885288,0.9850119904017686,0.45038377192858997,1668,3648,1643,1.0
case_0179,medformer_lcc_t0.30,0.8488078541362569,0.869040781157757,0.8294956140328139,3482,3648,3026,1.0
case_0179,union_t0.30,0.8626639061409763,0.8687795385018939,0.8566337719274764,3597,3648,3125,1.0
case_0179,intersection_t0.30,0.6157904654218659,0.984930681127276,0.44791666666543883,1659,3648,1634,1.0
case_0179,medformer_lcc_t0.35,0.8432075742349114,0.8844417694827432,0.805646929822353,3323,3648,2939,1.0
case_0179,union_t0.35,0.8602392681198308,0.8840034712152618,0.8377192982433177,3457,3648,3056,1.0
case_0179,intersection_t0.35,0.6111951588490712,0.9853658536525283,0.44298245613913656,1640,3648,1616,1.0
case_0179,medformer_lcc_t0.40,0.842474769634573,0.9031044214458981,0.7894736842083622,3189,3648,2880,1.0
case_0179,union_t0.40,0.8613180515746973,0.9021608643430308,0.8240131578924781,3332,3648,3006,1.0
case_0179,intersection_t0.40,0.6088274294362401,0.9852851011588886,0.4405153508759854,1631,3648,1607,1.0
case_0179,medformer_lcc_t0.45,0.8372162485053207,0.9196194225691614,0.7683662280680692,3048,3648,2803,1.0
case_0179,union_t0.45,0.8610949330214602,0.9183229813636077,0.8105811403486552,3220,3648,2957,1.0
case_0179,intersection_t0.45,0.6015238095226638,0.9856429463109511,0.43283991227951524,1602,3648,1579,1.0
case_0179,medformer_lcc_t0.50,0.8149411035325249,0.9375891583418774,0.7206688596471473,2804,3648,2629,1.0
case_0179,union_t0.50,0.858161295112345,0.9364667747133341,0.7919407894715134,3085,3648,2889,1.0
case_0179,intersection_t0.50,0.5730402645388581,0.986604152706051,0.40378289473573525,1493,3648,1473,1.0
case_0179,medformer_lcc_t0.55,0.7952881247997529,0.9483675018946531,0.6847587719279475,2634,3648,2498,1.0
case_0179,union_t0.55,0.8545208364662938,0.9469823274393232,0.7785087719276905,2999,3648,2840,1.0
case_0179,intersection_t0.55,0.5501285347032824,0.9872249822499133,0.3813048245603583,1409,3648,1391,1.0
case_0179,medformer_lcc_t0.60,0.7854486661264585,0.9574300354711966,0.6658442982437888,2537,3648,2429,1.0
case_0179,union_t0.60,0.84791222188228,0.9547014413145001,0.7626096491207166,2914,3648,2782,1.0
case_0179,intersection_t0.60,0.5470763131802833,0.9878310665641531,0.37828947368317356,1397,3648,1380,1.0
case_0179,medformer_lcc_t0.65,0.7710803689051859,0.9657590759036067,0.6417214912263111,2424,3648,2341,1.0
case_0179,union_t0.65,0.8385899814458277,0.9617021276561643,0.7434210526295411,2820,3648,2712,1.0
case_0179,intersection_t0.65,0.5419816951839594,0.9883889695138725,0.3733552631568713,1378,3648,1362,1.0
case_0179,medformer_lcc_t0.70,0.7464147123321302,0.9706011408469917,0.6063596491211448,2279,3648,2212,1.0
case_0179,union_t0.70,0.8242690977667019,0.9661016949116946,0.7187499999980298,2714,3648,2622,1.0
case_0179,intersection_t0.70,0.5305795067164015,0.9880507841599101,0.3626644736832164,1339,3648,1323,1.0
case_0179,medformer_lcc_t0.75,0.7238883143731061,0.9749303621124655,0.5756578947352641,2154,3648,2100,1.0
case_0179,union_t0.75,0.8144379074561704,0.969708443767627,0.7020285087700054,2641,3648,2561,1.0
case_0179,intersection_t0.75,0.5155015197557943,0.988344988337309,0.34868421052535997,1287,3648,1272,1.0
case_0179,fusion_w0.40_t0.35,0.7898005884262997,0.9781376518179024,0.6622807017525705,2470,3648,2416,1.0
case_0179,fusion_w0.40_t0.40,0.6392475101426793,0.9768883878186196,0.4750548245601013,1774,3648,1733,1.0
case_0179,fusion_w0.40_t0.45,0.6392475101426793,0.9768883878186196,0.4750548245601013,1774,3648,1733,1.0
case_0179,fusion_w0.40_t0.50,0.6392475101426793,0.9768883878186196,0.4750548245601013,1774,3648,1733,1.0
case_0179,fusion_w0.40_t0.55,0.6392475101426793,0.9768883878186196,0.4750548245601013,1774,3648,1733,1.0
case_0179,fusion_w0.40_t0.60,0.6392475101426793,0.9768883878186196,0.4750548245601013,1774,3648,1733,1.0
case_0179,fusion_w0.40_t0.65,0.6246257485018252,0.9840801886734429,0.45751096491102655,1696,3648,1669,1.0
case_0179,fusion_w0.50_t0.35,0.8242690977667019,0.9661016949116946,0.7187499999980298,2714,3648,2622,1.0
case_0179,fusion_w0.50_t0.40,0.805783132528826,0.9732246798565262,0.6874999999981154,2577,3648,2508,1.0
case_0179,fusion_w0.50_t0.45,0.7841525563031659,0.9794661190924868,0.6537828947350499,2435,3648,2385,1.0
case_0179,fusion_w0.50_t0.50,0.6392475101426793,0.9768883878186196,0.4750548245601013,1774,3648,1733,1.0
case_0179,fusion_w0.50_t0.55,0.6268210683589338,0.983587338798455,0.4599780701741777,1706,3648,1678,1.0
case_0179,fusion_w0.50_t0.60,0.620728501688658,0.985101311078754,0.4531249999987579,1678,3648,1653,1.0
case_0179,fusion_w0.50_t0.65,0.6157904654218659,0.984930681127276,0.44791666666543883,1659,3648,1634,1.0
case_0179,fusion_w0.60_t0.35,0.8513349514550193,0.9531249999967625,0.7691885964891195,2944,3648,2806,1.0
case_0179,fusion_w0.60_t0.40,0.8338518979451869,0.9640287769749496,0.7346491228050037,2780,3648,2680,1.0
case_0179,fusion_w0.60_t0.45,0.806617410856398,0.9740108611288828,0.6883223684191658,2578,3648,2511,1.0
case_0179,fusion_w0.60_t0.50,0.7861955628581986,0.9815346737752092,0.6557017543841676,2437,3648,2392,1.0
case_0179,fusion_w0.60_t0.55,0.7641921397367077,0.9865568083218277,0.6236293859632028,2306,3648,2275,1.0
case_0179,fusion_w0.60_t0.60,0.6123913864740983,0.9848116646355722,0.44435307017422054,1646,3648,1621,1.0
case_0179,fusion_w0.60_t0.65,0.6067159931690254,0.9852125693100111,0.4383223684198511,1623,3648,1599,1.0
case_0179,fusion_w0.70_t0.35,0.8521791223590652,0.9392538791649414,0.7798793859627745,3029,3648,2845,1.0
case_0179,fusion_w0.70_t0.40,0.8422664624795677,0.9541984732791319,0.7538377192961792,2882,3648,2750,1.0
case_0179,fusion_w0.70_t0.45,0.8282448723957597,0.9656809054364159,0.725054824559416,2739,3648,2645,1.0
case_0179,fusion_w0.70_t0.50,0.8059078503759738,0.9724912824448955,0.6880482456121491,2581,3648,2510,1.0
case_0179,fusion_w0.70_t0.55,0.78736290718483,0.9772450223446679,0.6592653508753858,2461,3648,2405,1.0
case_0179,fusion_w0.70_t0.60,0.7671736586983667,0.9828693790107801,0.6291118421035387,2335,3648,2295,1.0
case_0179,fusion_w0.70_t0.65,0.7242097950664741,0.9881516587630894,0.5715460526300122,2110,3648,2085,1.0
case_0179,fusion_w0.80_t0.35,0.8499117127709683,0.9174078780148749,0.7916666666644966,3148,3648,2888,1.0
case_0179,fusion_w0.80_t0.40,0.8447261204152033,0.9395770392717705,0.767269736840002,2979,3648,2799,1.0
case_0179,fusion_w0.80_t0.45,0.8372521899479987,0.9527806925465101,0.7467105263137426,2859,3648,2724,1.0
case_0179,fusion_w0.80_t0.50,0.8235294117634141,0.9625962596224328,0.7195723684190801,2727,3648,2625,1.0
case_0179,fusion_w0.80_t0.55,0.8021218453611926,0.9696851923786644,0.6839364035068971,2573,3648,2495,1.0
case_0179,fusion_w0.80_t0.60,0.7659786950719608,0.9749999999958687,0.6307565789456394,2360,3648,2301,1.0
case_0179,fusion_w0.80_t0.65,0.7352185089961693,0.9807956104207555,0.5879934210510198,2187,3648,2145,1.0
case_0194,nnunet,0.13495038588724378,0.7630922693076535,0.07402031930315912,401,4134,306,1.0
case_0194,medformer_lcc_t0.25,0.15585384041730826,0.33983739837122084,0.10111272375398861,1230,4134,418,1.0
case_0194,union_t0.25,0.2180263626643783,0.4135135135107195,0.14804063860631825,1480,4134,612,1.0
case_0194,intersection_t0.25,0.051672433679234894,0.5572139303205366,0.027092404450829482,201,4134,112,1.0
case_0194,medformer_lcc_t0.30,0.13302397525109624,0.33140655105653755,0.08321238509897627,1038,4134,344,1.0
case_0194,union_t0.30,0.20279206465796695,0.42137404579831017,0.13352685050765958,1310,4134,552,1.0
case_0194,intersection_t0.30,0.0,0.0,0.0,187,4134,0,0.0
case_0194,medformer_lcc_t0.35,0.10837832433491626,0.3125720876549876,0.06555394291227491,867,4134,271,1.0
case_0194,union_t0.35,0.18621340887594673,0.4246339362581858,0.11925495887731191,1161,4134,493,1.0
case_0194,intersection_t0.35,0.0,0.0,0.0,181,4134,0,0.0
case_0194,medformer_lcc_t0.40,0.08328179756734018,0.28172942816901353,0.04886308659881746,717,4134,202,1.0
case_0194,union_t0.40,0.16953079745091806,0.4200956937758843,0.10619254958851913,1045,4134,439,1.0
case_0194,intersection_t0.40,0.0,0.0,0.0,170,4134,0,0.0
case_0194,medformer_lcc_t0.45,0.06289842753917786,0.2587412587367353,0.035800677310024676,572,4134,148,1.0
case_0194,union_t0.45,0.15652173913012546,0.4276457883323148,0.09579100145114709,926,4134,396,1.0
case_0194,intersection_t0.45,0.0,0.0,0.0,158,4134,0,0.0
case_0194,medformer_lcc_t0.50,0.048292364585494255,0.23974082072916325,0.026850507982518503,463,4134,111,1.0
case_0194,union_t0.50,0.1493675968677989,0.4391971664647084,0.08998548621168363,847,4134,372,1.0
case_0194,intersection_t0.50,0.0,0.0,0.0,148,4134,0,0.0
case_0194,medformer_lcc_t0.55,0.03250222617980298,0.20391061451944384,0.01765844218670136,358,4134,73,1.0
case_0194,union_t0.55,0.14087947882707477,0.4447300771151063,0.08369617803559821,778,4134,346,1.0
case_0194,intersection_t0.55,0.0,0.0,0.0,139,4134,0,0.0
case_0194,medformer_lcc_t0.60,0.023598820058943502,0.19047619046921332,0.012578616352170831,273,4134,52,1.0
case_0194,union_t0.60,0.1376900945332148,0.45765027321779167,0.08103531688417746,732,4134,335,1.0
case_0194,intersection_t0.60,0.0,0.0,0.0,120,4134,0,0.0
case_0194,medformer_lcc_t0.65,0.0,0.0,0.0,130,4134,0,0.0
case_0194,union_t0.65,0.13495038588724378,0.7630922693076535,0.07402031930315912,401,4134,306,1.0
case_0194,intersection_t0.65,0.0,0.0,0.0,111,4134,0,0.0
case_0194,medformer_lcc_t0.70,0.0,0.0,0.0,94,4134,0,0.0
case_0194,union_t0.70,0.13495038588724378,0.7630922693076535,0.07402031930315912,401,4134,306,1.0
case_0194,intersection_t0.70,0.0,0.0,0.0,84,4134,0,0.0
case_0194,medformer_lcc_t0.75,0.0,0.0,0.0,62,4134,0,0.0
case_0194,union_t0.75,0.13495038588724378,0.7630922693076535,0.07402031930315912,401,4134,306,1.0
case_0194,intersection_t0.75,0.0,0.0,0.0,55,4134,0,0.0
case_0194,fusion_w0.40_t0.35,0.13495038588724378,0.7630922693076535,0.07402031930315912,401,4134,306,1.0
case_0194,fusion_w0.40_t0.40,0.13495038588724378,0.7630922693076535,0.07402031930315912,401,4134,306,1.0
case_0194,fusion_w0.40_t0.45,0.13495038588724378,0.7630922693076535,0.07402031930315912,401,4134,306,1.0
case_0194,fusion_w0.40_t0.50,0.13495038588724378,0.7630922693076535,0.07402031930315912,401,4134,306,1.0
case_0194,fusion_w0.40_t0.55,0.13495038588724378,0.7630922693076535,0.07402031930315912,401,4134,306,1.0
case_0194,fusion_w0.40_t0.60,0.13495038588724378,0.7630922693076535,0.07402031930315912,401,4134,306,1.0
case_0194,fusion_w0.40_t0.65,0.07077625570760097,0.630081300787395,0.03749395258820151,246,4134,155,1.0
case_0194,fusion_w0.50_t0.35,0.13896218117823447,0.7632850241361525,0.0764392839862689,414,4134,316,1.0
case_0194,fusion_w0.50_t0.40,0.13495038588724378,0.7630922693076535,0.07402031930315912,401,4134,306,1.0
case_0194,fusion_w0.50_t0.45,0.13495038588724378,0.7630922693076535,0.07402031930315912,401,4134,306,1.0
case_0194,fusion_w0.50_t0.50,0.13495038588724378,0.7630922693076535,0.07402031930315912,401,4134,306,1.0
case_0194,fusion_w0.50_t0.55,0.07604735883407093,0.6472868216803377,0.04039671020793324,258,4134,167,1.0
case_0194,fusion_w0.50_t0.60,0.05836397058810119,0.5825688073127262,0.030720851475494144,218,4134,127,1.0
case_0194,fusion_w0.50_t0.65,0.0,0.0,0.0,187,4134,0,0.0
case_0194,fusion_w0.60_t0.35,0.13925865246746005,0.4539385847736457,0.08224479922573236,749,4134,340,1.0
case_0194,fusion_w0.60_t0.40,0.1401273885347241,0.7613365154949562,0.07716497339120183,419,4134,319,1.0
case_0194,fusion_w0.60_t0.45,0.08125283704021505,0.6580882352699232,0.04329946782766497,272,4134,179,1.0
case_0194,fusion_w0.60_t0.50,0.06325922530354514,0.6026200873099292,0.033381712626914896,229,4134,138,1.0
case_0194,fusion_w0.60_t0.55,0.051672433679234894,0.5572139303205366,0.027092404450829482,201,4134,112,1.0
case_0194,fusion_w0.60_t0.60,0.0,0.0,0.0,181,4134,0,0.0
case_0194,fusion_w0.60_t0.65,0.0,0.0,0.0,166,4134,0,0.0
case_0194,fusion_w0.70_t0.35,0.10304158907489543,0.35622317596056907,0.0602322206094334,699,4134,249,1.0
case_0194,fusion_w0.70_t0.40,0.07831453500728174,0.32566371680839534,0.044508950169219866,565,4134,184,1.0
case_0194,fusion_w0.70_t0.45,0.06404391582784985,0.5882352940929313,0.03386550556353685,238,4134,140,1.0
case_0194,fusion_w0.70_t0.50,0.049849988460535774,0.5427135678119239,0.02612481857758557,199,4134,108,1.0
case_0194,fusion_w0.70_t0.55,0.0,0.0,0.0,184,4134,0,0.0
case_0194,fusion_w0.70_t0.60,0.0,0.0,0.0,163,4134,0,0.0
case_0194,fusion_w0.70_t0.65,0.0,0.0,0.0,148,4134,0,0.0
case_0194,fusion_w0.80_t0.35,0.09416118421033273,0.31369863013268906,0.05539429124321385,730,4134,229,1.0
case_0194,fusion_w0.80_t0.40,0.07524836186836768,0.2981574539313541,0.043057571359354,597,4134,178,1.0
case_0194,fusion_w0.80_t0.45,0.057068741893521256,0.26829268292137615,0.03193033381704903,492,4134,132,1.0
case_0194,fusion_w0.80_t0.50,0.044963632356083395,0.2531017369664243,0.024673439767719706,403,4134,102,1.0
case_0194,fusion_w0.80_t0.55,0.0,0.0,0.0,173,4134,0,0.0
case_0194,fusion_w0.80_t0.60,0.0,0.0,0.0,155,4134,0,0.0
case_0194,fusion_w0.80_t0.65,0.0,0.0,0.0,135,4134,0,0.0
case_0199,nnunet,0.07621247113119971,0.999999999848485,0.03961584633829763,66,1666,66,1.0
case_0199,medformer_lcc_t0.25,0.6227361989949318,0.4892012341429921,0.8565426170416774,2917,1666,1427,1.0
case_0199,union_t0.25,0.6227361989949318,0.4892012341429921,0.8565426170416774,2917,1666,1427,1.0
case_0199,intersection_t0.25,0.07621247113119971,0.999999999848485,0.03961584633829763,66,1666,66,1.0
case_0199,medformer_lcc_t0.30,0.6323895809725201,0.5078210258257264,0.8379351740645983,2749,1666,1396,1.0
case_0199,union_t0.30,0.6323895809725201,0.5078210258257264,0.8379351740645983,2749,1666,1396,1.0
case_0199,intersection_t0.30,0.07621247113119971,0.999999999848485,0.03961584633829763,66,1666,66,1.0
case_0199,medformer_lcc_t0.35,0.6385087305317638,0.5260497667164618,0.8121248499351014,2572,1666,1353,1.0
case_0199,union_t0.35,0.6385087305317638,0.5260497667164618,0.8121248499351014,2572,1666,1353,1.0
case_0199,intersection_t0.35,0.07621247113119971,0.999999999848485,0.03961584633829763,66,1666,66,1.0
case_0199,medformer_lcc_t0.40,0.6401972872980514,0.5433235663434771,0.7791116446531866,2389,1666,1298,1.0
case_0199,union_t0.40,0.6401972872980514,0.5433235663434771,0.7791116446531866,2389,1666,1298,1.0
case_0199,intersection_t0.40,0.07621247113119971,0.999999999848485,0.03961584633829763,66,1666,66,1.0
case_0199,medformer_lcc_t0.45,0.6510188289898091,0.5707824513768848,0.7575030011959334,2211,1666,1262,1.0
case_0199,union_t0.45,0.6510188289898091,0.5707824513768848,0.7575030011959334,2211,1666,1262,1.0
case_0199,intersection_t0.45,0.07621247113119971,0.999999999848485,0.03961584633829763,66,1666,66,1.0
case_0199,medformer_lcc_t0.50,0.6556503198276769,0.5896452540719577,0.7382953181228195,2086,1666,1230,1.0
case_0199,union_t0.50,0.6556503198276769,0.5896452540719577,0.7382953181228195,2086,1666,1230,1.0
case_0199,intersection_t0.50,0.07621247113119971,0.999999999848485,0.03961584633829763,66,1666,66,1.0
case_0199,medformer_lcc_t0.55,0.658758620687838,0.6094946401194002,0.7166866746655661,1959,1666,1194,1.0
case_0199,union_t0.55,0.658758620687838,0.6094946401194002,0.7166866746655661,1959,1666,1194,1.0
case_0199,intersection_t0.55,0.07621247113119971,0.999999999848485,0.03961584633829763,66,1666,66,1.0
case_0199,medformer_lcc_t0.60,0.6560636182883952,0.6226415094306057,0.6932773109202085,1855,1666,1155,1.0
case_0199,union_t0.60,0.6560636182883952,0.6226415094306057,0.6932773109202085,1855,1666,1155,1.0
case_0199,intersection_t0.60,0.07621247113119971,0.999999999848485,0.03961584633829763,66,1666,66,1.0
case_0199,medformer_lcc_t0.65,0.6514115898940522,0.6450853443163915,0.6578631452541546,1699,1666,1096,1.0
case_0199,union_t0.65,0.6514115898940522,0.6450853443163915,0.6578631452541546,1699,1666,1096,1.0
case_0199,intersection_t0.65,0.07621247113119971,0.999999999848485,0.03961584633829763,66,1666,66,1.0
case_0199,medformer_lcc_t0.70,0.6395458845769804,0.6737541528194435,0.6086434573792999,1505,1666,1014,1.0
case_0199,union_t0.70,0.6395458845769804,0.6737541528194435,0.6086434573792999,1505,1666,1014,1.0
case_0199,intersection_t0.70,0.07621247113119971,0.999999999848485,0.03961584633829763,66,1666,66,1.0
case_0199,medformer_lcc_t0.75,0.6184818481827773,0.6869501466225297,0.5624249699846193,1364,1666,937,1.0
case_0199,union_t0.75,0.6184818481827773,0.6869501466225297,0.5624249699846193,1364,1666,937,1.0
case_0199,intersection_t0.75,0.07621247113119971,0.999999999848485,0.03961584633829763,66,1666,66,1.0
case_0199,fusion_w0.40_t0.35,0.5661337209281754,0.7173112338792145,0.46758703481111896,1086,1666,779,1.0
case_0199,fusion_w0.40_t0.40,0.07621247113119971,0.999999999848485,0.03961584633829763,66,1666,66,1.0
case_0199,fusion_w0.40_t0.45,0.07621247113119971,0.999999999848485,0.03961584633829763,66,1666,66,1.0
case_0199,fusion_w0.40_t0.50,0.07621247113119971,0.999999999848485,0.03961584633829763,66,1666,66,1.0
case_0199,fusion_w0.40_t0.55,0.07621247113119971,0.999999999848485,0.03961584633829763,66,1666,66,1.0
case_0199,fusion_w0.40_t0.60,0.07621247113119971,0.999999999848485,0.03961584633829763,66,1666,66,1.0
case_0199,fusion_w0.40_t0.65,0.07621247113119971,0.999999999848485,0.03961584633829763,66,1666,66,1.0
case_0199,fusion_w0.50_t0.35,0.6395458845769804,0.6737541528194435,0.6086434573792999,1505,1666,1014,1.0
case_0199,fusion_w0.50_t0.40,0.5951152390760402,0.6970185334351571,0.5192076830701128,1241,1666,865,1.0
case_0199,fusion_w0.50_t0.45,0.5522609340231569,0.7218992247992064,0.44717887154593533,1032,1666,745,1.0
case_0199,fusion_w0.50_t0.50,0.07621247113119971,0.999999999848485,0.03961584633829763,66,1666,66,1.0
case_0199,fusion_w0.50_t0.55,0.07621247113119971,0.999999999848485,0.03961584633829763,66,1666,66,1.0
case_0199,fusion_w0.50_t0.60,0.07621247113119971,0.999999999848485,0.03961584633829763,66,1666,66,1.0
case_0199,fusion_w0.50_t0.65,0.07621247113119971,0.999999999848485,0.03961584633829763,66,1666,66,1.0
case_0199,fusion_w0.60_t0.35,0.6572875633070983,0.6186440677933335,0.701080432168661,1888,1666,1168,1.0
case_0199,fusion_w0.60_t0.40,0.648599269181947,0.6582200247178108,0.6392557022770753,1618,1666,1065,1.0
case_0199,fusion_w0.60_t0.45,0.6184818481827773,0.6869501466225297,0.5624249699846193,1364,1666,937,1.0
case_0199,fusion_w0.60_t0.50,0.5871172122471414,0.7097872340365126,0.5006002400930336,1175,1666,834,1.0
case_0199,fusion_w0.60_t0.55,0.5417607223455916,0.7258064516055867,0.43217286914506503,992,1666,720,1.0
case_0199,fusion_w0.60_t0.60,0.07621247113119971,0.999999999848485,0.03961584633829763,66,1666,66,1.0
case_0199,fusion_w0.60_t0.65,0.07621247113119971,0.999999999848485,0.03961584633829763,66,1666,66,1.0
case_0199,fusion_w0.70_t0.35,0.6556503198276769,0.5896452540719577,0.7382953181228195,2086,1666,1230,1.0
case_0199,fusion_w0.70_t0.40,0.6569751188128125,0.614861329143826,0.7052821128409047,1911,1666,1175,1.0
case_0199,fusion_w0.70_t0.45,0.6540731995258144,0.6434378629463215,0.6650660264065723,1722,1666,1108,1.0
case_0199,fusion_w0.70_t0.50,0.6338343460165212,0.6783025325073354,0.5948379351704992,1461,1666,991,1.0
case_0199,fusion_w0.70_t0.55,0.59870439822503,0.6929755327490689,0.5270108043185654,1267,1666,878,1.0
case_0199,fusion_w0.70_t0.60,0.5783822476715161,0.7163120567312384,0.48499399759612855,1128,1666,808,1.0
case_0199,fusion_w0.70_t0.65,0.5376999238364901,0.7354166666590061,0.42376950780057765,960,1666,706,1.0
case_0199,fusion_w0.80_t0.35,0.6488413547220554,0.5634674922575699,0.7647058823483511,2261,1666,1274,1.0
case_0199,fusion_w0.80_t0.40,0.6556503198276769,0.5896452540719577,0.7382953181228195,2086,1666,1230,1.0
case_0199,fusion_w0.80_t0.45,0.65831942125582,0.6135892116150747,0.7100840336091833,1928,1666,1183,1.0
case_0199,fusion_w0.80_t0.50,0.6554621848720502,0.6336134453746016,0.6788715486153729,1785,1666,1131,1.0
case_0199,fusion_w0.80_t0.55,0.6437499999979883,0.6714471968665486,0.618247298915857,1534,1666,1030,1.0
case_0199,fusion_w0.80_t0.60,0.6184818481827773,0.6869501466225297,0.5624249699846193,1364,1666,937,1.0
case_0199,fusion_w0.80_t0.65,0.5904828065279942,0.7007419620717169,0.5102040816295906,1213,1666,850,1.0
case_0213,nnunet,0.03946764570898047,0.18507890960997017,0.022089041095852587,697,5840,129,1.0
case_0213,medformer_lcc_t0.25,0.3693464135556317,0.2940758774596327,0.4964041095881911,9858,5840,2899,1.0
case_0213,union_t0.25,0.3673725097103324,0.28966607389815285,0.5020547945196883,10122,5840,2932,1.0
case_0213,intersection_t0.25,0.03060736489712959,0.22170900692328616,0.016438356164355412,433,5840,96,1.0
case_0213,medformer_lcc_t0.30,0.3577192038728095,0.29450841452580323,0.4554794520540146,9032,5840,2660,1.0
case_0213,union_t0.30,0.3564421620907522,0.28954968445792106,0.4635273972594803,9349,5840,2707,1.0
case_0213,intersection_t0.30,0.026366559485488158,0.21578947367853185,0.014041095890386917,380,5840,82,1.0
case_0213,medformer_lcc_t0.35,0.3453349366907085,0.2942027238757452,0.4179794520540788,8297,5840,2441,1.0
case_0213,union_t0.35,0.34441379310321074,0.28833718244770395,0.4275684931499528,8660,5840,2497,1.0
case_0213,intersection_t0.35,0.023647554259760856,0.21856287424495321,0.012499999999978596,334,5840,73,1.0
case_0213,medformer_lcc_t0.40,0.3311572700294279,0.29214659685825634,0.38219178082126337,7640,5840,2232,1.0
case_0213,union_t0.40,0.3305475504320385,0.2853233830842222,0.3928082191774096,8040,5840,2294,1.0
case_0213,intersection_t0.40,0.021834772690203952,0.22558922558163,0.011472602739706383,297,5840,67,1.0
case_0213,medformer_lcc_t0.45,0.3194379391098209,0.2935437589665803,0.35034246575282474,6970,5840,2046,1.0
case_0213,union_t0.45,0.31960784313701385,0.28557951482441296,0.3628424657528034,7420,5840,2119,1.0
case_0213,intersection_t0.45,0.01839986857233711,0.22672064776410036,0.009589041095873992,247,5840,56,1.0
case_0213,medformer_lcc_t0.50,0.30685653140150887,0.2954509430966945,0.3191780821912343,6309,5840,1864,1.0
case_0213,union_t0.50,0.3070467141723618,0.2855670103088578,0.332020547944637,6790,5840,1939,1.0
case_0213,intersection_t0.50,0.017833553500631056,0.24999999998842592,0.00924657534244992,216,5840,54,1.0
case_0213,medformer_lcc_t0.55,0.29131604060007693,0.29523474591120935,0.2874999999995077,5687,5840,1679,1.0
case_0213,union_t0.55,0.29170131381981396,0.2835434852889047,0.3003424657529104,6186,5840,1754,1.0
case_0213,intersection_t0.55,0.017886717456081672,0.2727272727134986,0.00924657534244992,198,5840,54,1.0
case_0213,medformer_lcc_t0.60,0.2735528850561659,0.2946058091280486,0.255308219177645,5061,5840,1491,1.0
case_0213,union_t0.60,0.27461639631716384,0.2814016172501682,0.2681506849310477,5565,5840,1566,1.0
case_0213,intersection_t0.60,0.017901541521601356,0.2797927460994926,0.00924657534244992,193,5840,54,1.0
case_0213,medformer_lcc_t0.65,0.25475470593947647,0.2959438024013235,0.22363013698591844,4413,5840,1306,1.0
case_0213,union_t0.65,0.2563816949779482,0.27995134806349087,0.2364726027393211,4933,5840,1381,1.0
case_0213,intersection_t0.65,0.01794914409171024,0.30508474574547545,0.00924657534244992,177,5840,54,1.0
case_0213,medformer_lcc_t0.70,0.23628160738617532,0.3050663776746002,0.19280821917775204,3691,5840,1126,1.0
case_0213,union_t0.70,0.23842110482967527,0.28329012491095146,0.20582191780786674,4243,5840,1202,1.0
case_0213,intersection_t0.70,0.01771094402670391,0.36551724135410224,0.009075342465737884,145,5840,53,1.0
case_0213,medformer_lcc_t0.75,0.20735242954864042,0.3212360761756334,0.1530821917805598,2783,5840,894,1.0
case_0213,union_t0.75,0.21320897950307643,0.29074238390922585,0.16832191780793096,3381,5840,983,1.0
case_0213,intersection_t0.75,0.013470281192097205,0.4040404039995919,0.006849315068481423,99,5840,40,1.0
case_0213,fusion_w0.40_t0.35,0.15206781402497807,0.3042137718381079,0.10136986301352505,1946,5840,592,1.0
case_0213,fusion_w0.40_t0.40,0.03946764570898047,0.18507890960997017,0.022089041095852587,697,5840,129,1.0
case_0213,fusion_w0.40_t0.45,0.03946764570898047,0.18507890960997017,0.022089041095852587,697,5840,129,1.0
case_0213,fusion_w0.40_t0.50,0.03946764570898047,0.18507890960997017,0.022089041095852587,697,5840,129,1.0
case_0213,fusion_w0.40_t0.55,0.03946764570898047,0.18507890960997017,0.022089041095852587,697,5840,129,1.0
case_0213,fusion_w0.40_t0.60,0.03946764570898047,0.18507890960997017,0.022089041095852587,697,5840,129,1.0
case_0213,fusion_w0.40_t0.65,0.03750586029061181,0.21466905187451396,0.020547945205444267,559,5840,120,1.0
case_0213,fusion_w0.50_t0.35,0.23842110482967527,0.28329012491095146,0.20582191780786674,4243,5840,1202,1.0
case_0213,fusion_w0.50_t0.40,0.16623559840093316,0.2651912978234614,0.12106164383540914,2666,5840,707,1.0
case_0213,fusion_w0.50_t0.45,0.14542438484912162,0.37733142037032047,0.09006849315053071,1394,5840,526,1.0
case_0213,fusion_w0.50_t0.50,0.03946764570898047,0.18507890960997017,0.022089041095852587,697,5840,129,1.0
case_0213,fusion_w0.50_t0.55,0.03829985987850179,0.21097770154012044,0.021061643835580374,583,5840,123,1.0
case_0213,fusion_w0.50_t0.60,0.03352308665396344,0.21900826445828495,0.01815068493147577,484,5840,106,1.0
case_0213,fusion_w0.50_t0.65,0.026366559485488158,0.21578947367853185,0.014041095890386917,380,5840,82,1.0
case_0213,fusion_w0.60_t0.35,0.2805141033379793,0.2826351468793975,0.2784246575337698,5753,5840,1626,1.0
case_0213,fusion_w0.60_t0.40,0.24907521578274772,0.27918349989309127,0.2248287671229027,4703,5840,1313,1.0
case_0213,fusion_w0.60_t0.45,0.2146223829878169,0.29820286323393785,0.1676369863010828,3283,5840,979,1.0
case_0213,fusion_w0.60_t0.50,0.16120150187714494,0.29953488371953707,0.1102739726025509,2150,5840,644,1.0
case_0213,fusion_w0.60_t0.55,0.12381369542980901,0.42021803765688587,0.07260273972590307,1009,5840,424,1.0
case_0213,fusion_w0.60_t0.60,0.024256144889999585,0.21802325580761558,0.012842465753402667,344,5840,75,1.0
case_0213,fusion_w0.60_t0.65,0.020254818686670607,0.2198581560205724,0.010616438356146205,282,5840,62,1.0
case_0213,fusion_w0.70_t0.35,0.30874730882680107,0.28891210267081197,0.33150684931450086,6701,5840,1936,1.0
case_0213,fusion_w0.70_t0.40,0.28773259820788444,0.2895284327318143,0.2859589041090994,5768,5840,1670,1.0
case_0213,fusion_w0.70_t0.45,0.2592348904969835,0.28735153156847815,0.23613013698589705,4799,5840,1379,1.0
case_0213,fusion_w0.70_t0.50,0.2294703723122921,0.29607577807768315,0.1873287671229669,3695,5840,1094,1.0
case_0213,fusion_w0.70_t0.55,0.18312387791719553,0.3041749502970013,0.1309931506847072,2515,5840,765,1.0
case_0213,fusion_w0.70_t0.60,0.1462571466558353,0.32718619868930887,0.09417808219161956,1681,5840,550,1.0
case_0213,fusion_w0.70_t0.65,0.08779714738496387,0.58936170211512,0.04743150684923385,470,5840,277,1.0
case_0213,fusion_w0.80_t0.35,0.32334695112700607,0.2896448902137576,0.36592465753362,7378,5840,2137,1.0
case_0213,fusion_w0.80_t0.40,0.30826459647395416,0.29206251915370507,0.3263698630131398,6526,5840,1906,1.0
case_0213,fusion_w0.80_t0.45,0.2883632267565303,0.2918786177858413,0.2849315068488272,5701,5840,1664,1.0
case_0213,fusion_w0.80_t0.50,0.26643017176972883,0.29289819375966153,0.24434931506807475,4872,5840,1427,1.0
case_0213,fusion_w0.80_t0.55,0.2399349328993087,0.29529529529455634,0.20205479452020197,3996,5840,1180,1.0
case_0213,fusion_w0.80_t0.60,0.20778032036589497,0.3131034482747824,0.1554794520545283,2900,5840,908,1.0
case_0213,fusion_w0.80_t0.65,0.15573874445129265,0.3002444987760379,0.10513698630118984,2045,5840,614,1.0
case_0216,nnunet,0.34600852158505824,0.9759637188164356,0.21027946062125238,2205,10234,2152,1.0
case_0216,medformer_lcc_t0.25,0.0,0.0,0.0,7731,10234,0,0.0
case_0216,union_t0.25,0.0,0.0,0.0,7731,10234,0,0.0
case_0216,intersection_t0.25,0.0,0.0,0.0,0,10234,0,0.0
case_0216,medformer_lcc_t0.30,0.0,0.0,0.0,3748,10234,0,0.0
case_0216,union_t0.30,0.0,0.0,0.0,3748,10234,0,0.0
case_0216,intersection_t0.30,0.0,0.0,0.0,0,10234,0,0.0
case_0216,medformer_lcc_t0.35,0.0,0.0,0.0,3290,10234,0,0.0
case_0216,union_t0.35,0.0,0.0,0.0,3290,10234,0,0.0
case_0216,intersection_t0.35,0.0,0.0,0.0,0,10234,0,0.0
case_0216,medformer_lcc_t0.40,0.0,0.0,0.0,2832,10234,0,0.0
case_0216,union_t0.40,0.0,0.0,0.0,2832,10234,0,0.0
case_0216,intersection_t0.40,0.0,0.0,0.0,0,10234,0,0.0
case_0216,medformer_lcc_t0.45,0.0,0.0,0.0,2392,10234,0,0.0
case_0216,union_t0.45,0.0,0.0,0.0,2392,10234,0,0.0
case_0216,intersection_t0.45,0.0,0.0,0.0,0,10234,0,0.0
case_0216,medformer_lcc_t0.50,0.0,0.0,0.0,2020,10234,0,0.0
case_0216,union_t0.50,0.34600852158505824,0.9759637188164356,0.21027946062125238,2205,10234,2152,1.0
case_0216,intersection_t0.50,0.0,0.0,0.0,0,10234,0,0.0
case_0216,medformer_lcc_t0.55,0.0,0.0,0.0,1721,10234,0,0.0
case_0216,union_t0.55,0.34600852158505824,0.9759637188164356,0.21027946062125238,2205,10234,2152,1.0
case_0216,intersection_t0.55,0.0,0.0,0.0,0,10234,0,0.0
case_0216,medformer_lcc_t0.60,0.0,0.0,0.0,1447,10234,0,0.0
case_0216,union_t0.60,0.34600852158505824,0.9759637188164356,0.21027946062125238,2205,10234,2152,1.0
case_0216,intersection_t0.60,0.0,0.0,0.0,0,10234,0,0.0
case_0216,medformer_lcc_t0.65,0.0,0.0,0.0,1208,10234,0,0.0
case_0216,union_t0.65,0.34600852158505824,0.9759637188164356,0.21027946062125238,2205,10234,2152,1.0
case_0216,intersection_t0.65,0.0,0.0,0.0,0,10234,0,0.0
case_0216,medformer_lcc_t0.70,0.0,0.0,0.0,933,10234,0,0.0
case_0216,union_t0.70,0.34600852158505824,0.9759637188164356,0.21027946062125238,2205,10234,2152,1.0
case_0216,intersection_t0.70,0.0,0.0,0.0,0,10234,0,0.0
case_0216,medformer_lcc_t0.75,0.0,0.0,0.0,693,10234,0,0.0
case_0216,union_t0.75,0.34600852158505824,0.9759637188164356,0.21027946062125238,2205,10234,2152,1.0
case_0216,intersection_t0.75,0.0,0.0,0.0,0,10234,0,0.0
case_0216,fusion_w0.40_t0.35,0.34600852158505824,0.9759637188164356,0.21027946062125238,2205,10234,2152,1.0
case_0216,fusion_w0.40_t0.40,0.34600852158505824,0.9759637188164356,0.21027946062125238,2205,10234,2152,1.0
case_0216,fusion_w0.40_t0.45,0.34600852158505824,0.9759637188164356,0.21027946062125238,2205,10234,2152,1.0
case_0216,fusion_w0.40_t0.50,0.34600852158505824,0.9759637188164356,0.21027946062125238,2205,10234,2152,1.0
case_0216,fusion_w0.40_t0.55,0.34600852158505824,0.9759637188164356,0.21027946062125238,2205,10234,2152,1.0
case_0216,fusion_w0.40_t0.60,0.34600852158505824,0.9759637188164356,0.21027946062125238,2205,10234,2152,1.0
case_0216,fusion_w0.40_t0.65,0.22362613587172336,0.9780469341333987,0.12624584717595635,1321,10234,1292,1.0
case_0216,fusion_w0.50_t0.35,0.3485310643760246,0.9761690647438123,0.2121360171973694,2224,10234,2171,1.0
case_0216,fusion_w0.50_t0.40,0.34600852158505824,0.9759637188164356,0.21027946062125238,2205,10234,2152,1.0
case_0216,fusion_w0.50_t0.45,0.34600852158505824,0.9759637188164356,0.21027946062125238,2205,10234,2152,1.0
case_0216,fusion_w0.50_t0.50,0.34600852158505824,0.9759637188164356,0.21027946062125238,2205,10234,2152,1.0
case_0216,fusion_w0.50_t0.55,0.24639289678114368,0.9756592292023283,0.14100058628088624,1479,10234,1443,1.0
case_0216,fusion_w0.50_t0.60,0.14483821263469152,0.9999999999874843,0.07807308970092039,799,10234,799,1.0
case_0216,fusion_w0.50_t0.65,0.00933670492121247,0.9999999997916666,0.004690248192295593,48,10234,48,1.0
case_0216,fusion_w0.60_t0.35,0.3580207501992354,0.9769163763023654,0.2191713894858128,2296,10234,2243,1.0
case_0216,fusion_w0.60_t0.40,0.3507815631259713,0.9763498438153666,0.2137971467654741,2241,10234,2188,1.0
case_0216,fusion_w0.60_t0.45,0.25935964763657515,0.9739185750574179,0.14959937463342818,1572,10234,1531,1.0
case_0216,fusion_w0.60_t0.50,0.17201998572432903,0.9897330595380931,0.09419581786193648,974,10234,964,1.0
case_0216,fusion_w0.60_t0.55,0.044520875131322704,0.9999999999570816,0.022767246433434855,233,10234,233,1.0
case_0216,fusion_w0.60_t0.60,0.009143079466969026,0.999999999787234,0.004592534688289435,47,10234,47,1.0
case_0216,fusion_w0.60_t0.65,0.0075927187773702,0.9999999997435898,0.0038108266562401688,39,10234,39,1.0
case_0216,fusion_w0.70_t0.35,0.0,0.0,0.0,2020,10234,0,0.0
case_0216,fusion_w0.70_t0.40,0.0,0.0,0.0,1607,10234,0,0.0
case_0216,fusion_w0.70_t0.45,0.0,0.0,0.0,1248,10234,0,0.0
case_0216,fusion_w0.70_t0.50,0.0,0.0,0.0,879,10234,0,0.0
case_0216,fusion_w0.70_t0.55,0.0,0.0,0.0,513,10234,0,0.0
case_0216,fusion_w0.70_t0.60,0.0,0.0,0.0,163,10234,0,0.0
case_0216,fusion_w0.70_t0.65,0.0,0.0,0.0,66,10234,0,0.0
case_0216,fusion_w0.80_t0.35,0.0,0.0,0.0,2484,10234,0,0.0
case_0216,fusion_w0.80_t0.40,0.0,0.0,0.0,2020,10234,0,0.0
case_0216,fusion_w0.80_t0.45,0.0,0.0,0.0,1657,10234,0,0.0
case_0216,fusion_w0.80_t0.50,0.0,0.0,0.0,1326,10234,0,0.0
case_0216,fusion_w0.80_t0.55,0.0,0.0,0.0,1005,10234,0,0.0
case_0216,fusion_w0.80_t0.60,0.0,0.0,0.0,693,10234,0,0.0
case_0216,fusion_w0.80_t0.65,0.0,0.0,0.0,379,10234,0,0.0
case_0222,nnunet,0.0,0.0,0.0,0,3610,0,0.0
case_0222,medformer_lcc_t0.25,0.663163928161384,0.5061242344699531,0.9614958448726829,6858,3610,3471,1.0
case_0222,union_t0.25,0.663163928161384,0.5061242344699531,0.9614958448726829,6858,3610,3471,1.0
case_0222,intersection_t0.25,0.0,0.0,0.0,0,3610,0,0.0
case_0222,medformer_lcc_t0.30,0.6764647859531697,0.525275735293313,0.9498614958422442,6528,3610,3429,1.0
case_0222,union_t0.30,0.6764647859531697,0.525275735293313,0.9498614958422442,6528,3610,3429,1.0
case_0222,intersection_t0.30,0.0,0.0,0.0,0,3610,0,0.0
case_0222,medformer_lcc_t0.35,0.6882418585769623,0.5429806307018681,0.9396121883630482,6247,3610,3392,1.0
case_0222,union_t0.35,0.6882418585769623,0.5429806307018681,0.9396121883630482,6247,3610,3392,1.0
case_0222,intersection_t0.35,0.0,0.0,0.0,0,3610,0,0.0
case_0222,medformer_lcc_t0.40,0.6989359482571469,0.5605756358759026,0.9279778393326095,5976,3610,3350,1.0
case_0222,union_t0.40,0.6989359482571469,0.5605756358759026,0.9279778393326095,5976,3610,3350,1.0
case_0222,intersection_t0.40,0.0,0.0,0.0,0,3610,0,0.0
case_0222,medformer_lcc_t0.45,0.7101620345523015,0.5796111403037667,0.9166204986124193,5709,3610,3309,1.0
case_0222,union_t0.45,0.7101620345523015,0.5796111403037667,0.9166204986124193,5709,3610,3309,1.0
case_0222,intersection_t0.45,0.0,0.0,0.0,0,3610,0,0.0
case_0222,medformer_lcc_t0.50,0.717621145373659,0.5956124314431525,0.9024930747897438,5470,3610,3258,1.0
case_0222,union_t0.50,0.717621145373659,0.5956124314431525,0.9024930747897438,5470,3610,3258,1.0
case_0222,intersection_t0.50,0.0,0.0,0.0,0,3610,0,0.0
case_0222,medformer_lcc_t0.55,0.7234715787086411,0.6109944645913132,0.886703601105577,5239,3610,3201,1.0
case_0222,union_t0.55,0.7234715787086411,0.6109944645913132,0.886703601105577,5239,3610,3201,1.0
case_0222,intersection_t0.55,0.0,0.0,0.0,0,3610,0,0.0
case_0222,medformer_lcc_t0.60,0.7317980925788184,0.6307137129097219,0.8714681440419073,4988,3610,3146,1.0
case_0222,union_t0.60,0.7317980925788184,0.6307137129097219,0.8714681440419073,4988,3610,3146,1.0
case_0222,intersection_t0.60,0.0,0.0,0.0,0,3610,0,0.0
case_0222,medformer_lcc_t0.65,0.7366017784177642,0.6504668930376688,0.8490304709117755,4712,3610,3065,1.0
case_0222,union_t0.65,0.7366017784177642,0.6504668930376688,0.8490304709117755,4712,3610,3065,1.0
case_0222,intersection_t0.65,0.0,0.0,0.0,0,3610,0,0.0
case_0222,medformer_lcc_t0.70,0.7427559154741962,0.6836710924745314,0.8130193905794654,4293,3610,2935,1.0
case_0222,union_t0.70,0.7427559154741962,0.6836710924745314,0.8130193905794654,4293,3610,2935,1.0
case_0222,intersection_t0.70,0.0,0.0,0.0,0,3610,0,0.0
case_0222,medformer_lcc_t0.75,0.7317203582398988,0.70705244122783,0.7581717451502544,3871,3610,2737,1.0
case_0222,union_t0.75,0.7317203582398988,0.70705244122783,0.7581717451502544,3871,3610,2737,1.0
case_0222,intersection_t0.75,0.0,0.0,0.0,0,3610,0,0.0
case_0222,fusion_w0.40_t0.35,0.6145306122438946,0.7483101391620346,0.5213296398877526,2515,3610,1882,1.0
case_0222,fusion_w0.40_t0.40,0.0,0.0,0.0,0,3610,0,0.0
case_0222,fusion_w0.40_t0.45,0.0,0.0,0.0,0,3610,0,0.0
case_0222,fusion_w0.40_t0.50,0.0,0.0,0.0,0,3610,0,0.0
case_0222,fusion_w0.40_t0.55,0.0,0.0,0.0,0,3610,0,0.0
case_0222,fusion_w0.40_t0.60,0.0,0.0,0.0,0,3610,0,0.0
case_0222,fusion_w0.40_t0.65,0.0,0.0,0.0,0,3610,0,0.0
case_0222,fusion_w0.50_t0.35,0.7427559154741962,0.6836710924745314,0.8130193905794654,4293,3610,2935,1.0
case_0222,fusion_w0.50_t0.40,0.7114074914859373,0.7292030250124224,0.6944598337930902,3438,3610,2507,1.0
case_0222,fusion_w0.50_t0.45,0.585515130906859,0.7579225352079317,0.4770083102479861,2272,3610,1722,1.0
case_0222,fusion_w0.50_t0.50,0.0,0.0,0.0,0,3610,0,0.0
case_0222,fusion_w0.50_t0.55,0.0,0.0,0.0,0,3610,0,0.0
case_0222,fusion_w0.50_t0.60,0.0,0.0,0.0,0,3610,0,0.0
case_0222,fusion_w0.50_t0.65,0.0,0.0,0.0,0,3610,0,0.0
case_0222,fusion_w0.60_t0.35,0.7272518118017631,0.6218768443820148,0.8756232686956354,5083,3610,3161,1.0
case_0222,fusion_w0.60_t0.40,0.739088027309511,0.6600609756083187,0.8396121883633252,4592,3610,3031,1.0
case_0222,fusion_w0.60_t0.45,0.7317203582398988,0.70705244122783,0.7581717451502544,3871,3610,2737,1.0
case_0222,fusion_w0.60_t0.50,0.6790474764105451,0.73915878708595,0.6279778393334405,3067,3610,2267,1.0
case_0222,fusion_w0.60_t0.55,0.5670337353599597,0.7683562292715853,0.44930747922313213,2111,3610,1622,1.0
case_0222,fusion_w0.60_t0.60,0.0,0.0,0.0,0,3610,0,0.0
case_0222,fusion_w0.60_t0.65,0.0,0.0,0.0,0,3610,0,0.0
case_0222,fusion_w0.70_t0.35,0.717621145373659,0.5956124314431525,0.9024930747897438,5470,3610,3258,1.0
case_0222,fusion_w0.70_t0.40,0.7256111491881132,0.6174183514762492,0.8797783933493635,5144,3610,3176,1.0
case_0222,fusion_w0.70_t0.45,0.737432835820015,0.6480587618034669,0.855401662047492,4765,3610,3088,1.0
case_0222,fusion_w0.70_t0.50,0.7400359989705065,0.6904990403054451,0.7972299168952985,4168,3610,2878,1.0
case_0222,fusion_w0.70_t0.55,0.7197771587733708,0.7238095238074963,0.7157894736822278,3570,3610,2584,1.0
case_0222,fusion_w0.70_t0.60,0.6392924826269121,0.743570903744513,0.5606648199430453,2722,3610,2024,1.0
case_0222,fusion_w0.70_t0.65,0.5536702982665589,0.7792860733998025,0.4293628808852372,1989,3610,1550,1.0
case_0222,fusion_w0.80_t0.35,0.7079513962900149,0.5753638253628286,0.9199445983354019,5772,3610,3321,1.0
case_0222,fusion_w0.80_t0.40,0.717621145373659,0.5956124314431525,0.9024930747897438,5470,3610,3258,1.0
case_0222,fusion_w0.80_t0.45,0.7246047093610231,0.6147461879934091,0.8822714681416004,5181,3610,3185,1.0
case_0222,fusion_w0.80_t0.50,0.7355128053809329,0.6407567345246952,0.8631578947344511,4863,3610,3116,1.0
case_0222,fusion_w0.80_t0.55,0.7423580786016939,0.6753688989769004,0.8240997229894069,4405,3610,2975,1.0
case_0222,fusion_w0.80_t0.60,0.7317203582398988,0.70705244122783,0.7581717451502544,3871,3610,2737,1.0
case_0222,fusion_w0.80_t0.65,0.7040345821315503,0.7336336336314305,0.6767313019371836,3330,3610,2443,1.0
case_0224,nnunet,0.5166666666635913,0.6326530612152674,0.4366197183054666,686,994,434,1.0
case_0224,medformer_lcc_t0.25,0.368874950998885,0.22906523855835184,0.9466800804733735,4108,994,941,1.0
case_0224,union_t0.25,0.32083191271680733,0.1931444991785855,0.9466800804733735,4872,994,941,1.0
case_0224,intersection_t0.25,0.517590936192501,0.6354319179994812,0.4366197183054666,683,994,434,1.0
case_0224,medformer_lcc_t0.30,0.41970802919612293,0.27138643067766555,0.9255533199102057,3390,994,920,1.0
case_0224,union_t0.30,0.35330261136644914,0.2183198860934544,0.9255533199102057,4214,994,920,1.0
case_0224,intersection_t0.30,0.5191387559777564,0.6401179940908537,0.4366197183054666,678,994,434,1.0
case_0224,medformer_lcc_t0.35,0.4601036269418132,0.30983949755649043,0.8933601609568073,2866,994,888,1.0
case_0224,union_t0.35,0.4587961766973423,0.3086548487997614,0.8933601609568073,2877,994,888,1.0
case_0224,intersection_t0.35,0.5200718993378066,0.6429629629534376,0.4366197183054666,675,994,434,1.0
case_0224,medformer_lcc_t0.40,0.4755125284724501,0.3316123907850214,0.840040241440241,2518,994,835,1.0
case_0224,union_t0.40,0.47295383743847935,0.3291288923912924,0.840040241440241,2537,994,835,1.0
case_0224,intersection_t0.40,0.5225767609842109,0.6506746626589104,0.4366197183054666,667,994,434,1.0
case_0224,medformer_lcc_t0.45,0.495043370506521,0.35765443151138027,0.8038229376176678,2234,994,799,1.0
case_0224,union_t0.45,0.4921658986159995,0.3542680229971063,0.8058350100522552,2261,994,801,1.0
case_0224,intersection_t0.45,0.5226860254051865,0.6555386949824653,0.4346076458708792,659,994,432,1.0
case_0224,medformer_lcc_t0.50,0.5115810674705888,0.38387909319705854,0.7665995975778008,1985,994,762,1.0
case_0224,union_t0.50,0.5089463220659081,0.37944664031433084,0.772635814881563,2024,994,768,1.0
case_0224,intersection_t0.50,0.5216331505147981,0.6615146831427896,0.4305835010017044,647,994,428,1.0
case_0224,medformer_lcc_t0.55,0.5283571167196182,0.4151811385830065,0.7263581488860528,1739,994,722,1.0
case_0224,union_t0.55,0.5249643366600394,0.4066298342518971,0.7404426559281646,1810,994,736,1.0
case_0224,intersection_t0.55,0.5220633934088126,0.6829268292571882,0.42253521126335475,615,994,420,1.0
case_0224,medformer_lcc_t0.60,0.5416168857007503,0.4482531311770056,0.6841046277597173,1517,994,680,1.0
case_0224,union_t0.60,0.5348125478173879,0.43148148147881804,0.7032193158882976,1620,994,699,1.0
case_0224,intersection_t0.60,0.5263157894703469,0.711835334464634,0.4175050301768863,583,994,415,1.0
case_0224,medformer_lcc_t0.65,0.5386313465759884,0.4799370574313145,0.6136820925491582,1271,994,610,1.0
case_0224,union_t0.65,0.535920726669959,0.4544817927139042,0.6529175050236125,1428,994,649,1.0
case_0224,intersection_t0.65,0.5187130663130748,0.7466918714414614,0.39738430583101225,529,994,395,1.0
case_0224,medformer_lcc_t0.70,0.4587813620048194,0.46715328466666156,0.4507042253475784,959,994,448,1.0
case_0224,union_t0.70,0.526268522673883,0.47526358474878133,0.5895372233341093,1233,994,586,1.0
case_0224,intersection_t0.70,0.42105263157595274,0.7184466019243095,0.29778672031893577,412,994,296,1.0
case_0224,medformer_lcc_t0.75,0.3394833948318605,0.4367088607525837,0.2776659959730617,632,994,276,1.0
case_0224,union_t0.75,0.4885114885090484,0.4851190476142349,0.4919517102566202,1008,994,489,1.0
case_0224,intersection_t0.75,0.3389570552121246,0.7129032257834547,0.22233400402190812,310,994,221,1.0
case_0224,fusion_w0.40_t0.35,0.513913558315489,0.6244604316456912,0.4366197183054666,695,994,434,1.0
case_0224,fusion_w0.40_t0.40,0.5166666666635913,0.6326530612152674,0.4366197183054666,686,994,434,1.0
case_0224,fusion_w0.40_t0.45,0.5166666666635913,0.6326530612152674,0.4366197183054666,686,994,434,1.0
case_0224,fusion_w0.40_t0.50,0.5166666666635913,0.6326530612152674,0.4366197183054666,686,994,434,1.0
case_0224,fusion_w0.40_t0.55,0.5166666666635913,0.6326530612152674,0.4366197183054666,686,994,434,1.0
case_0224,fusion_w0.40_t0.60,0.5166666666635913,0.6326530612152674,0.4366197183054666,686,994,434,1.0
case_0224,fusion_w0.40_t0.65,0.5166666666635913,0.6326530612152674,0.4366197183054666,686,994,434,1.0
case_0224,fusion_w0.50_t0.35,0.526268522673883,0.47526358474878133,0.5895372233341093,1233,994,586,1.0
case_0224,fusion_w0.50_t0.40,0.5099999999971667,0.5694789081815201,0.46177062373780914,806,994,459,1.0
case_0224,fusion_w0.50_t0.45,0.516359309931491,0.6317321688408772,0.4366197183054666,687,994,434,1.0
case_0224,fusion_w0.50_t0.50,0.5166666666635913,0.6326530612152674,0.4366197183054666,686,994,434,1.0
case_0224,fusion_w0.50_t0.55,0.5166666666635913,0.6326530612152674,0.4366197183054666,686,994,434,1.0
case_0224,fusion_w0.50_t0.60,0.5169743895144909,0.6335766423265171,0.4366197183054666,685,994,434,1.0
case_0224,fusion_w0.50_t0.65,0.5191387559777564,0.6401179940908537,0.4366197183054666,678,994,434,1.0
case_0224,fusion_w0.60_t0.35,0.5312965722781994,0.421893491121764,0.7173038229304094,1690,994,713,1.0
case_0224,fusion_w0.60_t0.40,0.5325393449573266,0.46131171701944507,0.6297786720258574,1357,994,626,1.0
case_0224,fusion_w0.60_t0.45,0.5064165844002645,0.4970930232509972,0.5160965794716691,1032,994,513,1.0
case_0224,fusion_w0.60_t0.50,0.5151162790667726,0.6101928374571599,0.4456740442611099,726,994,443,1.0
case_0224,fusion_w0.60_t0.55,0.517590936192501,0.6354319179994812,0.4366197183054666,683,994,434,1.0
case_0224,fusion_w0.60_t0.60,0.5200718993378066,0.6429629629534376,0.4366197183054666,675,994,434,1.0
case_0224,fusion_w0.60_t0.65,0.5228915662619104,0.6516516516418671,0.4366197183054666,666,994,434,1.0
case_0224,fusion_w0.70_t0.35,0.5089463220659081,0.37944664031433084,0.772635814881563,2024,994,768,1.0
case_0224,fusion_w0.70_t0.40,0.5288284979782268,0.4164256795811659,0.7243460764514653,1729,994,720,1.0
case_0224,fusion_w0.70_t0.45,0.5386187167938757,0.45354439091222615,0.6629778671965495,1453,994,659,1.0
case_0224,fusion_w0.70_t0.50,0.5183823529387942,0.47715736040205453,0.5674044265536479,1182,994,564,1.0
case_0224,fusion_w0.70_t0.55,0.5130718954220421,0.5593824227962069,0.4738430583453336,842,994,471,1.0
case_0224,fusion_w0.70_t0.60,0.5191387559777564,0.6401179940908537,0.4366197183054666,678,994,434,1.0
case_0224,fusion_w0.70_t0.65,0.5216331505147981,0.6615146831427896,0.4305835010017044,647,994,428,1.0
case_0224,fusion_w0.80_t0.35,0.4860150375925233,0.34663234663085957,0.8128772635733111,2331,994,808,1.0
case_0224,fusion_w0.80_t0.40,0.5094527363167183,0.38000989608916375,0.772635814881563,2021,994,768,1.0
case_0224,fusion_w0.80_t0.45,0.5254730713226875,0.41163055872057225,0.7263581488860528,1754,994,722,1.0
case_0224,fusion_w0.80_t0.50,0.538338658144815,0.44635761589108375,0.678068410455955,1510,994,674,1.0
case_0224,fusion_w0.80_t0.55,0.536173990232862,0.47974583002001797,0.6076458752453959,1259,994,604,1.0
case_0224,fusion_w0.80_t0.60,0.5103170608932546,0.5105740181217465,0.5100603621679068,993,994,507,1.0
case_0224,fusion_w0.80_t0.65,0.5210183540525695,0.6330935251707468,0.44265593560922883,695,994,440,1.0
