case_id,candidate,dice,precision,recall,pred_voxels,target_voxels,overlap_voxels,detected
case_0015,nnunet,0.0,0.0,0.0,0,1876,0,0.0
case_0015,medformer_lcc_t0.25,0.6173633440492413,0.9360780064904,0.4605543709996772,923,1876,864,1.0
case_0015,union_t0.25,0.6173633440492413,0.9360780064904,0.4605543709996772,923,1876,864,1.0
case_0015,intersection_t0.25,0.0,0.0,0.0,0,1876,0,0.0
case_0015,medformer_lcc_t0.30,0.5953863053804637,0.9508771929713348,0.4333688699337241,855,1876,813,1.0
case_0015,union_t0.30,0.5953863053804637,0.9508771929713348,0.4333688699337241,855,1876,813,1.0
case_0015,intersection_t0.30,0.0,0.0,0.0,0,1876,0,0.0
case_0015,medformer_lcc_t0.35,0.5703536493582756,0.9693094629032057,0.4040511727057354,782,1876,758,1.0
case_0015,union_t0.35,0.5703536493582756,0.9693094629032057,0.4040511727057354,782,1876,758,1.0
case_0015,intersection_t0.35,0.0,0.0,0.0,0,1876,0,0.0
case_0015,medformer_lcc_t0.40,0.5385802469115024,0.9748603351819154,0.3720682302752022,716,1876,698,1.0
case_0015,union_t0.40,0.5385802469115024,0.9748603351819154,0.3720682302752022,716,1876,698,1.0
case_0015,intersection_t0.40,0.0,0.0,0.0,0,1876,0,0.0
case_0015,medformer_lcc_t0.45,0.502580389041276,0.9844479004512527,0.33742004264212466,643,1876,633,1.0
case_0015,union_t0.45,0.502580389041276,0.9844479004512527,0.33742004264212466,643,1876,633,1.0
case_0015,intersection_t0.45,0.0,0.0,0.0,0,1876,0,0.0
case_0015,medformer_lcc_t0.50,0.47030105776863185,0.9931271477492589,0.30810234541413595,582,1876,578,1.0
case_0015,union_t0.50,0.47030105776863185,0.9931271477492589,0.30810234541413595,582,1876,578,1.0
case_0015,intersection_t0.50,0.0,0.0,0.0,0,1876,0,0.0
case_0015,medformer_lcc_t0.55,0.43434764485021116,0.9961759082027499,0.27771855010512947,523,1876,521,1.0
case_0015,union_t0.55,0.43434764485021116,0.9961759082027499,0.27771855010512947,523,1876,521,1.0
case_0015,intersection_t0.55,0.0,0.0,0.0,0,1876,0,0.0
case_0015,medformer_lcc_t0.60,0.39846416382082567,0.9978632478419259,0.2489339019176496,468,1876,467,1.0
case_0015,union_t0.60,0.39846416382082567,0.9978632478419259,0.2489339019176496,468,1876,467,1.0
case_0015,intersection_t0.60,0.0,0.0,0.0,0,1876,0,0.0
case_0015,medformer_lcc_t0.65,0.3565484012248947,0.99999999997543,0.21695095948711648,407,1876,407,1.0
case_0015,union_t0.65,0.3565484012248947,0.99999999997543,0.21695095948711648,407,1876,407,1.0
case_0015,intersection_t0.65,0.0,0.0,0.0,0,1876,0,0.0
case_0015,medformer_lcc_t0.70,0.3144654088036188,0.9999999999714285,0.18656716417811,350,1876,350,1.0
case_0015,union_t0.70,0.3144654088036188,0.9999999999714285,0.18656716417811,350,1876,350,1.0
case_0015,intersection_t0.70,0.0,0.0,0.0,0,1876,0,0.0
case_0015,medformer_lcc_t0.75,0.2693726937256948,0.9999999999657534,0.15565031982859462,292,1876,292,1.0
case_0015,union_t0.75,0.2693726937256948,0.9999999999657534,0.15565031982859462,292,1876,292,1.0
case_0015,intersection_t0.75,0.0,0.0,0.0,0,1876,0,0.0
case_0015,fusion_w0.40_t0.35,0.13240418118400993,0.9999999999248119,0.07089552238768179,133,1876,133,1.0
case_0015,fusion_w0.40_t0.40,0.0,0.0,0.0,0,1876,0,0.0
case_0015,fusion_w0.40_t0.45,0.0,0.0,0.0,0,1876,0,0.0
case_0015,fusion_w0.40_t0.50,0.0,0.0,0.0,0,1876,0,0.0
case_0015,fusion_w0.40_t0.55,0.0,0.0,0.0,0,1876,0,0.0
case_0015,fusion_w0.40_t0.60,0.0,0.0,0.0,0,1876,0,0.0
case_0015,fusion_w0.40_t0.65,0.0,0.0,0.0,0,1876,0,0.0
case_0015,fusion_w0.50_t0.35,0.3144654088036188,0.9999999999714285,0.18656716417811,350,1876,350,1.0
case_0015,fusion_w0.50_t0.40,0.21926910298899258,0.99999999995671,0.1231343283575526,231,1876,231,1.0
case_0015,fusion_w0.50_t0.45,0.09058524172981891,0.9999999998876405,0.047441364605290824,89,1876,89,1.0
case_0015,fusion_w0.50_t0.50,0.0,0.0,0.0,0,1876,0,0.0
case_0015,fusion_w0.50_t0.55,0.0,0.0,0.0,0,1876,0,0.0
case_0015,fusion_w0.50_t0.60,0.0,0.0,0.0,0,1876,0,0.0
case_0015,fusion_w0.50_t0.65,0.0,0.0,0.0,0,1876,0,0.0
case_0015,fusion_w0.60_t0.35,0.4052676295649734,0.9979079497699183,0.25426439232273845,478,1876,477,1.0
case_0015,fusion_w0.60_t0.40,0.3405572755402895,0.999999999974026,0.205223880595921,385,1876,385,1.0
case_0015,fusion_w0.60_t0.45,0.2693726937256948,0.9999999999657534,0.15565031982859462,292,1876,292,1.0
case_0015,fusion_w0.60_t0.50,0.1821705426347763,0.9999999999468084,0.1002132196156705,188,1876,188,1.0
case_0015,fusion_w0.60_t0.55,0.06797116374836266,0.999999999848485,0.035181236673586455,66,1876,66,1.0
case_0015,fusion_w0.60_t0.60,0.0,0.0,0.0,0,1876,0,0.0
case_0015,fusion_w0.60_t0.65,0.0,0.0,0.0,0,1876,0,0.0
case_0015,fusion_w0.70_t0.35,0.47030105776863185,0.9931271477492589,0.30810234541413595,582,1876,578,1.0
case_0015,fusion_w0.70_t0.40,0.418036241043329,0.9979879275453121,0.2643923240924073,497,1876,496,1.0
case_0015,fusion_w0.70_t0.45,0.358705161853199,0.9999999999756097,0.21855010660864313,410,1876,410,1.0
case_0015,fusion_w0.70_t0.50,0.3022624434375463,0.9999999999700598,0.17803837952996782,334,1876,334,1.0
case_0015,fusion_w0.70_t0.55,0.23268959020144753,0.9999999999595142,0.13166311300569478,247,1876,247,1.0
case_0015,fusion_w0.70_t0.60,0.1571709233784029,0.9999999999375,0.08528784648142171,160,1876,160,1.0
case_0015,fusion_w0.70_t0.65,0.04583333333309462,0.9999999997727272,0.02345415778239097,44,1876,44,1.0
case_0015,fusion_w0.80_t0.35,0.5130023640641725,0.9833836857857495,0.3470149253712846,662,1876,651,1.0
case_0015,fusion_w0.80_t0.40,0.47030105776863185,0.9931271477492589,0.30810234541413595,582,1876,578,1.0
case_0015,fusion_w0.80_t0.45,0.4225115497672301,0.9960396039406725,0.2681236673759695,505,1876,503,1.0
case_0015,fusion_w0.80_t0.50,0.37294015611286674,0.9999999999767442,0.22921108741882085,430,1876,430,1.0
case_0015,fusion_w0.80_t0.55,0.32200357781609124,0.9999999999722222,0.19189765458319885,360,1876,360,1.0
case_0015,fusion_w0.80_t0.60,0.2693726937256948,0.9999999999657534,0.15565031982859462,292,1876,292,1.0
case_0015,fusion_w0.80_t0.65,0.20906921240950327,0.9999999999543379,0.11673773987144596,219,1876,219,1.0
case_0017,nnunet,0.0,0.0,0.0,110,4181,0,0.0
case_0017,medformer_lcc_t0.25,0.0,0.0,0.0,3581,4181,0,0.0
case_0017,union_t0.25,0.0,0.0,0.0,3581,4181,0,0.0
case_0017,intersection_t0.25,0.0,0.0,0.0,0,4181,0,0.0
case_0017,medformer_lcc_t0.30,0.0,0.0,0.0,3184,4181,0,0.0
case_0017,union_t0.30,0.0,0.0,0.0,3184,4181,0,0.0
case_0017,intersection_t0.30,0.0,0.0,0.0,0,4181,0,0.0
case_0017,medformer_lcc_t0.35,0.0,0.0,0.0,2891,4181,0,0.0
case_0017,union_t0.35,0.0,0.0,0.0,2891,4181,0,0.0
case_0017,intersection_t0.35,0.0,0.0,0.0,0,4181,0,0.0
case_0017,medformer_lcc_t0.40,0.0,0.0,0.0,2617,4181,0,0.0
case_0017,union_t0.40,0.0,0.0,0.0,2617,4181,0,0.0
case_0017,intersection_t0.40,0.0,0.0,0.0,0,4181,0,0.0
case_0017,medformer_lcc_t0.45,0.0,0.0,0.0,2372,4181,0,0.0
case_0017,union_t0.45,0.0,0.0,0.0,2372,4181,0,0.0
case_0017,intersection_t0.45,0.0,0.0,0.0,0,4181,0,0.0
case_0017,medformer_lcc_t0.50,0.0,0.0,0.0,2121,4181,0,0.0
case_0017,union_t0.50,0.0,0.0,0.0,2121,4181,0,0.0
case_0017,intersection_t0.50,0.0,0.0,0.0,0,4181,0,0.0
case_0017,medformer_lcc_t0.55,0.0,0.0,0.0,1884,4181,0,0.0
case_0017,union_t0.55,0.0,0.0,0.0,1884,4181,0,0.0
case_0017,intersection_t0.55,0.0,0.0,0.0,0,4181,0,0.0
case_0017,medformer_lcc_t0.60,0.0,0.0,0.0,1705,4181,0,0.0
case_0017,union_t0.60,0.0,0.0,0.0,1705,4181,0,0.0
case_0017,intersection_t0.60,0.0,0.0,0.0,0,4181,0,0.0
case_0017,medformer_lcc_t0.65,0.0,0.0,0.0,1510,4181,0,0.0
case_0017,union_t0.65,0.0,0.0,0.0,1510,4181,0,0.0
case_0017,intersection_t0.65,0.0,0.0,0.0,0,4181,0,0.0
case_0017,medformer_lcc_t0.70,0.0,0.0,0.0,1301,4181,0,0.0
case_0017,union_t0.70,0.0,0.0,0.0,1301,4181,0,0.0
case_0017,intersection_t0.70,0.0,0.0,0.0,0,4181,0,0.0
case_0017,medformer_lcc_t0.75,0.0,0.0,0.0,1140,4181,0,0.0
case_0017,union_t0.75,0.0,0.0,0.0,1140,4181,0,0.0
case_0017,intersection_t0.75,0.0,0.0,0.0,0,4181,0,0.0
case_0017,fusion_w0.40_t0.35,0.0,0.0,0.0,675,4181,0,0.0
case_0017,fusion_w0.40_t0.40,0.0,0.0,0.0,110,4181,0,0.0
case_0017,fusion_w0.40_t0.45,0.0,0.0,0.0,110,4181,0,0.0
case_0017,fusion_w0.40_t0.50,0.0,0.0,0.0,110,4181,0,0.0
case_0017,fusion_w0.40_t0.55,0.0,0.0,0.0,110,4181,0,0.0
case_0017,fusion_w0.40_t0.60,0.0,0.0,0.0,110,4181,0,0.0
case_0017,fusion_w0.40_t0.65,0.0,0.0,0.0,107,4181,0,0.0
case_0017,fusion_w0.50_t0.35,0.0,0.0,0.0,1301,4181,0,0.0
case_0017,fusion_w0.50_t0.40,0.0,0.0,0.0,940,4181,0,0.0
case_0017,fusion_w0.50_t0.45,0.0,0.0,0.0,527,4181,0,0.0
case_0017,fusion_w0.50_t0.50,0.0,0.0,0.0,110,4181,0,0.0
case_0017,fusion_w0.50_t0.55,0.0,0.0,0.0,108,4181,0,0.0
case_0017,fusion_w0.50_t0.60,0.0,0.0,0.0,100,4181,0,0.0
case_0017,fusion_w0.50_t0.65,0.0,0.0,0.0,82,4181,0,0.0
case_0017,fusion_w0.60_t0.35,0.0,0.0,0.0,1755,4181,0,0.0
case_0017,fusion_w0.60_t0.40,0.0,0.0,0.0,1441,4181,0,0.0
case_0017,fusion_w0.60_t0.45,0.0,0.0,0.0,1140,4181,0,0.0
case_0017,fusion_w0.60_t0.50,0.0,0.0,0.0,827,4181,0,0.0
case_0017,fusion_w0.60_t0.55,0.0,0.0,0.0,482,4181,0,0.0
case_0017,fusion_w0.60_t0.60,0.0,0.0,0.0,75,4181,0,0.0
case_0017,fusion_w0.60_t0.65,0.0,0.0,0.0,43,4181,0,0.0
case_0017,fusion_w0.70_t0.35,0.0,0.0,0.0,2121,4181,0,0.0
case_0017,fusion_w0.70_t0.40,0.0,0.0,0.0,1808,4181,0,0.0
case_0017,fusion_w0.70_t0.45,0.0,0.0,0.0,1536,4181,0,0.0
case_0017,fusion_w0.70_t0.50,0.0,0.0,0.0,1259,4181,0,0.0
case_0017,fusion_w0.70_t0.55,0.0,0.0,0.0,995,4181,0,0.0
case_0017,fusion_w0.70_t0.60,0.0,0.0,0.0,738,4181,0,0.0
case_0017,fusion_w0.70_t0.65,0.0,0.0,0.0,449,4181,0,0.0
case_0017,fusion_w0.80_t0.35,0.0,0.0,0.0,2432,4181,0,0.0
case_0017,fusion_w0.80_t0.40,0.0,0.0,0.0,2121,4181,0,0.0
case_0017,fusion_w0.80_t0.45,0.0,0.0,0.0,1841,4181,0,0.0
case_0017,fusion_w0.80_t0.50,0.0,0.0,0.0,1611,4181,0,0.0
case_0017,fusion_w0.80_t0.55,0.0,0.0,0.0,1355,4181,0,0.0
case_0017,fusion_w0.80_t0.60,0.0,0.0,0.0,1140,4181,0,0.0
case_0017,fusion_w0.80_t0.65,0.0,0.0,0.0,906,4181,0,0.0
case_0018,nnunet,0.8996568750515527,0.8491311216416285,0.9565759031839178,6330,5619,5375,1.0
case_0018,medformer_lcc_t0.25,0.8622881355925176,0.795280324664369,0.9416266239527645,6653,5619,5291,1.0
case_0018,union_t0.25,0.8645914396880431,0.7682201631852189,0.9886100729649606,7231,5619,5555,1.0
case_0018,intersection_t0.25,0.8989534781453706,0.8885605006938655,0.9095924541717217,5752,5619,5111,1.0
case_0018,medformer_lcc_t0.30,0.8650119567899192,0.8059311616459651,0.9334401138976092,6508,5619,5245,1.0
case_0018,union_t0.30,0.8692656959442076,0.7759608665258197,0.9880761701352766,7155,5619,5552,1.0
case_0018,intersection_t0.30,0.8968324190400842,0.8917825092365093,0.9019398469462504,5683,5619,5068,1.0
case_0018,medformer_lcc_t0.35,0.865691600500739,0.816104632838298,0.9216942516445601,6346,5619,5179,1.0
case_0018,union_t0.35,0.8728446579002654,0.782688506070626,0.9864744616462244,7082,5619,5543,1.0
case_0018,intersection_t0.35,0.8937840007126604,0.8957811941349736,0.8917956931822535,5594,5619,5011,1.0
case_0018,medformer_lcc_t0.40,0.8667625412394325,0.8260238632685811,0.9117280654904579,6202,5619,5123,1.0
case_0018,union_t0.40,0.8767231817454628,0.7900899614439667,0.9846947855472776,7003,5619,5533,1.0
case_0018,intersection_t0.40,0.8907427341219135,0.8979924036880124,0.883609183127098,5529,5619,4965,1.0
case_0018,medformer_lcc_t0.45,0.8665181631246859,0.8354534941337594,0.8999822032374089,6053,5619,5057,1.0
case_0018,union_t0.45,0.8798980567052564,0.796309643937154,0.9830930770582255,6937,5619,5524,1.0
case_0018,intersection_t0.45,0.8871215544501697,0.9012118986395498,0.8734650293631012,5446,5619,4908,1.0
case_0018,medformer_lcc_t0.50,0.8672458731530258,0.8472245798661565,0.8882363409843598,5891,5619,4991,1.0
case_0018,union_t0.50,0.8841380414757913,0.8036390101880587,0.9825591742285414,6870,5619,5521,1.0
case_0018,intersection_t0.50,0.883318140382057,0.9054382358420755,0.8622530699397362,5351,5619,4845,1.0
case_0018,medformer_lcc_t0.55,0.8660501981498316,0.8572175732202629,0.8750667378521533,5736,5619,4917,1.0
case_0018,union_t0.55,0.8870824949691049,0.8097267117237589,0.9807794981295946,6806,5619,5511,1.0
case_0018,intersection_t0.55,0.8789410791424956,0.9089353612150021,0.8508631429064765,5260,5619,4781,1.0
case_0018,medformer_lcc_t0.60,0.8628500089166552,0.8647006255569889,0.8610072966704734,5595,5619,4838,1.0
case_0018,union_t0.60,0.8890683029219367,0.8136544997771337,0.9798896600801212,6767,5619,5506,1.0
case_0018,intersection_t0.60,0.8735269555526829,0.9125630089164162,0.83769353977427,5158,5619,4707,1.0
case_0018,medformer_lcc_t0.65,0.858931325409726,0.8760177646171798,0.8424986652414265,5404,5619,4734,1.0
case_0018,union_t0.65,0.891448969656911,0.8191441777235439,0.977754048761385,6707,5619,5494,1.0
case_0018,intersection_t0.65,0.8669922975757401,0.9180425701195185,0.8213205196639592,5027,5619,4615,1.0
case_0018,medformer_lcc_t0.70,0.852452969383205,0.8845933014337137,0.822566292933222,5225,5619,4622,1.0
case_0018,union_t0.70,0.8935407672876976,0.8238209672561974,0.9761523402723329,6658,5619,5485,1.0
case_0018,intersection_t0.70,0.8581209585385525,0.9213804370003648,0.802989855844807,4897,5619,4512,1.0
case_0018,medformer_lcc_t0.75,0.8481783272446864,0.8952155001959368,0.8058373376031218,5058,5619,4528,1.0
case_0018,union_t0.75,0.8965573636430644,0.8293494704979889,0.9756184374426489,6610,5619,5482,1.0
case_0018,intersection_t0.75,0.85043762623752,0.9252825449959705,0.7867948033443909,4778,5619,4421,1.0
case_0018,fusion_w0.40_t0.35,0.9007343840243413,0.8396923076910159,0.9713472148051765,6500,5619,5458,1.0
case_0018,fusion_w0.40_t0.40,0.8996568750515527,0.8491311216416285,0.9565759031839178,6330,5619,5375,1.0
case_0018,fusion_w0.40_t0.45,0.8996568750515527,0.8491311216416285,0.9565759031839178,6330,5619,5375,1.0
case_0018,fusion_w0.40_t0.50,0.8996568750515527,0.8491311216416285,0.9565759031839178,6330,5619,5375,1.0
case_0018,fusion_w0.40_t0.55,0.8996568750515527,0.8491311216416285,0.9565759031839178,6330,5619,5375,1.0
case_0018,fusion_w0.40_t0.60,0.8996568750515527,0.8491311216416285,0.9565759031839178,6330,5619,5375,1.0
case_0018,fusion_w0.40_t0.65,0.9022021848440244,0.8796280642419617,0.9259654742820325,5915,5619,5203,1.0
case_0018,fusion_w0.50_t0.35,0.8935407672876976,0.8238209672561974,0.9761523402723329,6658,5619,5485,1.0
case_0018,fusion_w0.50_t0.40,0.8986292374612996,0.833942717853696,0.9741946965634914,6564,5619,5474,1.0
case_0018,fusion_w0.50_t0.45,0.9014387299479895,0.8418532818519817,0.9701014415359137,6475,5619,5451,1.0
case_0018,fusion_w0.50_t0.50,0.8996568750515527,0.8491311216416285,0.9565759031839178,6330,5619,5375,1.0
case_0018,fusion_w0.50_t0.55,0.903331607111252,0.8769901122827602,0.931304502578873,5967,5619,5233,1.0
case_0018,fusion_w0.50_t0.60,0.9008141468958234,0.8864576154361019,0.9156433529081409,5804,5619,5145,1.0
case_0018,fusion_w0.50_t0.65,0.8968324190400842,0.8917825092365093,0.9019398469462504,5683,5619,5068,1.0
case_0018,fusion_w0.60_t0.35,0.8883690917882816,0.8123617052650651,0.9800676276900159,6779,5619,5507,1.0
case_0018,fusion_w0.60_t0.40,0.8920477621631938,0.8205319784805432,0.977220145931701,6692,5619,5491,1.0
case_0018,fusion_w0.60_t0.45,0.8997731664278754,0.8521642266059004,0.9530165509860242,6284,5619,5355,1.0
case_0018,fusion_w0.60_t0.50,0.9011647824589746,0.8685818061732399,0.936287595655924,6057,5619,5261,1.0
case_0018,fusion_w0.60_t0.55,0.901217391303564,0.8811426628109486,0.9222281544742441,5881,5619,5182,1.0
case_0018,fusion_w0.60_t0.60,0.8954480796578098,0.8946526914178458,0.8962448834296205,5629,5619,5036,1.0
case_0018,fusion_w0.60_t0.65,0.8895683453229409,0.8991092528614814,0.880227798539099,5501,5619,4946,1.0
case_0018,fusion_w0.70_t0.35,0.8874487284652276,0.8231623801539748,0.962626801920337,6571,5619,5409,1.0
case_0018,fusion_w0.70_t0.40,0.8892791436687663,0.8387758321488582,0.9462537818100263,6339,5619,5317,1.0
case_0018,fusion_w0.70_t0.45,0.8916786835177778,0.8518638573730116,0.9353977576064506,6170,5619,5256,1.0
case_0018,fusion_w0.70_t0.50,0.8926699321123204,0.8630774343621418,0.9243637657929803,6018,5619,5194,1.0
case_0018,fusion_w0.70_t0.55,0.891936751986641,0.8759437199710434,0.9085246485123536,5828,5619,5105,1.0
case_0018,fusion_w0.70_t0.60,0.8895384887936136,0.8855379188696905,0.8935753692812003,5670,5619,5021,1.0
case_0018,fusion_w0.70_t0.65,0.8865440115432119,0.8987017736315621,0.8747108026323639,5469,5619,4915,1.0
case_0018,fusion_w0.80_t0.35,0.8799668187466777,0.8241143567420384,0.9439402028813954,6436,5619,5304,1.0
case_0018,fusion_w0.80_t0.40,0.8827134581471894,0.835505403685894,0.9355757252163454,6292,5619,5257,1.0
case_0018,fusion_w0.80_t0.45,0.8835546475988393,0.8467939304929895,0.9236518953534016,6129,5619,5190,1.0
case_0018,fusion_w0.80_t0.50,0.8825407784578557,0.8567359249315404,0.909948389391511,5968,5619,5113,1.0
case_0018,fusion_w0.80_t0.55,0.8814360770570214,0.867609032923862,0.8957109805999365,5801,5619,5033,1.0
case_0018,fusion_w0.80_t0.60,0.880355555554773,0.8794175102097684,0.8812956041984672,5631,5619,4952,1.0
case_0018,fusion_w0.80_t0.65,0.8774368231039011,0.8901300128165353,0.8651005516980511,5461,5619,4861,1.0
case_0020,nnunet,0.7018436109340738,0.8997555012210273,0.575299635226081,6135,9595,5520,1.0
case_0020,medformer_lcc_t0.25,0.8151020627991516,0.8434016941586675,0.7886399166224193,8972,9595,7567,1.0
case_0020,union_t0.25,0.8342695303276685,0.762467644520481,0.921000521103782,11590,9595,8837,1.0
case_0020,intersection_t0.25,0.6486634681284108,0.9473473473454508,0.49317352787858965,4995,9595,4732,1.0
case_0020,medformer_lcc_t0.30,0.813495575220789,0.8667059516784128,0.7664408546109781,8485,9595,7354,1.0
case_0020,union_t0.30,0.8410516737700104,0.7780435938323781,0.9151641479927929,11286,9595,8781,1.0
case_0020,intersection_t0.30,0.639845154154127,0.950112913157565,0.4823345492438954,4871,9595,4628,1.0
case_0020,medformer_lcc_t0.35,0.8081507549092927,0.8873239436608659,0.7419489317345055,8023,9595,7119,1.0
case_0020,union_t0.35,0.8456128437692945,0.7908727998541182,0.9084940072945195,11022,9595,8717,1.0
case_0020,intersection_t0.35,0.6288386376321685,0.9518275934904884,0.4695153725894012,4733,9595,4505,1.0
case_0020,medformer_lcc_t0.40,0.8006990969992422,0.907793923380571,0.7162063574771066,7570,9595,6872,1.0
case_0020,union_t0.40,0.8485115982537156,0.801315301962948,0.901615424699425,10796,9595,8651,1.0
case_0020,intersection_t0.40,0.6180893878411226,0.9581873905408096,0.4561750911928544,4568,9595,4377,1.0
case_0020,medformer_lcc_t0.45,0.7915501338882526,0.9224687933413004,0.6931735278783812,7210,9595,6651,1.0
case_0020,union_t0.45,0.8500370828178738,0.8086547507047895,0.8958832725368463,10630,9595,8596,1.0
case_0020,intersection_t0.45,0.6068217496784595,0.9622086444875262,0.44314747264153914,4419,9595,4252,1.0
case_0020,medformer_lcc_t0.50,0.7777370926395839,0.9383006920910937,0.6640958832718455,6791,9595,6372,1.0
case_0020,union_t0.50,0.8505311455783499,0.8155126243297479,0.8886920270965203,10456,9595,8527,1.0
case_0020,intersection_t0.50,0.5906885815649912,0.9675047438307223,0.42511724856651883,4216,9595,4079,1.0
case_0020,medformer_lcc_t0.55,0.7591167823852135,0.9493116395479516,0.6324127149550469,6392,9595,6068,1.0
case_0020,union_t0.55,0.8485791746154993,0.8186573670436708,0.8807712350173207,10323,9595,8451,1.0
case_0020,intersection_t0.55,0.5725853945814394,0.9749310604137004,0.4053152683685197,3989,9595,3889,1.0
case_0020,medformer_lcc_t0.60,0.7286471120295073,0.958524562296518,0.587701928086933,5883,9595,5639,1.0
case_0020,union_t0.60,0.8438639125147611,0.8205178694488328,0.8685773840532895,10157,9595,8334,1.0
case_0020,intersection_t0.60,0.5453040337142193,0.9810452206851312,0.3775924960913209,3693,9595,3623,1.0
case_0020,medformer_lcc_t0.65,0.7029932966080155,0.9678362573081728,0.5519541427821241,5472,9595,5296,1.0
case_0020,union_t0.65,0.8398816205730993,0.8227531740469631,0.8577384054185953,10003,9595,8230,1.0
case_0020,intersection_t0.65,0.5239807236284525,0.9847613570989513,0.3569567483060375,3478,9595,3425,1.0
case_0020,medformer_lcc_t0.70,0.6831515479976402,0.9759969028242819,0.5254820218858515,5166,9595,5042,1.0
case_0020,union_t0.70,0.8346100457555732,0.8235592532459176,0.8459614382482064,9856,9595,8117,1.0
case_0020,intersection_t0.70,0.5127413127409167,0.9895678092369908,0.3460135487229327,3355,9595,3320,1.0
case_0020,medformer_lcc_t0.75,0.6620146469527,0.9819635171121501,0.49932256383481044,4879,9595,4791,1.0
case_0020,union_t0.75,0.8288642716633042,0.8234084130403955,0.8343929129746384,9723,9595,8006,1.0
case_0020,intersection_t0.75,0.5008964065784544,0.9935064935034215,0.3348619072430069,3234,9595,3213,1.0
case_0020,fusion_w0.40_t0.35,0.8037998195612143,0.8188797577845816,0.7892652423128824,9248,9595,7573,1.0
case_0020,fusion_w0.40_t0.40,0.7018436109340738,0.8997555012210273,0.575299635226081,6135,9595,5520,1.0
case_0020,fusion_w0.40_t0.45,0.7018436109340738,0.8997555012210273,0.575299635226081,6135,9595,5520,1.0
case_0020,fusion_w0.40_t0.50,0.7018436109340738,0.8997555012210273,0.575299635226081,6135,9595,5520,1.0
case_0020,fusion_w0.40_t0.55,0.7018436109340738,0.8997555012210273,0.575299635226081,6135,9595,5520,1.0
case_0020,fusion_w0.40_t0.60,0.7018436109340738,0.8997555012210273,0.575299635226081,6135,9595,5520,1.0
case_0020,fusion_w0.40_t0.65,0.6645109134999565,0.9396075442923613,0.514017717560694,5249,9595,4932,1.0
case_0020,fusion_w0.50_t0.35,0.8346100457555732,0.8235592532459176,0.8459614382482064,9856,9595,8117,1.0
case_0020,fusion_w0.50_t0.40,0.8210053766243038,0.8224220874285479,0.8195935383003443,9562,9595,7864,1.0
case_0020,fusion_w0.50_t0.45,0.7942624705626234,0.8163714380010821,0.7733194372060725,9089,9595,7420,1.0
case_0020,fusion_w0.50_t0.50,0.7018436109340738,0.8997555012210273,0.575299635226081,6135,9595,5520,1.0
case_0020,fusion_w0.50_t0.55,0.6668456736251145,0.9368162957356907,0.5176654507550623,5302,9595,4967,1.0
case_0020,fusion_w0.50_t0.60,0.6563201960379441,0.9460361067485361,0.5024491922871261,5096,9595,4821,1.0
case_0020,fusion_w0.50_t0.65,0.639845154154127,0.950112913157565,0.4823345492438954,4871,9595,4628,1.0
case_0020,fusion_w0.60_t0.35,0.845633518424611,0.8199706314235732,0.8729546638865315,10215,9595,8376,1.0
case_0020,fusion_w0.60_t0.40,0.8385842880519442,0.8233403635624953,0.8544033350694586,9957,9595,8198,1.0
case_0020,fusion_w0.60_t0.45,0.8307959479011109,0.9343749999987834,0.7478895257939052,7680,9595,7176,1.0
case_0020,fusion_w0.60_t0.50,0.8039755717873285,0.9447024060771849,0.6997394476282441,7107,9595,6714,1.0
case_0020,fusion_w0.60_t0.55,0.7591688571781454,0.9501801660646245,0.6321000521098153,6383,9595,6065,1.0
case_0020,fusion_w0.60_t0.60,0.6321575175672217,0.9508162411030749,0.47347576862900104,4778,9595,4543,1.0
case_0020,fusion_w0.60_t0.65,0.6146873450884394,0.9589041095869225,0.4523189161016651,4526,9595,4340,1.0
case_0020,fusion_w0.70_t0.35,0.8565734846383302,0.913459268003644,0.806357477852208,8470,9595,7737,1.0
case_0020,fusion_w0.70_t0.40,0.8441388715263116,0.9280359820078361,0.7741532047933567,8004,9595,7428,1.0
case_0020,fusion_w0.70_t0.45,0.8262318078199624,0.9406441309542978,0.7366336633655688,7514,9595,7068,1.0
case_0020,fusion_w0.70_t0.50,0.8047756179500811,0.9482539233692234,0.6990099009893704,7073,9595,6707,1.0
case_0020,fusion_w0.70_t0.55,0.7760880316513501,0.9538064123978821,0.6541948931728461,6581,9595,6277,1.0
case_0020,fusion_w0.70_t0.60,0.7417948717943963,0.963530391338945,0.6030224075032797,6005,9595,5786,1.0
case_0020,fusion_w0.70_t0.65,0.6869149437667944,0.9706889988561654,0.5315268368936618,5254,9595,5100,1.0
case_0020,fusion_w0.80_t0.35,0.841680672268436,0.9099939430637067,0.7829077644598406,8255,9595,7512,1.0
case_0020,fusion_w0.80_t0.40,0.8325589399410127,0.925873947434389,0.7563314226151575,7838,9595,7257,1.0
case_0020,fusion_w0.80_t0.45,0.8174239755777754,0.9358784782888347,0.7255862428340535,7439,9595,6962,1.0
case_0020,fusion_w0.80_t0.50,0.7940767603500791,0.945179856113748,0.6846274101087184,6950,9595,6569,1.0
case_0020,fusion_w0.80_t0.55,0.7750418656572753,0.9571078431357888,0.6511724856689409,6528,9595,6248,1.0
case_0020,fusion_w0.80_t0.60,0.7474282793426954,0.9658190224554726,0.6095883272531426,6056,9595,5849,1.0
case_0020,fusion_w0.80_t0.65,0.7120169401795182,0.9751676635835143,0.5607087024486078,5517,9595,5380,1.0
case_0021,nnunet,0.0,0.0,0.0,1184,1912,0,0.0
case_0021,medformer_lcc_t0.25,0.24380847550874546,0.16542195668378376,0.4633891213364886,5356,1912,886,1.0
case_0021,union_t0.25,0.24014094050651832,0.16206328882355578,0.4633891213364886,5467,1912,886,1.0
case_0021,intersection_t0.25,0.0,0.0,0.0,1073,1912,0,0.0
case_0021,medformer_lcc_t0.30,0.2457438934119234,0.17138137518031926,0.43410041840777147,4843,1912,830,1.0
case_0021,union_t0.30,0.24085896691781652,0.166666666666332,0.43410041840777147,4980,1912,830,1.0
case_0021,intersection_t0.30,0.0,0.0,0.0,1047,1912,0,0.0
case_0021,medformer_lcc_t0.35,0.24021808851789575,0.17321924144270764,0.39173640167159135,4324,1912,749,1.0
case_0021,union_t0.35,0.23431878617200952,0.16715018968942838,0.39173640167159135,4481,1912,749,1.0
case_0021,intersection_t0.35,0.0,0.0,0.0,1027,1912,0,0.0
case_0021,medformer_lcc_t0.40,0.21977264898343132,0.16384180790918376,0.3336820083664557,3894,1912,638,1.0
case_0021,union_t0.40,0.2132709343135329,0.15671825104358458,0.3336820083664557,4071,1912,638,1.0
case_0021,intersection_t0.40,0.0,0.0,0.0,1007,1912,0,0.0
case_0021,medformer_lcc_t0.45,0.19830132939402087,0.15325342465709688,0.2808577405843051,3504,1912,537,1.0
case_0021,union_t0.45,0.1909333333329939,0.14462698626408665,0.2808577405843051,3713,1912,537,1.0
case_0021,intersection_t0.45,0.0,0.0,0.0,975,1912,0,0.0
case_0021,medformer_lcc_t0.50,0.17518826793465084,0.14103382259048808,0.23117154811594576,3134,1912,442,1.0
case_0021,union_t0.50,0.16694995278533153,0.13065326633127208,0.23117154811594576,3383,1912,442,1.0
case_0021,intersection_t0.50,0.0,0.0,0.0,935,1912,0,0.0
case_0021,medformer_lcc_t0.55,0.1411264612111772,0.118868600071182,0.17364016736310858,2793,1912,332,1.0
case_0021,union_t0.55,0.13314618006791026,0.10796747967444564,0.17364016736310858,3075,1912,332,1.0
case_0021,intersection_t0.55,0.0,0.0,0.0,902,1912,0,0.0
case_0021,medformer_lcc_t0.60,0.11123774789124405,0.09858585858546026,0.12761506276083884,2475,1912,244,1.0
case_0021,union_t0.60,0.10385188337922142,0.08754933620348924,0.12761506276083884,2787,1912,244,1.0
case_0021,intersection_t0.60,0.0,0.0,0.0,872,1912,0,0.0
case_0021,medformer_lcc_t0.65,0.07601184600178675,0.07196261682209364,0.08054393305397206,2140,1912,154,1.0
case_0021,union_t0.65,0.06968325791839439,0.061403508771684996,0.08054393305397206,2508,1912,154,1.0
case_0021,intersection_t0.65,0.0,0.0,0.0,816,1912,0,0.0
case_0021,medformer_lcc_t0.70,0.0380641653071287,0.03963759909377329,0.036610878660896386,1766,1912,70,1.0
case_0021,union_t0.70,0.0341880341879507,0.032065964269207214,0.036610878660896386,2183,1912,70,1.0
case_0021,intersection_t0.70,0.0,0.0,0.0,767,1912,0,0.0
case_0021,medformer_lcc_t0.75,0.0043116723128909405,0.005243445692844619,0.0036610878660896387,1335,1912,7,1.0
case_0021,union_t0.75,0.003747323340461062,0.0038377192982245742,0.0036610878660896387,1824,1912,7,1.0
case_0021,intersection_t0.75,0.0,0.0,0.0,695,1912,0,0.0
case_0021,fusion_w0.40_t0.35,0.0,0.0,0.0,1379,1912,0,0.0
case_0021,fusion_w0.40_t0.40,0.0,0.0,0.0,1184,1912,0,0.0
case_0021,fusion_w0.40_t0.45,0.0,0.0,0.0,1184,1912,0,0.0
case_0021,fusion_w0.40_t0.50,0.0,0.0,0.0,1184,1912,0,0.0
case_0021,fusion_w0.40_t0.55,0.0,0.0,0.0,1184,1912,0,0.0
case_0021,fusion_w0.40_t0.60,0.0,0.0,0.0,1184,1912,0,0.0
case_0021,fusion_w0.40_t0.65,0.0,0.0,0.0,1136,1912,0,0.0
case_0021,fusion_w0.50_t0.35,0.0341880341879507,0.032065964269207214,0.036610878660896386,2183,1912,70,1.0
case_0021,fusion_w0.50_t0.40,0.0,0.0,0.0,1538,1912,0,0.0
case_0021,fusion_w0.50_t0.45,0.0,0.0,0.0,1330,1912,0,0.0
case_0021,fusion_w0.50_t0.50,0.0,0.0,0.0,1184,1912,0,0.0
case_0021,fusion_w0.50_t0.55,0.0,0.0,0.0,1145,1912,0,0.0
case_0021,fusion_w0.50_t0.60,0.0,0.0,0.0,1105,1912,0,0.0
case_0021,fusion_w0.50_t0.65,0.0,0.0,0.0,1047,1912,0,0.0
case_0021,fusion_w0.60_t0.35,0.11556111806400593,0.09611380985393438,0.14487447698668998,2882,1912,277,1.0
case_0021,fusion_w0.60_t0.40,0.05870117864557731,0.05258799171820875,0.06642259414191203,2415,1912,127,1.0
case_0021,fusion_w0.60_t0.45,0.0037817396002058842,0.003910614525117818,0.0036610878660896387,1790,1912,7,1.0
case_0021,fusion_w0.60_t0.50,0.0,0.0,0.0,1397,1912,0,0.0
case_0021,fusion_w0.60_t0.55,0.0,0.0,0.0,1187,1912,0,0.0
case_0021,fusion_w0.60_t0.60,0.0,0.0,0.0,1033,1912,0,0.0
case_0021,fusion_w0.60_t0.65,0.0,0.0,0.0,992,1912,0,0.0
case_0021,fusion_w0.70_t0.35,0.16786935055038385,0.1317829457360412,0.23117154811594576,3354,1912,442,1.0
case_0021,fusion_w0.70_t0.40,0.12349272349246676,0.1024844720493358,0.15533472803266038,2898,1912,297,1.0
case_0021,fusion_w0.70_t0.45,0.07492005481938117,0.06650446066477492,0.08577405857695726,2466,1912,164,1.0
case_0021,fusion_w0.70_t0.50,0.024844720496830112,0.024590163934300257,0.025104602510328953,1952,1912,48,1.0
case_0021,fusion_w0.70_t0.55,0.0,0.0,0.0,1424,1912,0,0.0
case_0021,fusion_w0.70_t0.60,0.0,0.0,0.0,1224,1912,0,0.0
case_0021,fusion_w0.70_t0.65,0.0,0.0,0.0,1024,1912,0,0.0
case_0021,fusion_w0.80_t0.35,0.1988324783297385,0.15022721197500608,0.29393305439176814,3741,1912,562,1.0
case_0021,fusion_w0.80_t0.40,0.17052469135769574,0.1350855745717143,0.23117154811594576,3272,1912,442,1.0
case_0021,fusion_w0.80_t0.45,0.1314082444023197,0.10952214858699155,0.16422594142173522,2867,1912,314,1.0
case_0021,fusion_w0.80_t0.50,0.09148839326333298,0.08098307816244568,0.10512552301200248,2482,1912,201,1.0
case_0021,fusion_w0.80_t0.55,0.04564835716065802,0.04385542168653564,0.047594142259165306,2075,1912,91,1.0
case_0021,fusion_w0.80_t0.60,0.004014912532251176,0.004444444444416226,0.0036610878660896387,1575,1912,7,1.0
case_0021,fusion_w0.80_t0.65,0.0,0.0,0.0,1230,1912,0,0.0
case_0028,nnunet,0.4884418563605286,0.9232821881192577,0.3320537428015066,1499,4168,1384,1.0
case_0028,medformer_lcc_t0.25,0.6768884512580153,0.818089085342339,0.5772552783095556,2941,4168,2406,1.0
case_0028,union_t0.25,0.6494365507096406,0.6634134134117532,0.6360364683286084,3996,4168,2651,1.0
case_0028,intersection_t0.25,0.42643204792132827,0.9701873935181415,0.27327255278245377,1174,4168,1139,1.0
case_0028,medformer_lcc_t0.30,0.666567871961075,0.8717054263532105,0.5395873320524482,2580,4168,2249,1.0
case_0028,union_t0.30,0.6405892811777488,0.6805180787893133,0.6050863723593928,3706,4168,2522,1.0
case_0028,intersection_t0.30,0.4182194616969354,0.970305676847421,0.26655470249456203,1145,4168,1111,1.0
case_0028,medformer_lcc_t0.35,0.6472581638930264,0.9040447504264026,0.504078694816449,2324,4168,2101,1.0
case_0028,union_t0.35,0.6279916753373725,0.6857954545435063,0.5791746641060961,3520,4168,2414,1.0
case_0028,intersection_t0.35,0.4063745019912609,0.970988213953119,0.2569577735118595,1103,4168,1071,1.0
case_0028,medformer_lcc_t0.40,0.6332908163255209,0.9439163498053997,0.4764875239911793,2104,4168,1986,1.0
case_0028,union_t0.40,0.6176431688921867,0.6881815502484876,0.5602207293652586,3393,4168,2335,1.0
case_0028,intersection_t0.40,0.39556659659775356,0.9718309859063679,0.24832053742742727,1065,4168,1035,1.0
case_0028,medformer_lcc_t0.45,0.6093494606070459,0.955897435892534,0.44721689059393666,1950,4168,1864,1.0
case_0028,union_t0.45,0.604963112004554,0.6860358989939579,0.5410268713998536,3287,4168,2255,1.0
case_0028,intersection_t0.45,0.3830279652837357,0.9764011799314022,0.23824376199558964,1017,4168,993,1.0
case_0028,medformer_lcc_t0.50,0.5844504021437928,0.9688888888835062,0.4184261036458291,1800,4168,1744,1.0
case_0028,union_t0.50,0.5908286841739137,0.682489783084934,0.5208733205361783,3181,4168,2171,1.0
case_0028,intersection_t0.50,0.3723011087329852,0.9835560123228823,0.22960652591115738,973,4168,957,1.0
case_0028,medformer_lcc_t0.55,0.5549828178684623,0.9776029055630896,0.38747600767661355,1652,4168,1615,1.0
case_0028,union_t0.55,0.6507042253510944,0.9356435643522248,0.4988003838759626,2222,4168,2079,1.0
case_0028,intersection_t0.55,0.36099666470402003,0.9903121636061323,0.22072936660215756,929,4168,920,1.0
case_0028,medformer_lcc_t0.60,0.5165398903228082,0.9831649831583626,0.35028790786864133,1485,4168,1460,1.0
case_0028,union_t0.60,0.6316960737551555,0.9359397079560248,0.47672744721574684,2123,4168,1987,1.0
case_0028,intersection_t0.60,0.34082322529262116,0.9953542392451178,0.20561420345440112,861,4168,857,1.0
case_0028,medformer_lcc_t0.65,0.4702870725901074,0.9884704073713416,0.30854126679388544,1301,4168,1286,1.0
case_0028,union_t0.65,0.6090614886721536,0.9353876739516135,0.45153550863615277,2012,4168,1882,1.0
case_0028,intersection_t0.65,0.31799838579435435,0.9999999999873096,0.18905950095923932,788,4168,788,1.0
case_0028,medformer_lcc_t0.70,0.4225830815701991,0.9920212765869503,0.26847408829110253,1128,4168,1119,1.0
case_0028,union_t0.70,0.5911701953051187,0.9355844155795554,0.4321017274461802,1925,4168,1801,1.0
case_0028,intersection_t0.70,0.2882956878844183,0.999999999985755,0.16842610364642893,702,4168,702,1.0
case_0028,medformer_lcc_t0.75,0.3624950961154129,0.9935483870860908,0.2216890595004278,930,4168,924,1.0
case_0028,union_t0.75,0.5691409507913776,0.9337712096281677,0.40930902111226175,1827,4168,1706,1.0
case_0028,intersection_t0.75,0.2524109014669761,0.9999999999833887,0.14443378118967268,602,4168,602,1.0
case_0028,fusion_w0.40_t0.35,0.5342231348382371,0.9313842482044667,0.37452015354996515,1676,4168,1561,1.0
case_0028,fusion_w0.40_t0.40,0.4884418563605286,0.9232821881192577,0.3320537428015066,1499,4168,1384,1.0
case_0028,fusion_w0.40_t0.45,0.4884418563605286,0.9232821881192577,0.3320537428015066,1499,4168,1384,1.0
case_0028,fusion_w0.40_t0.50,0.4884418563605286,0.9232821881192577,0.3320537428015066,1499,4168,1384,1.0
case_0028,fusion_w0.40_t0.55,0.4884418563605286,0.9232821881192577,0.3320537428015066,1499,4168,1384,1.0
case_0028,fusion_w0.40_t0.60,0.4884418563605286,0.9232821881192577,0.3320537428015066,1499,4168,1384,1.0
case_0028,fusion_w0.40_t0.65,0.44805314633613574,0.970423661063386,0.291266794625021,1251,4168,1214,1.0
case_0028,fusion_w0.50_t0.35,0.5911701953051187,0.9355844155795554,0.4321017274461802,1925,4168,1801,1.0
case_0028,fusion_w0.50_t0.40,0.5520622041910884,0.9342105263104451,0.39179462571882967,1748,4168,1633,1.0
case_0028,fusion_w0.50_t0.45,0.527672739772211,0.9303030302973921,0.36828214971120854,1650,4168,1535,1.0
case_0028,fusion_w0.50_t0.50,0.4884418563605286,0.9232821881192577,0.3320537428015066,1499,4168,1384,1.0
case_0028,fusion_w0.50_t0.55,0.451956641557134,0.9647058823453749,0.29510556621810197,1275,4168,1230,1.0
case_0028,fusion_w0.50_t0.60,0.4357209302317475,0.9701739850789547,0.28095009596861575,1207,4168,1171,1.0
case_0028,fusion_w0.50_t0.65,0.4182194616969354,0.970305676847421,0.26655470249456203,1145,4168,1111,1.0
case_0028,fusion_w0.60_t0.35,0.637571157494248,0.9350649350605981,0.48368522072820613,2156,4168,2016,1.0
case_0028,fusion_w0.60_t0.40,0.6006514657970674,0.9350912778857248,0.44241842610258536,1972,4168,1844,1.0
case_0028,fusion_w0.60_t0.45,0.5411195577046629,0.9666666666606997,0.37571976967280296,1620,4168,1566,1.0
case_0028,fusion_w0.60_t0.50,0.5020488152494174,0.9750865051835634,0.3380518234156957,1445,4168,1409,1.0
case_0028,fusion_w0.60_t0.55,0.4652181851369998,0.9732620320781264,0.3056621880990747,1309,4168,1274,1.0
case_0028,fusion_w0.60_t0.60,0.4099943214075147,0.9713004484217822,0.25983685220667024,1115,4168,1083,1.0
case_0028,fusion_w0.60_t0.65,0.39225460122624184,0.9761450381586246,0.2454414587326165,1048,4168,1023,1.0
case_0028,fusion_w0.70_t0.35,0.6124287000891437,0.8179631114642424,0.4894433781178276,2494,4168,2040,1.0
case_0028,fusion_w0.70_t0.40,0.6099244166930498,0.9676746611002729,0.4452975047973961,1918,4168,1856,1.0
case_0028,fusion_w0.70_t0.45,0.5677922959433772,0.9698550724581458,0.4013915547015322,1725,4168,1673,1.0
case_0028,fusion_w0.70_t0.50,0.5275494140274137,0.9735313105166332,0.36180422264788437,1549,4168,1508,1.0
case_0028,fusion_w0.70_t0.55,0.4822976878604005,0.9758771929753226,0.32029750479769603,1368,4168,1335,1.0
case_0028,fusion_w0.70_t0.60,0.4470370370362092,0.9797077921998402,0.28958733205304804,1232,4168,1207,1.0
case_0028,fusion_w0.70_t0.65,0.41063627730216407,0.985414767538875,0.2593570057575351,1097,4168,1081,1.0
case_0028,fusion_w0.80_t0.35,0.6335784313715784,0.876271186436965,0.4961612284057194,2360,4168,2068,1.0
case_0028,fusion_w0.80_t0.40,0.6120114394651859,0.9059266227614962,0.4620921305171255,2126,4168,1926,1.0
case_0028,fusion_w0.80_t0.45,0.5904317386221196,0.9672310212945536,0.42490403070915334,1831,4168,1771,1.0
case_0028,fusion_w0.80_t0.50,0.5511675824166361,0.9692028985448721,0.38507677543093793,1656,4168,1605,1.0
case_0028,fusion_w0.80_t0.55,0.510540301150557,0.9756262694585266,0.34572936660185766,1477,4168,1441,1.0
case_0028,fusion_w0.80_t0.60,0.4677271896133338,0.9830899308148879,0.3068618042219125,1301,4168,1279,1.0
case_0028,fusion_w0.80_t0.65,0.4297271872052122,0.9956408020837347,0.27399232245615646,1147,4168,1142,1.0
case_0031,nnunet,0.0,0.0,0.0,0,2149,0,0.0
case_0031,medformer_lcc_t0.25,0.6736621196208318,0.6135321100893978,0.7468590041845191,2616,2149,1605,1.0
case_0031,union_t0.25,0.6736621196208318,0.6135321100893978,0.7468590041845191,2616,2149,1605,1.0
case_0031,intersection_t0.25,0.0,0.0,0.0,0,2149,0,0.0
case_0031,medformer_lcc_t0.30,0.675059691771923,0.6326281529673204,0.7235923685401415,2458,2149,1555,1.0
case_0031,union_t0.30,0.675059691771923,0.6326281529673204,0.7235923685401415,2458,2149,1555,1.0
case_0031,intersection_t0.30,0.0,0.0,0.0,0,2149,0,0.0
case_0031,medformer_lcc_t0.35,0.6746067415715178,0.6523250760510547,0.6984644020442138,2301,2149,1501,1.0
case_0031,union_t0.35,0.6746067415715178,0.6523250760510547,0.6984644020442138,2301,2149,1501,1.0
case_0031,intersection_t0.35,0.0,0.0,0.0,0,2149,0,0.0
case_0031,medformer_lcc_t0.40,0.6773668294936558,0.6772093023224316,0.677524429964274,2150,2149,1456,1.0
case_0031,union_t0.40,0.6773668294936558,0.6772093023224316,0.677524429964274,2150,2149,1456,1.0
case_0031,intersection_t0.40,0.0,0.0,0.0,0,2149,0,0.0
case_0031,medformer_lcc_t0.45,0.6803827751179895,0.7001477104839974,0.6617031177260972,2031,2149,1422,1.0
case_0031,union_t0.45,0.6803827751179895,0.7001477104839974,0.6617031177260972,2031,2149,1422,1.0
case_0031,intersection_t0.45,0.0,0.0,0.0,0,2149,0,0.0
case_0031,medformer_lcc_t0.50,0.6758793969832264,0.734571272524661,0.6258724988337558,1831,2149,1345,1.0
case_0031,union_t0.50,0.6758793969832264,0.734571272524661,0.6258724988337558,1831,2149,1345,1.0
case_0031,intersection_t0.50,0.0,0.0,0.0,0,2149,0,0.0
case_0031,medformer_lcc_t0.55,0.6609374999982788,0.7504435245372535,0.590507212654302,1691,2149,1269,1.0
case_0031,union_t0.55,0.6609374999982788,0.7504435245372535,0.590507212654302,1691,2149,1269,1.0
case_0031,intersection_t0.55,0.0,0.0,0.0,0,2149,0,0.0
case_0031,medformer_lcc_t0.60,0.6593758335538561,0.7724999999951719,0.5751512331290128,1600,2149,1236,1.0
case_0031,union_t0.60,0.6593758335538561,0.7724999999951719,0.5751512331290128,1600,2149,1236,1.0
case_0031,intersection_t0.60,0.0,0.0,0.0,0,2149,0,0.0
case_0031,medformer_lcc_t0.65,0.6573694284915029,0.7970822281114253,0.5593299208908361,1508,2149,1202,1.0
case_0031,union_t0.65,0.6573694284915029,0.7970822281114253,0.5593299208908361,1508,2149,1202,1.0
case_0031,intersection_t0.65,0.0,0.0,0.0,0,2149,0,0.0
case_0031,medformer_lcc_t0.70,0.6528555431112743,0.819395643001972,0.5425779432268842,1423,2149,1166,1.0
case_0031,union_t0.70,0.6528555431112743,0.819395643001972,0.5425779432268842,1423,2149,1166,1.0
case_0031,intersection_t0.70,0.0,0.0,0.0,0,2149,0,0.0
case_0031,medformer_lcc_t0.75,0.6396344945727024,0.8277900960766609,0.5211726384340569,1353,2149,1120,1.0
case_0031,union_t0.75,0.6396344945727024,0.8277900960766609,0.5211726384340569,1353,2149,1120,1.0
case_0031,intersection_t0.75,0.0,0.0,0.0,0,2149,0,0.0
case_0031,fusion_w0.40_t0.35,0.5999999999981928,0.8505550811199782,0.46347138203600063,1171,2149,996,1.0
case_0031,fusion_w0.40_t0.40,0.0,0.0,0.0,0,2149,0,0.0
case_0031,fusion_w0.40_t0.45,0.0,0.0,0.0,0,2149,0,0.0
case_0031,fusion_w0.40_t0.50,0.0,0.0,0.0,0,2149,0,0.0
case_0031,fusion_w0.40_t0.55,0.0,0.0,0.0,0,2149,0,0.0
case_0031,fusion_w0.40_t0.60,0.0,0.0,0.0,0,2149,0,0.0
case_0031,fusion_w0.40_t0.65,0.0,0.0,0.0,0,2149,0,0.0
case_0031,fusion_w0.50_t0.35,0.6528555431112743,0.819395643001972,0.5425779432268842,1423,2149,1166,1.0
case_0031,fusion_w0.50_t0.40,0.6254736228486579,0.836973478932629,0.49930200092834204,1282,2149,1073,1.0
case_0031,fusion_w0.50_t0.45,0.5923896499220932,0.8565140844995026,0.452768729639587,1136,2149,973,1.0
case_0031,fusion_w0.50_t0.50,0.0,0.0,0.0,0,2149,0,0.0
case_0031,fusion_w0.50_t0.55,0.0,0.0,0.0,0,2149,0,0.0
case_0031,fusion_w0.50_t0.60,0.0,0.0,0.0,0,2149,0,0.0
case_0031,fusion_w0.50_t0.65,0.0,0.0,0.0,0,2149,0,0.0
case_0031,fusion_w0.60_t0.35,0.6592474827751478,0.7655384615337506,0.5788738948321133,1625,2149,1244,1.0
case_0031,fusion_w0.60_t0.40,0.6567246616938506,0.807744565211904,0.5532805956232979,1472,2149,1189,1.0
case_0031,fusion_w0.60_t0.45,0.6396344945727024,0.8277900960766609,0.5211726384340569,1353,2149,1120,1.0
case_0031,fusion_w0.60_t0.50,0.6185141509415728,0.8439259855121165,0.4881340158190408,1243,2149,1049,1.0
case_0031,fusion_w0.60_t0.55,0.5830258302565098,0.8594741613702678,0.4411354118173982,1103,2149,948,1.0
case_0031,fusion_w0.60_t0.60,0.0,0.0,0.0,0,2149,0,0.0
case_0031,fusion_w0.60_t0.65,0.0,0.0,0.0,0,2149,0,0.0
case_0031,fusion_w0.70_t0.35,0.6758793969832264,0.734571272524661,0.6258724988337558,1831,2149,1345,1.0
case_0031,fusion_w0.70_t0.40,0.658061116963493,0.7583485124422688,0.5812005583965509,1647,2149,1249,1.0
case_0031,fusion_w0.70_t0.45,0.6583174516725884,0.7933070866089679,0.5625872498810489,1524,2149,1209,1.0
case_0031,fusion_w0.70_t0.50,0.6489991542129997,0.823319027175799,0.535597952533571,1398,2149,1151,1.0
case_0031,fusion_w0.70_t0.55,0.6284057970996278,0.8332052267422506,0.5044206607701051,1301,2149,1084,1.0
case_0031,fusion_w0.70_t0.60,0.6100685135519509,0.8476821191982808,0.476500697996852,1208,2149,1024,1.0
case_0031,fusion_w0.70_t0.65,0.5786864931828417,0.8656163113914216,0.43462075383697246,1079,2149,934,1.0
case_0031,fusion_w0.80_t0.35,0.6794963174134486,0.6941747572781837,0.6654257794291977,2060,2149,1430,1.0
case_0031,fusion_w0.80_t0.40,0.6758793969832264,0.734571272524661,0.6258724988337558,1831,2149,1345,1.0
case_0031,fusion_w0.80_t0.45,0.6582677165337053,0.7549668874126734,0.5835272219609887,1661,2149,1254,1.0
case_0031,fusion_w0.80_t0.50,0.659838274930836,0.7841127482332857,0.5695672405743623,1561,2149,1224,1.0
case_0031,fusion_w0.80_t0.55,0.6561023074766302,0.8149171270661953,0.54909260120731,1448,2149,1180,1.0
case_0031,fusion_w0.80_t0.60,0.6396344945727024,0.8277900960766609,0.5211726384340569,1353,2149,1120,1.0
case_0031,fusion_w0.80_t0.65,0.6245614035069458,0.8402832415354817,0.49697533736390426,1271,2149,1068,1.0
case_0034,nnunet,0.6351758793964529,0.937221947600254,0.4803648340505696,4046,7894,3792,1.0
case_0034,medformer_lcc_t0.25,0.823838737948612,0.8805303357819851,0.7740055738525792,6939,7894,6110,1.0
case_0034,union_t0.25,0.8342872179456389,0.8677980019147834,0.8032683050407864,7307,7894,6341,1.0
case_0034,intersection_t0.25,0.6154510888345873,0.9681892332763236,0.4511021028623624,3678,7894,3561,1.0
case_0034,medformer_lcc_t0.30,0.8148250017184797,0.8911114453287846,0.750570053204015,6649,7894,5925,1.0
case_0034,union_t0.30,0.8290826545594678,0.8764822134374979,0.7865467443618108,7084,7894,6209,1.0
case_0034,intersection_t0.30,0.6098218166009475,0.9714760454140917,0.4443881428927738,3611,7894,3508,1.0
case_0034,medformer_lcc_t0.35,0.8049223884765733,0.8982521847676369,0.7291613883953266,6408,7894,5756,1.0
case_0034,union_t0.35,0.8225348302442699,0.8823273360405074,0.7703318976428043,6892,7894,6081,1.0
case_0034,intersection_t0.35,0.6052723463681867,0.9733295901151788,0.439194324803092,3562,7894,3467,1.0
case_0034,medformer_lcc_t0.40,0.7898452542246381,0.9035731766994558,0.7015454775770186,6129,7894,5538,1.0
case_0034,union_t0.40,0.8133269349415141,0.8862991184806719,0.7514568026339606,6693,7894,5932,1.0
case_0034,intersection_t0.40,0.5973980309418095,0.975875933368823,0.4304535089936275,3482,7894,3398,1.0
case_0034,medformer_lcc_t0.45,0.7758808572460764,0.9095554420015167,0.6764631365585553,5871,7894,5340,1.0
case_0034,union_t0.45,0.8055536272122141,0.8911073567794638,0.7349885989349696,6511,7894,5802,1.0
case_0034,intersection_t0.45,0.5893805309729298,0.9776864356988324,0.42183937167415525,3406,7894,3330,1.0
case_0034,medformer_lcc_t0.50,0.7602607793741589,0.9155960028534696,0.6499873321501773,5604,7894,5131,1.0
case_0034,union_t0.50,0.7971585314384603,0.8961100569245792,0.7178870027860174,6324,7894,5667,1.0
case_0034,intersection_t0.50,0.5803921568622278,0.9789536981329556,0.4124651634147296,3326,7894,3256,1.0
case_0034,medformer_lcc_t0.55,0.7441158720573746,0.9198060425197319,0.6247783126417219,5362,7894,4932,1.0
case_0034,union_t0.55,0.7890730596850045,0.899886418950349,0.7025589054969564,6163,7894,5546,1.0
case_0034,intersection_t0.55,0.5706077744855277,0.9793528505362732,0.402584241195335,3245,7894,3178,1.0
case_0034,medformer_lcc_t0.60,0.7263933671113723,0.9218628215102848,0.5993159361532818,5132,7894,4731,1.0
case_0034,union_t0.60,0.7798950168974043,0.9018792615983671,0.6869774512279111,6013,7894,5423,1.0
case_0034,intersection_t0.60,0.560629351658775,0.9794628751943777,0.39270331897594035,3165,7894,3100,1.0
case_0034,medformer_lcc_t0.65,0.7098997493728776,0.929831760359192,0.5741069166448263,4874,7894,4532,1.0
case_0034,union_t0.65,0.7727471247628673,0.9082819986295204,0.6724094248788036,5844,7894,5308,1.0
case_0034,intersection_t0.65,0.5498632634452599,0.9804941482412858,0.3820623258165923,3076,7894,3016,1.0
case_0034,medformer_lcc_t0.70,0.6897212682687567,0.9332180678605291,0.5469977197864873,4627,7894,4318,1.0
case_0034,union_t0.70,0.7629913145879854,0.9105762473631227,0.6565746136297738,5692,7894,5183,1.0
case_0034,intersection_t0.70,0.5382988505742177,0.9818852733948947,0.370787940207283,2981,7894,2927,1.0
case_0034,medformer_lcc_t0.75,0.6679712981077397,0.9372997711649033,0.5188750950082102,4370,7894,4096,1.0
case_0034,union_t0.75,0.7544081541546355,0.9140075716587092,0.6422599442606508,5547,7894,5070,1.0
case_0034,intersection_t0.75,0.5236458236546282,0.9822237713454786,0.356979984798129,2869,7894,2818,1.0
case_0034,fusion_w0.40_t0.35,0.7197402998912352,0.923076923075093,0.589815049403864,5044,7894,4656,1.0
case_0034,fusion_w0.40_t0.40,0.6351758793964529,0.937221947600254,0.4803648340505696,4046,7894,3792,1.0
case_0034,fusion_w0.40_t0.45,0.6351758793964529,0.937221947600254,0.4803648340505696,4046,7894,3792,1.0
case_0034,fusion_w0.40_t0.50,0.6351758793964529,0.937221947600254,0.4803648340505696,4046,7894,3792,1.0
case_0034,fusion_w0.40_t0.55,0.6351758793964529,0.937221947600254,0.4803648340505696,4046,7894,3792,1.0
case_0034,fusion_w0.40_t0.60,0.6351758793964529,0.937221947600254,0.4803648340505696,4046,7894,3792,1.0
case_0034,fusion_w0.40_t0.65,0.6248932900797124,0.9581151832435651,0.46364327337159406,3820,7894,3660,1.0
case_0034,fusion_w0.50_t0.35,0.7629913145879854,0.9105762473631227,0.6565746136297738,5692,7894,5183,1.0
case_0034,fusion_w0.50_t0.40,0.7413220645934641,0.9167599850673446,0.622244742841877,5358,7894,4912,1.0
case_0034,fusion_w0.50_t0.45,0.7112116014340314,0.9247769667458946,0.5777805928546013,4932,7894,4561,1.0
case_0034,fusion_w0.50_t0.50,0.6351758793964529,0.937221947600254,0.4803648340505696,4046,7894,3792,1.0
case_0034,fusion_w0.50_t0.55,0.6256069511878135,0.9550065019481014,0.46516341525150096,3845,7894,3672,1.0
case_0034,fusion_w0.50_t0.60,0.6188263637922743,0.9645922746755242,0.4555358500120908,3728,7894,3596,1.0
case_0034,fusion_w0.50_t0.65,0.6098218166009475,0.9714760454140917,0.4443881428927738,3611,7894,3508,1.0
case_0034,fusion_w0.60_t0.35,0.7836307604093861,0.9022941079371146,0.6925513047875697,6059,7894,5467,1.0
case_0034,fusion_w0.60_t0.40,0.7689834100703289,0.908792537569686,0.6664555358491684,5789,7894,5261,1.0
case_0034,fusion_w0.60_t0.45,0.7491139431409779,0.925470467671091,0.6292120597914502,5367,7894,4967,1.0
case_0034,fusion_w0.60_t0.50,0.7229178007615499,0.936153071498618,0.588801621483926,4965,7894,4648,1.0
case_0034,fusion_w0.60_t0.55,0.6881164106704218,0.9508489722945692,0.5391436534069685,4476,7894,4256,1.0
case_0034,fusion_w0.60_t0.60,0.6068003487353035,0.973154362413386,0.4408411451729911,3576,7894,3480,1.0
case_0034,fusion_w0.60_t0.65,0.594556504888052,0.9757155247153059,0.427539903723806,3459,7894,3375,1.0
case_0034,fusion_w0.70_t0.35,0.792826133370726,0.9046613610509913,0.7055991892567702,6157,7894,5570,1.0
case_0034,fusion_w0.70_t0.40,0.7781659388640624,0.9144714334572109,0.6772232074985087,5846,7894,5346,1.0
case_0034,fusion_w0.70_t0.45,0.7620679380208863,0.924954792041727,0.6479604763103015,5530,7894,5115,1.0
case_0034,fusion_w0.70_t0.50,0.7442498095957774,0.9331550802121216,0.6189511021020788,5236,7894,4886,1.0
case_0034,fusion_w0.70_t0.55,0.7216366049810872,0.9405658457135344,0.5853813022541355,4913,7894,4621,1.0
case_0034,fusion_w0.70_t0.60,0.6916760586051427,0.9487632508812969,0.544210793006658,4528,7894,4296,1.0
case_0034,fusion_w0.70_t0.65,0.6513807531375302,0.9595660749483246,0.4930326830497935,4056,7894,3892,1.0
case_0034,fusion_w0.80_t0.35,0.7981054715108171,0.9029110684566493,0.7151000760061881,6252,7894,5645,1.0
case_0034,fusion_w0.80_t0.40,0.7849819494579169,0.9126930826042433,0.6886242715978103,5956,7894,5436,1.0
case_0034,fusion_w0.80_t0.45,0.7693668460228721,0.9199717962261238,0.6611350392694944,5673,7894,5219,1.0
case_0034,fusion_w0.80_t0.50,0.751411153758748,0.9256443537902361,0.6323790220412562,5393,7894,4992,1.0
case_0034,fusion_w0.80_t0.55,0.7331590279908234,0.9328767123269416,0.6038763617930024,5110,7894,4767,1.0
case_0034,fusion_w0.80_t0.60,0.7128370411125596,0.9392997721132396,0.5743602736248108,4827,7894,4534,1.0
case_0034,fusion_w0.80_t0.65,0.6851239002335255,0.9441601779734279,0.5376235115270616,4495,7894,4244,1.0
case_0041,nnunet,0.9253444408837389,0.9863387978128602,0.871454435726166,7320,8285,7220,1.0
case_0041,medformer_lcc_t0.25,0.8319313871016373,0.7639337641349313,0.913216656607226,9904,8285,7566,1.0
case_0041,union_t0.25,0.8564817306135412,0.7727714119238951,0.9605310802643807,10298,8285,7958,1.0
case_0041,intersection_t0.25,0.8977713496805615,0.9858504187106759,0.8241400120690112,6926,8285,6828,1.0
case_0041,medformer_lcc_t0.30,0.8422888651320304,0.7888912310278363,0.9034399517188854,9488,8285,7485,1.0
case_0041,union_t0.30,0.8699901174915614,0.7979655554428462,0.9563065781521347,9929,8285,7923,1.0
case_0041,intersection_t0.30,0.8944869427585765,0.9858991132417708,0.8185878092929165,6879,8285,6782,1.0
case_0041,medformer_lcc_t0.35,0.8517964071851383,0.814378509302197,0.8928183464080954,9083,8285,7397,1.0
case_0041,union_t0.35,0.8831794010630376,0.8234864300617708,0.9522027761002386,9580,8285,7889,1.0
case_0041,intersection_t0.35,0.8906539581672686,0.9860765059343601,0.8120700060340228,6823,8285,6728,1.0
case_0041,medformer_lcc_t0.40,0.8594245449202235,0.8368210405936685,0.8832830416404546,8745,8285,7318,1.0
case_0041,union_t0.40,0.8940092165893531,0.845566078346055,0.9483403741690424,9292,8285,7857,1.0
case_0041,intersection_t0.40,0.8873688404828746,0.9864166543614552,0.8063971031975782,6773,8285,6681,1.0
case_0041,medformer_lcc_t0.45,0.8636227275449309,0.8586256263411374,0.8686783343381186,8382,8285,7197,1.0
case_0041,union_t0.45,0.9040050858227452,0.8672654690609145,0.9439951719964466,9018,8285,7821,1.0
case_0041,intersection_t0.45,0.8812879951894707,0.9868342309979251,0.796137598067838,6684,8285,6596,1.0
case_0041,medformer_lcc_t0.50,0.8639696895619261,0.8749845277870095,0.8532287266133334,8079,8285,7069,1.0
case_0041,union_t0.50,0.9109512950938952,0.8834202767057343,0.9402534701256001,8818,8285,7790,1.0
case_0041,intersection_t0.50,0.8743441409922814,0.9875398875535822,0.7844296922138992,6581,8285,6499,1.0
case_0041,medformer_lcc_t0.55,0.8668823090315583,0.8943652932859782,0.841038020517995,7791,8285,6968,1.0
case_0041,union_t0.55,0.9187141081043639,0.9015802928179159,0.9365117682547537,8606,8285,7759,1.0
case_0041,intersection_t0.55,0.869371196753976,0.9883166794758058,0.7759806879894073,6505,8285,6429,1.0
case_0041,medformer_lcc_t0.60,0.8640475738591358,0.907870247273454,0.8242607121293611,7522,8285,6829,1.0
case_0041,union_t0.60,0.9230217547209401,0.9141707114941231,0.932045866021808,8447,8285,7722,1.0
case_0041,intersection_t0.60,0.8619891008168514,0.9893666927271472,0.7636692818337191,6395,8285,6327,1.0
case_0041,medformer_lcc_t0.65,0.8595350035416631,0.921430544047333,0.8054315027147791,7242,8285,6673,1.0
case_0041,union_t0.65,0.9265114034023612,0.926287851368167,0.926735063366413,8289,8285,7678,1.0
case_0041,intersection_t0.65,0.8538260750097171,0.9907540251857313,0.750150875074532,6273,8285,6215,1.0
case_0041,medformer_lcc_t0.70,0.8510135800033779,0.9321644150604597,0.7828605914293507,6958,8285,6486,1.0
case_0041,union_t0.70,0.9287017885381866,0.9362197963928172,0.9213035606506682,8153,8285,7633,1.0
case_0041,intersection_t0.70,0.8428868841076732,0.9915102040800139,0.7330114665048484,6125,8285,6073,1.0
case_0041,medformer_lcc_t0.75,0.8404554588072066,0.944168547778865,0.7572721786351753,6645,8285,6274,1.0
case_0041,union_t0.75,0.9315673289177511,0.9467780132108354,0.9168376584177225,8023,8285,7596,1.0
case_0041,intersection_t0.75,0.8291277149076902,0.9925950858280165,0.7118889559436187,5942,8285,5898,1.0
case_0041,fusion_w0.40_t0.35,0.9357133940825516,0.968850975829173,0.904767652382734,7737,8285,7496,1.0
case_0041,fusion_w0.40_t0.40,0.9253444408837389,0.9863387978128602,0.871454435726166,7320,8285,7220,1.0
case_0041,fusion_w0.40_t0.45,0.9253444408837389,0.9863387978128602,0.871454435726166,7320,8285,7220,1.0
case_0041,fusion_w0.40_t0.50,0.9253444408837389,0.9863387978128602,0.871454435726166,7320,8285,7220,1.0
case_0041,fusion_w0.40_t0.55,0.9253444408837389,0.9863387978128602,0.871454435726166,7320,8285,7220,1.0
case_0041,fusion_w0.40_t0.60,0.9253444408837389,0.9863387978128602,0.871454435726166,7320,8285,7220,1.0
case_0041,fusion_w0.40_t0.65,0.9084163249359445,0.985871715172385,0.8422450211214939,7078,8285,6978,1.0
case_0041,fusion_w0.50_t0.35,0.9287017885381866,0.9362197963928172,0.9213035606506682,8153,8285,7633,1.0
case_0041,fusion_w0.50_t0.40,0.9332098765426338,0.9550221099166709,0.9123717561847767,7915,8285,7559,1.0
case_0041,fusion_w0.50_t0.45,0.9370103415851225,0.9745762711851701,0.9022329511153865,7670,8285,7475,1.0
case_0041,fusion_w0.50_t0.50,0.9253444408837389,0.9863387978128602,0.871454435726166,7320,8285,7220,1.0
case_0041,fusion_w0.50_t0.55,0.9108975191577406,0.9859412343582371,0.8464695232337398,7113,8285,7013,1.0
case_0041,fusion_w0.50_t0.60,0.9010355223483412,0.9858023806095141,0.8296922148451059,6973,8285,6874,1.0
case_0041,fusion_w0.50_t0.65,0.8944869427585765,0.9858991132417708,0.8185878092929165,6879,8285,6782,1.0
case_0041,fusion_w0.60_t0.35,0.921270635913391,0.9099364257111962,0.9328907664442572,8494,8285,7729,1.0
case_0041,fusion_w0.60_t0.40,0.9271098195901881,0.9300376533451595,0.9242003620990654,8233,8285,7657,1.0
case_0041,fusion_w0.60_t0.45,0.9191066997512908,0.9455009572419331,0.8941460470719442,7835,8285,7408,1.0
case_0041,fusion_w0.60_t0.50,0.9138813420099109,0.9588968443371004,0.8729028364503646,7542,8285,7232,1.0
case_0041,fusion_w0.60_t0.55,0.9098988858112256,0.9754211543758969,0.852625226311584,7242,8285,7064,1.0
case_0041,fusion_w0.60_t0.60,0.892061603542275,0.9859731151359059,0.8144840072410204,6844,8285,6748,1.0
case_0041,fusion_w0.60_t0.65,0.8851324371084219,0.9865005192093361,0.8026554013267317,6741,8285,6650,1.0
case_0041,fusion_w0.70_t0.35,0.8996928166346292,0.8810598171920848,0.9191309595643703,8643,8285,7615,1.0
case_0041,fusion_w0.70_t0.40,0.903654485049288,0.9044740024172859,0.9028364514171359,8270,8285,7480,1.0
case_0041,fusion_w0.70_t0.45,0.902351927102018,0.9209501068230226,0.8844900422439534,7957,8285,7328,1.0
case_0041,fusion_w0.70_t0.50,0.9007576231914716,0.9358574030693002,0.868195534096719,7686,8285,7193,1.0
case_0041,fusion_w0.70_t0.55,0.8991981672388321,0.9510028267587145,0.8527459263719338,7429,8285,7065,1.0
case_0041,fusion_w0.70_t0.60,0.8951691133668142,0.9641961549164612,0.8353651176815505,7178,8285,6921,1.0
case_0041,fusion_w0.70_t0.65,0.887114864418495,0.9783178114071911,0.8114665057322733,6872,8285,6723,1.0
case_0041,fusion_w0.80_t0.35,0.880511257035131,0.8561167483743516,0.9063367531672826,8771,8285,7509,1.0
case_0041,fusion_w0.80_t0.40,0.8855108025609638,0.8782051282040856,0.8929390464684454,8424,8285,7398,1.0
case_0041,fusion_w0.80_t0.45,0.8905430140324035,0.9004318322012332,0.8808690404334569,8105,8285,7298,1.0
case_0041,fusion_w0.80_t0.50,0.8905281428211688,0.9153816745241298,0.8669885334932202,7847,8285,7183,1.0
case_0041,fusion_w0.80_t0.55,0.888005552400222,0.9303278688512291,0.849366324682137,7564,8285,7037,1.0
case_0041,fusion_w0.80_t0.60,0.8831652643067099,0.9438495332222078,0.8298129149054558,7284,8285,6875,1.0
case_0041,fusion_w0.80_t0.65,0.8775776559639274,0.9552493251868799,0.8115872057926232,7039,8285,6724,1.0
case_0048,nnunet,0.0,0.0,0.0,0,1307,0,0.0
case_0048,medformer_lcc_t0.25,0.0,0.0,0.0,516,1307,0,0.0
case_0048,union_t0.25,0.0,0.0,0.0,516,1307,0,0.0
case_0048,intersection_t0.25,0.0,0.0,0.0,0,1307,0,0.0
case_0048,medformer_lcc_t0.30,0.0,0.0,0.0,365,1307,0,0.0
case_0048,union_t0.30,0.0,0.0,0.0,365,1307,0,0.0
case_0048,intersection_t0.30,0.0,0.0,0.0,0,1307,0,0.0
case_0048,medformer_lcc_t0.35,0.0,0.0,0.0,209,1307,0,0.0
case_0048,union_t0.35,0.0,0.0,0.0,209,1307,0,0.0
case_0048,intersection_t0.35,0.0,0.0,0.0,0,1307,0,0.0
case_0048,medformer_lcc_t0.40,0.0,0.0,0.0,133,1307,0,0.0
case_0048,union_t0.40,0.0,0.0,0.0,133,1307,0,0.0
case_0048,intersection_t0.40,0.0,0.0,0.0,0,1307,0,0.0
case_0048,medformer_lcc_t0.45,0.0,0.0,0.0,56,1307,0,0.0
case_0048,union_t0.45,0.0,0.0,0.0,56,1307,0,0.0
case_0048,intersection_t0.45,0.0,0.0,0.0,0,1307,0,0.0
case_0048,medformer_lcc_t0.50,0.0,0.0,0.0,0,1307,0,0.0
case_0048,union_t0.50,0.0,0.0,0.0,0,1307,0,0.0
case_0048,intersection_t0.50,0.0,0.0,0.0,0,1307,0,0.0
case_0048,medformer_lcc_t0.55,0.0,0.0,0.0,0,1307,0,0.0
case_0048,union_t0.55,0.0,0.0,0.0,0,1307,0,0.0
case_0048,intersection_t0.55,0.0,0.0,0.0,0,1307,0,0.0
case_0048,medformer_lcc_t0.60,0.0,0.0,0.0,0,1307,0,0.0
case_0048,union_t0.60,0.0,0.0,0.0,0,1307,0,0.0
case_0048,intersection_t0.60,0.0,0.0,0.0,0,1307,0,0.0
case_0048,medformer_lcc_t0.65,0.0,0.0,0.0,0,1307,0,0.0
case_0048,union_t0.65,0.0,0.0,0.0,0,1307,0,0.0
case_0048,intersection_t0.65,0.0,0.0,0.0,0,1307,0,0.0
case_0048,medformer_lcc_t0.70,0.0,0.0,0.0,0,1307,0,0.0
case_0048,union_t0.70,0.0,0.0,0.0,0,1307,0,0.0
case_0048,intersection_t0.70,0.0,0.0,0.0,0,1307,0,0.0
case_0048,medformer_lcc_t0.75,0.0,0.0,0.0,0,1307,0,0.0
case_0048,union_t0.75,0.0,0.0,0.0,0,1307,0,0.0
case_0048,intersection_t0.75,0.0,0.0,0.0,0,1307,0,0.0
case_0048,fusion_w0.40_t0.35,0.0,0.0,0.0,0,1307,0,0.0
case_0048,fusion_w0.40_t0.40,0.0,0.0,0.0,0,1307,0,0.0
case_0048,fusion_w0.40_t0.45,0.0,0.0,0.0,0,1307,0,0.0
case_0048,fusion_w0.40_t0.50,0.0,0.0,0.0,0,1307,0,0.0
case_0048,fusion_w0.40_t0.55,0.0,0.0,0.0,0,1307,0,0.0
case_0048,fusion_w0.40_t0.60,0.0,0.0,0.0,0,1307,0,0.0
case_0048,fusion_w0.40_t0.65,0.0,0.0,0.0,0,1307,0,0.0
case_0048,fusion_w0.50_t0.35,0.0,0.0,0.0,0,1307,0,0.0
case_0048,fusion_w0.50_t0.40,0.0,0.0,0.0,0,1307,0,0.0
case_0048,fusion_w0.50_t0.45,0.0,0.0,0.0,0,1307,0,0.0
case_0048,fusion_w0.50_t0.50,0.0,0.0,0.0,0,1307,0,0.0
case_0048,fusion_w0.50_t0.55,0.0,0.0,0.0,0,1307,0,0.0
case_0048,fusion_w0.50_t0.60,0.0,0.0,0.0,0,1307,0,0.0
case_0048,fusion_w0.50_t0.65,0.0,0.0,0.0,0,1307,0,0.0
case_0048,fusion_w0.60_t0.35,0.0,0.0,0.0,0,1307,0,0.0
case_0048,fusion_w0.60_t0.40,0.0,0.0,0.0,0,1307,0,0.0
case_0048,fusion_w0.60_t0.45,0.0,0.0,0.0,0,1307,0,0.0
case_0048,fusion_w0.60_t0.50,0.0,0.0,0.0,0,1307,0,0.0
case_0048,fusion_w0.60_t0.55,0.0,0.0,0.0,0,1307,0,0.0
case_0048,fusion_w0.60_t0.60,0.0,0.0,0.0,0,1307,0,0.0
case_0048,fusion_w0.60_t0.65,0.0,0.0,0.0,0,1307,0,0.0
case_0048,fusion_w0.70_t0.35,0.0,0.0,0.0,0,1307,0,0.0
case_0048,fusion_w0.70_t0.40,0.0,0.0,0.0,0,1307,0,0.0
case_0048,fusion_w0.70_t0.45,0.0,0.0,0.0,0,1307,0,0.0
case_0048,fusion_w0.70_t0.50,0.0,0.0,0.0,0,1307,0,0.0
case_0048,fusion_w0.70_t0.55,0.0,0.0,0.0,0,1307,0,0.0
case_0048,fusion_w0.70_t0.60,0.0,0.0,0.0,0,1307,0,0.0
case_0048,fusion_w0.70_t0.65,0.0,0.0,0.0,0,1307,0,0.0
case_0048,fusion_w0.80_t0.35,0.0,0.0,0.0,65,1307,0,0.0
case_0048,fusion_w0.80_t0.40,0.0,0.0,0.0,0,1307,0,0.0
case_0048,fusion_w0.80_t0.45,0.0,0.0,0.0,0,1307,0,0.0
case_0048,fusion_w0.80_t0.50,0.0,0.0,0.0,0,1307,0,0.0
case_0048,fusion_w0.80_t0.55,0.0,0.0,0.0,0,1307,0,0.0
case_0048,fusion_w0.80_t0.60,0.0,0.0,0.0,0,1307,0,0.0
case_0048,fusion_w0.80_t0.65,0.0,0.0,0.0,0,1307,0,0.0
case_0050,nnunet,0.0,0.0,0.0,0,10460,0,0.0
case_0050,medformer_lcc_t0.25,0.5696602580981237,0.9149746192874049,0.41357552581222407,4728,10460,4326,1.0
case_0050,union_t0.25,0.5696602580981237,0.9149746192874049,0.41357552581222407,4728,10460,4326,1.0
case_0050,intersection_t0.25,0.0,0.0,0.0,0,10460,0,0.0
case_0050,medformer_lcc_t0.30,0.5575773853484471,0.9366117753193399,0.39694072657705837,4433,10460,4152,1.0
case_0050,union_t0.30,0.5575773853484471,0.9366117753193399,0.39694072657705837,4433,10460,4152,1.0
case_0050,intersection_t0.30,0.0,0.0,0.0,0,10460,0,0.0
case_0050,medformer_lcc_t0.35,0.540717948717579,0.9493397358920784,0.37801147227497317,4165,10460,3954,1.0
case_0050,union_t0.35,0.540717948717579,0.9493397358920784,0.37801147227497317,4165,10460,3954,1.0
case_0050,intersection_t0.35,0.0,0.0,0.0,0,10460,0,0.0
case_0050,medformer_lcc_t0.40,0.518637442412035,0.9609415416426257,0.35516252390023406,3866,10460,3715,1.0
case_0050,union_t0.40,0.518637442412035,0.9609415416426257,0.35516252390023406,3866,10460,3715,1.0
case_0050,intersection_t0.40,0.0,0.0,0.0,0,10460,0,0.0
case_0050,medformer_lcc_t0.45,0.4930059948611954,0.9724099099071722,0.33021032504748543,3552,10460,3454,1.0
case_0050,union_t0.45,0.4930059948611954,0.9724099099071722,0.33021032504748543,3552,10460,3454,1.0
case_0050,intersection_t0.45,0.0,0.0,0.0,0,10460,0,0.0
case_0050,medformer_lcc_t0.50,0.43124065769773445,0.9880136986267534,0.2758126195026044,2920,10460,2885,1.0
case_0050,union_t0.50,0.43124065769773445,0.9880136986267534,0.2758126195026044,2920,10460,2885,1.0
case_0050,intersection_t0.50,0.0,0.0,0.0,0,10460,0,0.0
case_0050,medformer_lcc_t0.55,0.31475673502186186,0.99088607594435,0.1870936902483871,1975,10460,1957,1.0
case_0050,union_t0.55,0.31475673502186186,0.99088607594435,0.1870936902483871,1975,10460,1957,1.0
case_0050,intersection_t0.55,0.0,0.0,0.0,0,10460,0,0.0
case_0050,medformer_lcc_t0.60,0.23926019335835286,0.9916376306551106,0.13604206500943017,1435,10460,1423,1.0
case_0050,union_t0.60,0.23926019335835286,0.9916376306551106,0.13604206500943017,1435,10460,1423,1.0
case_0050,intersection_t0.60,0.0,0.0,0.0,0,10460,0,0.0
case_0050,medformer_lcc_t0.65,0.15346621979171504,0.9908883826766414,0.0831739961758287,878,10460,870,1.0
case_0050,union_t0.65,0.15346621979171504,0.9908883826766414,0.0831739961758287,878,10460,870,1.0
case_0050,intersection_t0.65,0.0,0.0,0.0,0,10460,0,0.0
case_0050,medformer_lcc_t0.70,0.10144270029933632,0.9964349375936464,0.05344168260033132,561,10460,559,1.0
case_0050,union_t0.70,0.10144270029933632,0.9964349375936464,0.05344168260033132,561,10460,559,1.0
case_0050,intersection_t0.70,0.0,0.0,0.0,0,10460,0,0.0
case_0050,medformer_lcc_t0.75,0.07632183908038959,0.9999999999759036,0.03967495219881484,415,10460,415,1.0
case_0050,union_t0.75,0.07632183908038959,0.9999999999759036,0.03967495219881484,415,10460,415,1.0
case_0050,intersection_t0.75,0.0,0.0,0.0,0,10460,0,0.0
case_0050,fusion_w0.40_t0.35,0.0,0.0,0.0,0,10460,0,0.0
case_0050,fusion_w0.40_t0.40,0.0,0.0,0.0,0,10460,0,0.0
case_0050,fusion_w0.40_t0.45,0.0,0.0,0.0,0,10460,0,0.0
case_0050,fusion_w0.40_t0.50,0.0,0.0,0.0,0,10460,0,0.0
case_0050,fusion_w0.40_t0.55,0.0,0.0,0.0,0,10460,0,0.0
case_0050,fusion_w0.40_t0.60,0.0,0.0,0.0,0,10460,0,0.0
case_0050,fusion_w0.40_t0.65,0.0,0.0,0.0,0,10460,0,0.0
case_0050,fusion_w0.50_t0.35,0.10144270029933632,0.9964349375936464,0.05344168260033132,561,10460,559,1.0
case_0050,fusion_w0.50_t0.40,0.053591365835454416,0.9999999999652778,0.02753346080303295,288,10460,288,1.0
case_0050,fusion_w0.50_t0.45,0.0,0.0,0.0,0,10460,0,0.0
case_0050,fusion_w0.50_t0.50,0.0,0.0,0.0,0,10460,0,0.0
case_0050,fusion_w0.50_t0.55,0.0,0.0,0.0,0,10460,0,0.0
case_0050,fusion_w0.50_t0.60,0.0,0.0,0.0,0,10460,0,0.0
case_0050,fusion_w0.50_t0.65,0.0,0.0,0.0,0,10460,0,0.0
case_0050,fusion_w0.60_t0.35,0.26277372262751925,0.9924812030013003,0.1514340344166812,1596,10460,1584,1.0
case_0050,fusion_w0.60_t0.40,0.12554849108970578,0.9915134370439672,0.06701720841293783,707,10460,701,1.0
case_0050,fusion_w0.60_t0.45,0.07632183908038959,0.9999999999759036,0.03967495219881484,415,10460,415,1.0
case_0050,fusion_w0.60_t0.50,0.03844350679790113,0.9999999999512195,0.01959847036326998,205,10460,205,1.0
case_0050,fusion_w0.60_t0.55,0.0,0.0,0.0,0,10460,0,0.0
case_0050,fusion_w0.60_t0.60,0.0,0.0,0.0,0,10460,0,0.0
case_0050,fusion_w0.60_t0.65,0.0,0.0,0.0,0,10460,0,0.0
case_0050,fusion_w0.70_t0.35,0.43124065769773445,0.9880136986267534,0.2758126195026044,2920,10460,2885,1.0
case_0050,fusion_w0.70_t0.40,0.2814243518212328,0.9924768518461085,0.16395793499028302,1728,10460,1715,1.0
case_0050,fusion_w0.70_t0.45,0.16752735229744636,0.9917098445493087,0.09149139579341158,965,10460,957,1.0
case_0050,fusion_w0.70_t0.50,0.09436196374888936,0.9980732177071662,0.049521988527677314,519,10460,518,1.0
case_0050,fusion_w0.70_t0.55,0.05954920693807666,0.9999999999688474,0.03068833652004714,321,10460,321,1.0
case_0050,fusion_w0.70_t0.60,0.021749408983430966,0.9999999999130436,0.010994263862322185,115,10460,115,1.0
case_0050,fusion_w0.70_t0.65,0.0,0.0,0.0,0,10460,0,0.0
case_0050,fusion_w0.80_t0.35,0.5017362341432203,0.9695973705807461,0.3384321223706133,3651,10460,3540,1.0
case_0050,fusion_w0.80_t0.40,0.43124065769773445,0.9880136986267534,0.2758126195026044,2920,10460,2885,1.0
case_0050,fusion_w0.80_t0.45,0.2937438905178448,0.9928414096861629,0.17237093690232086,1816,10460,1803,1.0
case_0050,fusion_w0.80_t0.50,0.20056715648345744,0.9915038232711003,0.11156787762895642,1177,10460,1167,1.0
case_0050,fusion_w0.80_t0.55,0.11290468031372268,0.9952305246264669,0.059847036328814676,629,10460,626,1.0
case_0050,fusion_w0.80_t0.60,0.07632183908038959,0.9999999999759036,0.03967495219881484,415,10460,415,1.0
case_0050,fusion_w0.80_t0.65,0.048325403489086365,0.9999999999613899,0.024760994263838657,259,10460,259,1.0
case_0051,nnunet,0.7869820683775098,0.9894736842101476,0.6532891910332197,26125,39569,25850,1.0
case_0051,medformer_lcc_t0.25,0.7484404266186672,0.9657638223070606,0.6109580732389975,25032,39569,24175,1.0
case_0051,union_t0.25,0.8200032009776339,0.9663580246910266,0.7121483989990366,29160,39569,28179,1.0
case_0051,intersection_t0.25,0.7096774193547235,0.9931354275578519,0.5520988652731805,21997,39569,21846,1.0
case_0051,medformer_lcc_t0.30,0.7366833697238911,0.9733106425365377,0.5926103768099794,24092,39569,23449,1.0
case_0051,union_t0.30,0.818686225423336,0.9729626278791241,0.706639035608505,28738,39569,27961,1.0
case_0051,intersection_t0.30,0.6990564801466552,0.993435448577218,0.5392605322346941,21479,39569,21338,1.0
case_0051,medformer_lcc_t0.35,0.7235560084059219,0.9776706965533805,0.5742879526900923,23243,39569,22724,1.0
case_0051,union_t0.35,0.8159517327642093,0.976678644401826,0.7006494983444868,28386,39569,27724,1.0
case_0051,intersection_t0.35,0.6886756618386668,0.9937088933366724,0.5269276453788252,20982,39569,20850,1.0
case_0051,medformer_lcc_t0.40,0.7097742419595751,0.981785714285276,0.5557886224062889,22400,39569,21992,1.0
case_0051,union_t0.40,0.813545793176726,0.9799166755685005,0.6954686749726565,28083,39569,27519,1.0
case_0051,intersection_t0.40,0.677265076905018,0.9941780821912944,0.5135585938485903,20440,39569,20321,1.0
case_0051,medformer_lcc_t0.45,0.6951219512193986,0.9841688654349006,0.5373145644316164,21603,39569,21261,1.0
case_0051,union_t0.45,0.8107306071575746,0.9817802853340346,0.6904394854556116,27827,39569,27320,1.0
case_0051,intersection_t0.45,0.6655344050580707,0.994472084023823,0.5001137253909627,19899,39569,19789,1.0
case_0051,medformer_lcc_t0.50,0.6789124668433888,0.9867476266199283,0.5174758017638764,20751,39569,20476,1.0
case_0051,union_t0.50,0.8078996753148837,0.9836434192866269,0.6854355682476976,27573,39569,27122,1.0
case_0051,intersection_t0.50,0.6523984236987613,0.9948712635336502,0.4853294245493985,19303,39569,19204,1.0
case_0051,medformer_lcc_t0.55,0.6628241106386156,0.9890672016043184,0.49842048067919376,19940,39569,19722,1.0
case_0051,union_t0.55,0.8049863234831316,0.9851467037385727,0.6805327402763072,27334,39569,26928,1.0
case_0051,intersection_t0.55,0.6395883361920001,0.9953552933634107,0.4711769314361063,18731,39569,18644,1.0
case_0051,medformer_lcc_t0.60,0.6434363956087885,0.9915807198479312,0.4762313932622821,19004,39569,18844,1.0
case_0051,union_t0.60,0.8016986539816627,0.986739066193489,0.6750991938131682,27072,39569,26713,1.0
case_0051,intersection_t0.60,0.6240585846665353,0.9957911059417424,0.4544213904823336,18057,39569,17981,1.0
case_0051,medformer_lcc_t0.65,0.6134572711546462,0.9938292572458142,0.44365538679257915,17664,39569,17555,1.0
case_0051,union_t0.65,0.7977096361032475,0.9878340050750157,0.6689580226943646,26796,39569,26470,1.0
case_0051,intersection_t0.65,0.5988119231992153,0.9965868298705369,0.42798655513143424,16993,39569,16935,1.0
case_0051,medformer_lcc_t0.70,0.5622891959524604,0.9953136033889739,0.3918218807651465,15577,39569,15504,1.0
case_0051,union_t0.70,0.7947404216729699,0.9885697097304148,0.6644595516690681,26596,39569,26292,1.0
case_0051,intersection_t0.70,0.5509647919523455,0.9970872500986382,0.38065152012929804,15106,39569,15062,1.0
case_0051,medformer_lcc_t0.75,0.5352143926926142,0.9971751412422507,0.3657661300512104,14514,39569,14473,1.0
case_0051,union_t0.75,0.7935772874480472,0.9890603191365238,0.662614673102514,26509,39569,26219,1.0
case_0051,intersection_t0.75,0.5252984226893378,0.9981599433821668,0.35644064798191605,14130,39569,14104,1.0
case_0051,fusion_w0.40_t0.35,0.7908119917464512,0.989333029646969,0.658646920568966,26343,39569,26062,1.0
case_0051,fusion_w0.40_t0.40,0.7869820683775098,0.9894736842101476,0.6532891910332197,26125,39569,25850,1.0
case_0051,fusion_w0.40_t0.45,0.7869820683775098,0.9894736842101476,0.6532891910332197,26125,39569,25850,1.0
case_0051,fusion_w0.40_t0.50,0.7869820683775098,0.9894736842101476,0.6532891910332197,26125,39569,25850,1.0
case_0051,fusion_w0.40_t0.55,0.7869820683775098,0.9894736842101476,0.6532891910332197,26125,39569,25850,1.0
case_0051,fusion_w0.40_t0.60,0.7869820683775098,0.9894736842101476,0.6532891910332197,26125,39569,25850,1.0
case_0051,fusion_w0.40_t0.65,0.7318037596261528,0.9913174946000037,0.57997422224454,23150,39569,22949,1.0
case_0051,fusion_w0.50_t0.35,0.7947404216729699,0.9885697097304148,0.6644595516690681,26596,39569,26292,1.0
case_0051,fusion_w0.50_t0.40,0.7925157185060537,0.9893705553029999,0.6609972453181377,26436,39569,26155,1.0
case_0051,fusion_w0.50_t0.45,0.790298099690245,0.9893216796500135,0.6579392959133014,26315,39569,26034,1.0
case_0051,fusion_w0.50_t0.50,0.7869820683775098,0.9894736842101476,0.6532891910332197,26125,39569,25850,1.0
case_0051,fusion_w0.50_t0.55,0.7361565587570709,0.9908915971772543,0.585609947180726,23385,39569,23172,1.0
case_0051,fusion_w0.50_t0.60,0.7188522608203887,0.9924775215877358,0.563496676691207,22466,39569,22297,1.0
case_0051,fusion_w0.50_t0.65,0.6990564801466552,0.993435448577218,0.5392605322346941,21479,39569,21338,1.0
case_0051,fusion_w0.60_t0.35,0.8028593265295745,0.9862665684827001,0.6769693446888532,27160,39569,26787,1.0
case_0051,fusion_w0.60_t0.40,0.7959910644205767,0.9881947307270591,0.6663802471630149,26683,39569,26368,1.0
case_0051,fusion_w0.60_t0.45,0.7468081421890798,0.9902722110884309,0.5994339002753167,23952,39569,23719,1.0
case_0051,fusion_w0.60_t0.50,0.7295328177924315,0.9917893913719137,0.5769668174579654,23019,39569,22830,1.0
case_0051,fusion_w0.60_t0.55,0.7129665629858877,0.9930502278979226,0.5561171624249903,22159,39569,22005,1.0
case_0051,fusion_w0.60_t0.60,0.692344426696413,0.9935721712822603,0.5312744825493363,21158,39569,21022,1.0
case_0051,fusion_w0.60_t0.65,0.6732415084246,0.9942236484813655,0.5089337612776393,20255,39569,20138,1.0
case_0051,fusion_w0.70_t0.35,0.7645513276249939,0.9841244578836652,0.6250852940431588,25133,39569,24734,1.0
case_0051,fusion_w0.70_t0.40,0.7471405228756997,0.9874579509111726,0.6008996942049077,24079,39569,23777,1.0
case_0051,fusion_w0.70_t0.45,0.7289716640576417,0.9905369622776444,0.5766888220575257,23037,39569,22819,1.0
case_0051,fusion_w0.70_t0.50,0.7105796842804305,0.9923418524555953,0.5534382976571172,22068,39569,21899,1.0
case_0051,fusion_w0.70_t0.55,0.6938500254945649,0.9935933672503328,0.5330435441884979,21228,39569,21092,1.0
case_0051,fusion_w0.70_t0.60,0.6755760214891177,0.9940102120969196,0.5116631706637743,20368,39569,20246,1.0
case_0051,fusion_w0.70_t0.65,0.6554482291135985,0.9947533563083202,0.48874118628206714,19441,39569,19339,1.0
case_0051,fusion_w0.80_t0.35,0.7488110137670919,0.982793314442535,0.6048169021201939,24351,39569,23932,1.0
case_0051,fusion_w0.80_t0.40,0.733741708191714,0.9860524632113516,0.5842452424876585,23445,39569,23118,1.0
case_0051,fusion_w0.80_t0.45,0.7170631916366171,0.9887171286420625,0.5625110566351026,22512,39569,22258,1.0
case_0051,fusion_w0.80_t0.50,0.6981434792572775,0.9911216473755444,0.5388561752886,21513,39569,21322,1.0
case_0051,fusion_w0.80_t0.55,0.6784347652479489,0.9927934946676764,0.51527711086949,20537,39569,20389,1.0
case_0051,fusion_w0.80_t0.60,0.6606250843795294,0.9942093767455711,0.49465490661869277,19687,39569,19573,1.0
case_0051,fusion_w0.80_t0.65,0.6424537021188097,0.9952802672742243,0.4743106977683353,18857,39569,18768,1.0
case_0053,nnunet,0.39452337897163803,0.9792254424186222,0.2470238095236497,3899,15456,3818,1.0
case_0053,medformer_lcc_t0.25,0.7611034270782384,0.9369088157388035,0.6408514492749476,10572,15456,9905,1.0
case_0053,union_t0.25,0.7768613801449845,0.935404518949585,0.6642727743266923,10976,15456,10267,1.0
case_0053,intersection_t0.25,0.36473009339857276,0.9888412017139089,0.223602484471905,3495,15456,3456,1.0
case_0053,medformer_lcc_t0.30,0.7433850007825491,0.9409433214417945,0.6143892339540538,10092,15456,9496,1.0
case_0053,union_t0.30,0.762816078702343,0.9393337119052249,0.64214544513416,10566,15456,9925,1.0
case_0053,intersection_t0.30,0.35898522324010435,0.9894890510920015,0.21926759834354342,3425,15456,3389,1.0
case_0053,medformer_lcc_t0.35,0.7291907169297682,0.9476461458862414,0.5925854037263246,9665,15456,9159,1.0
case_0053,union_t0.35,0.7527074405918377,0.9458586254151694,0.6250646997925562,10214,15456,9661,1.0
case_0053,intersection_t0.35,0.35265340848646565,0.989850746265702,0.21454451345741812,3350,15456,3316,1.0
case_0053,medformer_lcc_t0.40,0.7127237385596854,0.9525871400725777,0.5693581780534618,9238,15456,8800,1.0
case_0053,union_t0.40,0.7410069101675257,0.9507548890455458,0.6070781573495037,9869,15456,9383,1.0
case_0053,intersection_t0.40,0.34554582354179364,0.9899020807803247,0.20930383022760785,3268,15456,3235,1.0
case_0053,medformer_lcc_t0.45,0.6980147149489506,0.9569480446286971,0.5493659420286301,8873,15456,8491,1.0
case_0053,union_t0.45,0.7309105431306985,0.9548205342227098,0.5920678053826397,9584,15456,9151,1.0
case_0053,intersection_t0.45,0.3387685046125623,0.9905897114147096,0.20432194616964006,3188,15456,3158,1.0
case_0053,medformer_lcc_t0.50,0.6823303563973449,0.9610862920280259,0.5289208074530739,8506,15456,8175,1.0
case_0053,union_t0.50,0.7203263196152335,0.9584094572800016,0.5769927536228151,9305,15456,8918,1.0
case_0053,intersection_t0.50,0.33142918732467586,0.991935483867768,0.19895186335390855,3100,15456,3075,1.0
case_0053,medformer_lcc_t0.55,0.6649414559644218,0.96562345983124,0.5070522774323841,8116,15456,7837,1.0
case_0053,union_t0.55,0.7094823712053318,0.9625318700798552,0.5617883022770692,9021,15456,8683,1.0
case_0053,intersection_t0.55,0.32216802168004216,0.992651970604567,0.1922877846789646,2994,15456,2972,1.0
case_0053,medformer_lcc_t0.60,0.6470689655169625,0.9692665289243683,0.4856366459624187,7744,15456,7506,1.0
case_0053,union_t0.60,0.6989802237724706,0.9657729606378028,0.5476837474116539,8765,15456,8465,1.0
case_0053,intersection_t0.60,0.3118795680155384,0.9933981931862634,0.18497670807441446,2878,15456,2859,1.0
case_0053,medformer_lcc_t0.65,0.626627504273979,0.9717199184215205,0.4624094202895559,7355,15456,7147,1.0
case_0053,union_t0.65,0.687776387150318,0.9681700728200984,0.5333203933743961,8514,15456,8243,1.0
case_0053,intersection_t0.65,0.29918663442498394,0.993430656930681,0.17611283643880943,2740,15456,2722,1.0
case_0053,medformer_lcc_t0.70,0.6061579651938392,0.9767040552186127,0.4394409937885355,6954,15456,6792,1.0
case_0053,union_t0.70,0.6771527367796756,0.9722693146028429,0.5194746376808232,8258,15456,8029,1.0
case_0053,intersection_t0.70,0.28596753642441636,0.9946050096300786,0.16699016563136193,2595,15456,2581,1.0
case_0053,medformer_lcc_t0.75,0.5823970889240017,0.980548322865706,0.41420807453389347,6529,15456,6402,1.0
case_0053,union_t0.75,0.6660416755440977,0.9755336412420728,0.5056288819872504,8011,15456,7815,1.0
case_0053,intersection_t0.75,0.2691210205336154,0.9950351675589779,0.15560300207029268,2417,15456,2405,1.0
case_0053,fusion_w0.40_t0.35,0.6243493603879028,0.9810091488758234,0.45788043478231244,7214,15456,7077,1.0
case_0053,fusion_w0.40_t0.40,0.39452337897163803,0.9792254424186222,0.2470238095236497,3899,15456,3818,1.0
case_0053,fusion_w0.40_t0.45,0.39452337897163803,0.9792254424186222,0.2470238095236497,3899,15456,3818,1.0
case_0053,fusion_w0.40_t0.50,0.39452337897163803,0.9792254424186222,0.2470238095236497,3899,15456,3818,1.0
case_0053,fusion_w0.40_t0.55,0.39452337897163803,0.9792254424186222,0.2470238095236497,3899,15456,3818,1.0
case_0053,fusion_w0.40_t0.60,0.39452337897163803,0.9792254424186222,0.2470238095236497,3899,15456,3818,1.0
case_0053,fusion_w0.40_t0.65,0.3779428691009846,0.9874248223045724,0.23369565217376184,3658,15456,3612,1.0
case_0053,fusion_w0.50_t0.35,0.6771527367796756,0.9722693146028429,0.5194746376808232,8258,15456,8029,1.0
case_0053,fusion_w0.50_t0.40,0.6507594062820803,0.9768134715013254,0.4879011387160404,7720,15456,7541,1.0
case_0053,fusion_w0.50_t0.45,0.6109897945538522,0.9816697694386629,0.44351708074505464,6983,15456,6855,1.0
case_0053,fusion_w0.50_t0.50,0.39452337897163803,0.9792254424186222,0.2470238095236497,3899,15456,3818,1.0
case_0053,fusion_w0.50_t0.55,0.3808678397992894,0.9870094722571394,0.23596014492738354,3695,15456,3647,1.0
case_0053,fusion_w0.50_t0.60,0.369937940464726,0.988476672285024,0.22754917184250287,3558,15456,3517,1.0
case_0053,fusion_w0.50_t0.65,0.35898522324010435,0.9894890510920015,0.21926759834354342,3425,15456,3389,1.0
case_0053,fusion_w0.60_t0.35,0.7027027027024136,0.9647577092500115,0.552600931676661,8853,15456,8541,1.0
case_0053,fusion_w0.60_t0.40,0.6843339194504378,0.9695136417544845,0.5287914078671526,8430,15456,8173,1.0
case_0053,fusion_w0.60_t0.45,0.6586517818803527,0.9790656114360747,0.49624741200796046,7834,15456,7670,1.0
case_0053,fusion_w0.60_t0.50,0.6264220830758328,0.9835225699238667,0.45956262939928855,7222,15456,7103,1.0
case_0053,fusion_w0.60_t0.55,0.5790220026528616,0.9881342700999405,0.4094849896477682,6405,15456,6329,1.0
case_0053,fusion_w0.60_t0.60,0.35464684014851056,0.9896265560136644,0.21603260869551238,3374,15456,3339,1.0
case_0053,fusion_w0.60_t0.65,0.34354778330373625,0.990440949734843,0.20781573498951356,3243,15456,3212,1.0
case_0053,fusion_w0.70_t0.35,0.7145992521538308,0.9609750765184072,0.5687758799168162,9148,15456,8791,1.0
case_0053,fusion_w0.70_t0.40,0.6941805964574664,0.9670634462025111,0.5414078674944737,8653,15456,8368,1.0
case_0053,fusion_w0.70_t0.45,0.6729817735862168,0.9714320595763992,0.5148162525876586,8191,15456,7957,1.0
case_0053,fusion_w0.70_t0.50,0.6518065016811883,0.9768674075976004,0.4890657349893316,7738,15456,7559,1.0
case_0053,fusion_w0.70_t0.55,0.6256224934993496,0.9810642709039654,0.45923913043448544,7235,15456,7098,1.0
case_0053,fusion_w0.70_t0.60,0.5945677226914654,0.9860590616084755,0.4255952380949627,6671,15456,6578,1.0
case_0053,fusion_w0.70_t0.65,0.5449857002201017,0.9896134854401676,0.37603519668712726,5873,15456,5812,1.0
case_0053,fusion_w0.80_t0.35,0.7205870494312069,0.9561309651177443,0.5781573498961062,9346,15456,8936,1.0
case_0053,fusion_w0.80_t0.40,0.7025495750705331,0.9612403100764394,0.5535714285710703,8901,15456,8556,1.0
case_0053,fusion_w0.80_t0.45,0.6840872982688,0.9667927203959267,0.5293090062108377,8462,15456,8181,1.0
case_0053,fusion_w0.80_t0.50,0.6648802688100612,0.9703289882048786,0.5056935817802111,8055,15456,7816,1.0
case_0053,fusion_w0.80_t0.55,0.6448343079919234,0.975619347226405,0.4815605590058996,7629,15456,7443,1.0
case_0053,fusion_w0.80_t0.60,0.6239632962764143,0.9805879090391284,0.45755693581750934,7212,15456,7072,1.0
case_0053,fusion_w0.80_t0.65,0.5948995712026202,0.983728914761929,0.4263716356104902,6699,15456,6590,1.0
case_0058,nnunet,0.746662428480462,0.9528928553313964,0.6138167564917152,19721,30615,18792,1.0
case_0058,medformer_lcc_t0.25,0.67256862620201,0.9606986899557491,0.5173934345907178,16488,30615,15840,1.0
case_0058,union_t0.25,0.7838788824009009,0.9383025225385037,0.6731014208719016,21962,30615,20607,1.0
case_0058,intersection_t0.25,0.6252507690248706,0.9844177721618695,0.45810877021053137,14247,30615,14025,1.0
case_0058,medformer_lcc_t0.30,0.6563761576821191,0.9679103527308239,0.49655397680859165,15706,30615,15202,1.0
case_0058,union_t0.30,0.7797531336712699,0.9414510166354244,0.6654581087699933,21640,30615,20373,1.0
case_0058,intersection_t0.30,0.613530922030401,0.9879596721542119,0.4449126245303136,13787,30615,13621,1.0
case_0058,medformer_lcc_t0.35,0.6382688628415459,0.976712881948461,0.4740160052260415,14858,30615,14512,1.0
case_0058,union_t0.35,0.7758710348412443,0.9453675021116373,0.6579127878488786,21306,30615,20142,1.0
case_0058,intersection_t0.35,0.5997994896097795,0.991637158139839,0.42991997386887804,13273,30615,13162,1.0
case_0058,medformer_lcc_t0.40,0.6170522496695221,0.9814762040460376,0.4499755022046546,14036,30615,13776,1.0
case_0058,union_t0.40,0.7719372943679559,0.9471859415811221,0.6514127061895635,21055,30615,19943,1.0
case_0058,intersection_t0.40,0.5829120206845851,0.9939379625248039,0.41237955250680636,12702,30615,12625,1.0
case_0058,medformer_lcc_t0.45,0.5942640717331917,0.9855456334183551,0.42537971582543677,13214,30615,13023,1.0
case_0058,union_t0.45,0.7681421434263004,0.9486699318155437,0.6453372529803543,20826,30615,19757,1.0
case_0058,intersection_t0.45,0.5644602565301553,0.9957882566677712,0.3938592193367977,12109,30615,12058,1.0
case_0058,medformer_lcc_t0.50,0.5705058203023838,0.9881680618150449,0.4010125755347375,12424,30615,12277,1.0
case_0058,union_t0.50,0.7646220799748709,0.9497721322597935,0.6398824105828385,20626,30615,19590,1.0
case_0058,intersection_t0.50,0.5448806189774186,0.9965274763425674,0.37494692144361425,11519,30615,11479,1.0
case_0058,medformer_lcc_t0.55,0.5451489180357628,0.9905360061937618,0.37605748815927614,11623,30615,11513,1.0
case_0058,union_t0.55,0.7621060872967779,0.9508180708176064,0.6358974358972281,20475,30615,19468,1.0
case_0058,intersection_t0.55,0.5224664931056499,0.9970558469031215,0.3539768087537632,10869,30615,10837,1.0
case_0058,medformer_lcc_t0.60,0.5134572562686336,0.9912157742257814,0.34646415155957977,10701,30615,10607,1.0
case_0058,union_t0.60,0.7592785225018628,0.9511703383158187,0.6318144700308241,20336,30615,19343,1.0
case_0058,intersection_t0.60,0.49414019311552687,0.9970255800109091,0.3284664380204709,10086,30615,10056,1.0
case_0058,medformer_lcc_t0.65,0.46960816102549835,0.9932475205729128,0.30749632533061977,9478,30615,9414,1.0
case_0058,union_t0.65,0.7566620743946553,0.9518692745724427,0.6278948227990763,20195,30615,19223,1.0
case_0058,intersection_t0.65,0.453469295035096,0.997667703241895,0.29341825902325874,9004,30615,8983,1.0
case_0058,medformer_lcc_t0.70,0.4301334084448237,0.9953780516698324,0.2743426424954191,8438,30615,8399,1.0
case_0058,union_t0.70,0.7544191919190432,0.9525232899910564,0.6245304589251593,20073,30615,19120,1.0
case_0058,intersection_t0.70,0.41709516549949177,0.998144941873611,0.26362894006197496,8086,30615,8071,1.0
case_0058,medformer_lcc_t0.75,0.39081908663557585,0.9969185423352132,0.24305079209529867,7464,30615,7441,1.0
case_0058,union_t0.75,0.7529783660968581,0.9527999999995236,0.6224399804015606,20000,30615,19056,1.0
case_0058,intersection_t0.75,0.3797354497353493,0.9988865692400851,0.23442756818545338,7185,30615,7177,1.0
case_0058,fusion_w0.40_t0.35,0.7482788039918359,0.9530476094203209,0.6159398987422453,19786,30615,18857,1.0
case_0058,fusion_w0.40_t0.40,0.746662428480462,0.9528928553313964,0.6138167564917152,19721,30615,18792,1.0
case_0058,fusion_w0.40_t0.45,0.746662428480462,0.9528928553313964,0.6138167564917152,19721,30615,18792,1.0
case_0058,fusion_w0.40_t0.50,0.746662428480462,0.9528928553313964,0.6138167564917152,19721,30615,18792,1.0
case_0058,fusion_w0.40_t0.55,0.746662428480462,0.9528928553313964,0.6138167564917152,19721,30615,18792,1.0
case_0058,fusion_w0.40_t0.60,0.746662428480462,0.9528928553313964,0.6138167564917152,19721,30615,18792,1.0
case_0058,fusion_w0.40_t0.65,0.6516350669680268,0.9745073811530373,0.48946594806451427,15377,30615,14985,1.0
case_0058,fusion_w0.50_t0.35,0.7544191919190432,0.9525232899910564,0.6245304589251593,20073,30615,19120,1.0
case_0058,fusion_w0.50_t0.40,0.7511480601740398,0.9532278322024852,0.6197615547931995,19905,30615,18974,1.0
case_0058,fusion_w0.50_t0.45,0.7473840960983328,0.9529620253159732,0.614764004572721,19750,30615,18821,1.0
case_0058,fusion_w0.50_t0.50,0.746662428480462,0.9528928553313964,0.6138167564917152,19721,30615,18792,1.0
case_0058,fusion_w0.50_t0.55,0.6566408447655134,0.9726905570863692,0.49560672872758593,15599,30615,15173,1.0
case_0058,fusion_w0.50_t0.60,0.6362031684390282,0.9802814986054393,0.4709129511675744,14707,30615,14417,1.0
case_0058,fusion_w0.50_t0.65,0.613530922030401,0.9879596721542119,0.4449126245303136,13787,30615,13621,1.0
case_0058,fusion_w0.60_t0.35,0.7598273832874147,0.9510434569109005,0.632631063204105,20365,30615,19368,1.0
case_0058,fusion_w0.60_t0.40,0.755756919137052,0.9520099255578401,0.626588273721827,20150,30615,19183,1.0
case_0058,fusion_w0.60_t0.45,0.6670383873041675,0.9710896034961154,0.5079862812345229,16015,30615,15552,1.0
case_0058,fusion_w0.60_t0.50,0.647300546447946,0.9783283779312993,0.48365180467075497,15135,30615,14807,1.0
case_0058,fusion_w0.60_t0.55,0.6257408975443145,0.9844352520500704,0.4586313898414311,14263,30615,14041,1.0
case_0058,fusion_w0.60_t0.60,0.6046881027478263,0.9903374461119441,0.4352114976317376,13454,30615,13324,1.0
case_0058,fusion_w0.60_t0.65,0.5761028473300592,0.9947908318632834,0.4054548423973851,12478,30615,12413,1.0
case_0058,fusion_w0.70_t0.35,0.6825343189016511,0.9655811174180068,0.5278131634817809,16735,30615,16159,1.0
case_0058,fusion_w0.70_t0.40,0.6647889746510149,0.9725717161543956,0.5049812183568496,15896,30615,15460,1.0
case_0058,fusion_w0.70_t0.45,0.6460932370320319,0.9791044776112907,0.482116609504987,15075,30615,14760,1.0
case_0058,fusion_w0.70_t0.50,0.6261338563371981,0.985477760627904,0.4588273722030185,14254,30615,14047,1.0
case_0058,fusion_w0.70_t0.55,0.6042201376426729,0.9917238294057622,0.4344602319123193,13412,30615,13301,1.0
case_0058,fusion_w0.70_t0.60,0.5753564627744705,0.9952599019836142,0.4046382492241043,12447,30615,12388,1.0
case_0058,fusion_w0.70_t0.65,0.545260410487473,0.9965307892445823,0.3753062224398578,11530,30615,11490,1.0
case_0058,fusion_w0.80_t0.35,0.6665093023753426,0.9714750406599703,0.5072676792420359,15986,30615,15530,1.0
case_0058,fusion_w0.80_t0.40,0.6477593025541006,0.9782866948251199,0.4841744243016547,15152,30615,14823,1.0
case_0058,fusion_w0.80_t0.45,0.6292749050019713,0.9842207701925593,0.4624857096193165,14386,30615,14159,1.0
case_0058,fusion_w0.80_t0.50,0.606136137043278,0.9894947103639938,0.43687734770523046,13517,30615,13375,1.0
case_0058,fusion_w0.80_t0.55,0.5803482644588535,0.9936648717128652,0.4098644455331015,12628,30615,12548,1.0
case_0058,fusion_w0.80_t0.60,0.5537453139366342,0.9953381929132095,0.38357014535345957,11798,30615,11743,1.0
case_0058,fusion_w0.80_t0.65,0.5223114196859955,0.9969630038643502,0.35384615384603824,10866,30615,10833,1.0
case_0069,nnunet,0.0,0.0,0.0,0,2222,0,0.0
case_0069,medformer_lcc_t0.25,0.5322798227008436,0.46545331985013333,0.6215121512123245,2967,2222,1381,1.0
case_0069,union_t0.25,0.5322798227008436,0.46545331985013333,0.6215121512123245,2967,2222,1381,1.0
case_0069,intersection_t0.25,0.0,0.0,0.0,0,2222,0,0.0
case_0069,medformer_lcc_t0.30,0.5212897891680006,0.4820336391418883,0.5675067506725135,2616,2222,1261,1.0
case_0069,union_t0.30,0.5212897891680006,0.4820336391418883,0.5675067506725135,2616,2222,1261,1.0
case_0069,intersection_t0.30,0.0,0.0,0.0,0,2222,0,0.0
case_0069,medformer_lcc_t0.35,0.51724895627221,0.5053671103456189,0.5297029702946459,2329,2222,1177,1.0
case_0069,union_t0.35,0.51724895627221,0.5053671103456189,0.5297029702946459,2329,2222,1177,1.0
case_0069,intersection_t0.35,0.0,0.0,0.0,0,2222,0,0.0
case_0069,medformer_lcc_t0.40,0.5151725735452509,0.5307875894962731,0.5004500450022482,2095,2222,1112,1.0
case_0069,union_t0.40,0.5151725735452509,0.5307875894962731,0.5004500450022482,2095,2222,1112,1.0
case_0069,intersection_t0.40,0.0,0.0,0.0,0,2222,0,0.0
case_0069,medformer_lcc_t0.45,0.5147741147728577,0.5627335824849827,0.4743474347413396,1873,2222,1054,1.0
case_0069,union_t0.45,0.5147741147728577,0.5627335824849827,0.4743474347413396,1873,2222,1054,1.0
case_0069,intersection_t0.45,0.0,0.0,0.0,0,2222,0,0.0
case_0069,medformer_lcc_t0.50,0.5121390237656219,0.592548787696082,0.4509450945074215,1691,2222,1002,1.0
case_0069,union_t0.50,0.5121390237656219,0.592548787696082,0.4509450945074215,1691,2222,1002,1.0
case_0069,intersection_t0.50,0.0,0.0,0.0,0,2222,0,0.0
case_0069,medformer_lcc_t0.55,0.5017591339634594,0.6293279022360535,0.41719171917003967,1473,2222,927,1.0
case_0069,union_t0.55,0.5017591339634594,0.6293279022360535,0.41719171917003967,1473,2222,927,1.0
case_0069,intersection_t0.55,0.0,0.0,0.0,0,2222,0,0.0
case_0069,medformer_lcc_t0.60,0.49448996891637614,0.6643887623336038,0.3937893789361216,1317,2222,875,1.0
case_0069,union_t0.60,0.49448996891637614,0.6643887623336038,0.3937893789361216,1317,2222,875,1.0
case_0069,intersection_t0.60,0.0,0.0,0.0,0,2222,0,0.0
case_0069,medformer_lcc_t0.65,0.4801412180038831,0.6932880203849339,0.3672367236707145,1177,2222,816,1.0
case_0069,union_t0.65,0.4801412180038831,0.6932880203849339,0.3672367236707145,1177,2222,816,1.0
case_0069,intersection_t0.65,0.0,0.0,0.0,0,2222,0,0.0
case_0069,medformer_lcc_t0.70,0.4668499847220689,0.7269267364345678,0.34383438343679645,1051,2222,764,1.0
case_0069,union_t0.70,0.4668499847220689,0.7269267364345678,0.34383438343679645,1051,2222,764,1.0
case_0069,intersection_t0.70,0.0,0.0,0.0,0,2222,0,0.0
case_0069,medformer_lcc_t0.75,0.437161947182828,0.7459283387541159,0.30918091809041776,921,2222,687,1.0
case_0069,union_t0.75,0.437161947182828,0.7459283387541159,0.30918091809041776,921,2222,687,1.0
case_0069,intersection_t0.75,0.0,0.0,0.0,0,2222,0,0.0
case_0069,fusion_w0.40_t0.35,0.35260730755462005,0.8324958123813652,0.22367236723571707,597,2222,497,1.0
case_0069,fusion_w0.40_t0.40,0.0,0.0,0.0,0,2222,0,0.0
case_0069,fusion_w0.40_t0.45,0.0,0.0,0.0,0,2222,0,0.0
case_0069,fusion_w0.40_t0.50,0.0,0.0,0.0,0,2222,0,0.0
case_0069,fusion_w0.40_t0.55,0.0,0.0,0.0,0,2222,0,0.0
case_0069,fusion_w0.40_t0.60,0.0,0.0,0.0,0,2222,0,0.0
case_0069,fusion_w0.40_t0.65,0.0,0.0,0.0,0,2222,0,0.0
case_0069,fusion_w0.50_t0.35,0.4668499847220689,0.7269267364345678,0.34383438343679645,1051,2222,764,1.0
case_0069,fusion_w0.50_t0.40,0.4093178036592036,0.7854406130167887,0.27677767776653117,783,2222,615,1.0
case_0069,fusion_w0.50_t0.45,0.3206442166898952,0.858823529394925,0.19711971197031,510,2222,438,1.0
case_0069,fusion_w0.50_t0.50,0.0,0.0,0.0,0,2222,0,0.0
case_0069,fusion_w0.50_t0.55,0.0,0.0,0.0,0,2222,0,0.0
case_0069,fusion_w0.50_t0.60,0.0,0.0,0.0,0,2222,0,0.0
case_0069,fusion_w0.50_t0.65,0.0,0.0,0.0,0,2222,0,0.0
case_0069,fusion_w0.60_t0.35,0.4990242542500724,0.6556776556728522,0.40279027902609005,1365,2222,895,1.0
case_0069,fusion_w0.60_t0.40,0.4803804994040417,0.707530647979794,0.3636363636347271,1142,2222,808,1.0
case_0069,fusion_w0.60_t0.45,0.437161947182828,0.7459283387541159,0.30918091809041776,921,2222,687,1.0
case_0069,fusion_w0.60_t0.50,0.3871847307416933,0.7977528089775596,0.2556255625551052,712,2222,568,1.0
case_0069,fusion_w0.60_t0.55,0.29405162738386065,0.8713968957678182,0.1768676867678809,451,2222,393,1.0
case_0069,fusion_w0.60_t0.60,0.0,0.0,0.0,0,2222,0,0.0
case_0069,fusion_w0.60_t0.65,0.0,0.0,0.0,0,2222,0,0.0
case_0069,fusion_w0.70_t0.35,0.5121390237656219,0.592548787696082,0.4509450945074215,1691,2222,1002,1.0
case_0069,fusion_w0.70_t0.40,0.5002763957974011,0.6482808022876199,0.40729072907107433,1396,2222,905,1.0
case_0069,fusion_w0.70_t0.45,0.48245614034946654,0.6886477462379913,0.37128712871120034,1198,2222,825,1.0
case_0069,fusion_w0.70_t0.50,0.46053853296050595,0.7373637264545355,0.33483348334682794,1009,2222,744,1.0
case_0069,fusion_w0.70_t0.55,0.41469816272829824,0.7651331719035698,0.2844284428430044,826,2222,632,1.0
case_0069,fusion_w0.70_t0.60,0.3689523146523879,0.8141321044421792,0.23852385238416507,651,2222,530,1.0
case_0069,fusion_w0.70_t0.65,0.2718594883532957,0.8967254407834577,0.1602160216014392,397,2222,356,1.0
case_0069,fusion_w0.80_t0.35,0.5118847539003316,0.5486361296935223,0.47974797479532066,1943,2222,1066,1.0
case_0069,fusion_w0.80_t0.40,0.5121390237656219,0.592548787696082,0.4509450945074215,1691,2222,1002,1.0
case_0069,fusion_w0.80_t0.45,0.499725726822546,0.6397471910067434,0.40999099909806486,1424,2222,911,1.0
case_0069,fusion_w0.80_t0.50,0.4897723998833484,0.68054443554299,0.38253825382366097,1249,2222,850,1.0
case_0069,fusion_w0.80_t0.55,0.47108689070399307,0.7197039777916772,0.3501350134997744,1081,2222,778,1.0
case_0069,fusion_w0.80_t0.60,0.437161947182828,0.7459283387541159,0.30918091809041776,921,2222,687,1.0
case_0069,fusion_w0.80_t0.65,0.4044265593547806,0.7934210526211392,0.27137713771255007,760,2222,603,1.0
case_0074,nnunet,0.830470016206558,0.9531249999976361,0.7357840321640134,4032,5223,3843,1.0
case_0074,medformer_lcc_t0.25,0.7417444773391689,0.9151447035658468,0.6235879762576612,3559,5223,3257,1.0
case_0074,union_t0.25,0.8579815770818321,0.9102233676956396,0.8114110664353601,4656,5223,4238,1.0
case_0074,intersection_t0.25,0.7016425594499858,0.9751277683101359,0.5479609419863145,2935,5223,2862,1.0
case_0074,medformer_lcc_t0.30,0.727314761298431,0.9177362893788864,0.6023358223231815,3428,5223,3146,1.0
case_0074,union_t0.30,0.8534421213657792,0.9131383675231054,0.8010721807375052,4582,5223,4184,1.0
case_0074,intersection_t0.30,0.6925070978882947,0.9746351633044662,0.5370476737496898,2878,5223,2805,1.0
case_0074,medformer_lcc_t0.35,0.7144533083051214,0.9224477431053546,0.5829982768512675,3301,5223,3045,1.0
case_0074,union_t0.35,0.850569990756033,0.9173681878579589,0.7928393643484725,4514,5223,4141,1.0
case_0074,intersection_t0.35,0.6831633921901478,0.9744590280206653,0.5259429446668085,2819,5223,2747,1.0
case_0074,medformer_lcc_t0.40,0.7009178686366659,0.928616550849878,0.5628948879943272,3166,5223,2940,1.0
case_0074,union_t0.40,0.8481339811838642,0.9217977528069173,0.7853723913444661,4450,5223,4102,1.0
case_0074,intersection_t0.40,0.6726884957964212,0.9756186317286186,0.5133065288138746,2748,5223,2681,1.0
case_0074,medformer_lcc_t0.45,0.6872353297027377,0.9335963182086339,0.5437488033686698,3042,5223,2840,1.0
case_0074,union_t0.45,0.8451935081139771,0.9254955570723958,0.7777139574942031,4389,5223,4062,1.0
case_0074,intersection_t0.45,0.6628730399586964,0.9761638733669417,0.5018188780384801,2685,5223,2621,1.0
case_0074,medformer_lcc_t0.50,0.6737797400040793,0.9372227908531654,0.5259429446668085,2931,5223,2747,1.0
case_0074,union_t0.50,0.8426555148971848,0.9281437125727128,0.7715872104139928,4342,5223,4030,1.0
case_0074,intersection_t0.50,0.6527281998971791,0.9767264402862391,0.49013976641682916,2621,5223,2560,1.0
case_0074,medformer_lcc_t0.55,0.6604477611932084,0.942492012776207,0.5083285468112037,2817,5223,2655,1.0
case_0074,union_t0.55,0.8411764705873517,0.9318128927136797,0.7666092284113218,4297,5223,4004,1.0
case_0074,intersection_t0.55,0.6415434083593035,0.9772727272688979,0.47750335056389526,2552,5223,2494,1.0
case_0074,medformer_lcc_t0.60,0.6480221718308793,0.9473296500885918,0.49243729657190805,2715,5223,2572,1.0
case_0074,union_t0.60,0.8402404302427077,0.9352112676034385,0.7627800114861903,4260,5223,3984,1.0
case_0074,intersection_t0.60,0.6306095979239551,0.9774829111339869,0.46544131724973115,2487,5223,2431,1.0
case_0074,medformer_lcc_t0.65,0.6337722101487488,0.9534615384578713,0.4746314378700467,2600,5223,2479,1.0
case_0074,union_t0.65,0.8385797562259262,0.9392212725523761,0.7574191077910063,4212,5223,3956,1.0
case_0074,intersection_t0.65,0.619128614417612,0.9776859504091832,0.45299636224305384,2420,5223,2366,1.0
case_0074,medformer_lcc_t0.70,0.618794556058822,0.9578651685354821,0.4570170400144419,2492,5223,2387,1.0
case_0074,union_t0.70,0.8374468085097473,0.9423030883386586,0.7535898908658748,4177,5223,3936,1.0
case_0074,intersection_t0.70,0.6060766182290541,0.9774179803963468,0.4392111813125805,2347,5223,2294,1.0
case_0074,medformer_lcc_t0.75,0.6015275217268876,0.9633066216745538,0.4372965728500148,2371,5223,2284,1.0
case_0074,union_t0.75,0.8363053924176868,0.9454369869605374,0.7497606739407433,4142,5223,3916,1.0
case_0074,intersection_t0.75,0.5908605024043414,0.9778858911942597,0.42331993107328486,2261,5223,2211,1.0
case_0074,fusion_w0.40_t0.35,0.8332975295372359,0.9491069243920991,0.7426766226292502,4087,5223,3879,1.0
case_0074,fusion_w0.40_t0.40,0.830470016206558,0.9531249999976361,0.7357840321640134,4032,5223,3843,1.0
case_0074,fusion_w0.40_t0.45,0.830470016206558,0.9531249999976361,0.7357840321640134,4032,5223,3843,1.0
case_0074,fusion_w0.40_t0.50,0.830470016206558,0.9531249999976361,0.7357840321640134,4032,5223,3843,1.0
case_0074,fusion_w0.40_t0.55,0.830470016206558,0.9531249999976361,0.7357840321640134,4032,5223,3843,1.0
case_0074,fusion_w0.40_t0.60,0.830470016206558,0.9531249999976361,0.7357840321640134,4032,5223,3843,1.0
case_0074,fusion_w0.40_t0.65,0.7311416616847206,0.9732654360249101,0.585487267852603,3142,5223,3058,1.0
case_0074,fusion_w0.50_t0.35,0.8374468085097473,0.9423030883386586,0.7535898908658748,4177,5223,3936,1.0
case_0074,fusion_w0.50_t0.40,0.8354565892293807,0.9475473530817204,0.7470802220931513,4118,5223,3902,1.0
case_0074,fusion_w0.50_t0.45,0.8326521832643228,0.9499386503044174,0.7411449358591975,4075,5223,3871,1.0
case_0074,fusion_w0.50_t0.50,0.830470016206558,0.9531249999976361,0.7357840321640134,4032,5223,3843,1.0
case_0074,fusion_w0.50_t0.55,0.736403665356734,0.9729559748397077,0.5923798583178396,3180,5223,3094,1.0
case_0074,fusion_w0.50_t0.60,0.7109166058829188,0.9736929736897313,0.5598315144542221,3003,5223,2924,1.0
case_0074,fusion_w0.50_t0.65,0.6925070978882947,0.9746351633044662,0.5370476737496898,2878,5223,2805,1.0
case_0074,fusion_w0.60_t0.35,0.8404636459422123,0.9346144832413062,0.7635458548712166,4267,5223,3988,1.0
case_0074,fusion_w0.60_t0.40,0.8381962864712591,0.9400285578273678,0.7562703427134668,4202,5223,3950,1.0
case_0074,fusion_w0.60_t0.45,0.7490347490338726,0.9629963898887997,0.6128661688672931,3324,5223,3201,1.0
case_0074,fusion_w0.60_t0.50,0.7249880325505923,0.9668049792500262,0.5799349033111623,3133,5223,3029,1.0
case_0074,fusion_w0.60_t0.55,0.7038710465249678,0.9716790289920039,0.5517901589114459,2966,5223,2882,1.0
case_0074,fusion_w0.60_t0.60,0.6857781087109881,0.9746031745997369,0.5290063182069137,2835,5223,2763,1.0
case_0074,fusion_w0.60_t0.65,0.6695171026148522,0.9754488823709218,0.5096687727349997,2729,5223,2662,1.0
case_0074,fusion_w0.70_t0.35,0.7612314709227351,0.9410769664478684,0.6390963048044437,3547,5223,3338,1.0
case_0074,fusion_w0.70_t0.40,0.7416987067450288,0.9473214285686092,0.6094198736346746,3360,5223,3183,1.0
case_0074,fusion_w0.70_t0.45,0.7202763878952582,0.953327026171702,0.5787861382336229,3171,5223,3023,1.0
case_0074,fusion_w0.70_t0.50,0.7051126726427124,0.9600791817850212,0.55715106260663,3031,5223,2910,1.0
case_0074,fusion_w0.70_t0.55,0.6896466822593997,0.9658620689621867,0.5362818303646635,2900,5223,2801,1.0
case_0074,fusion_w0.70_t0.60,0.6720860430206702,0.9689866570466319,0.5144552938914141,2773,5223,2687,1.0
case_0074,fusion_w0.70_t0.65,0.6550628890856879,0.9735649546791029,0.49358606164944746,2648,5223,2578,1.0
case_0074,fusion_w0.80_t0.35,0.7352531351593877,0.9341988787225312,0.6061650392483129,3389,5223,3166,1.0
case_0074,fusion_w0.80_t0.40,0.7201228153038259,0.9395993836642847,0.5837641202362938,3245,5223,3049,1.0
case_0074,fusion_w0.80_t0.45,0.7067290392218942,0.9460500963360756,0.5640436530718667,3114,5223,2946,1.0
case_0074,fusion_w0.80_t0.50,0.6929632335029303,0.9515212303545586,0.5448975684462093,2991,5223,2846,1.0
case_0074,fusion_w0.80_t0.55,0.6769002228265946,0.957618213656891,0.523453953665473,2855,5223,2734,1.0
case_0074,fusion_w0.80_t0.60,0.6620568267530021,0.9641157085281431,0.5041164081935591,2731,5223,2633,1.0
case_0074,fusion_w0.80_t0.65,0.6469463215598025,0.9683206106833271,0.48573616695292793,2620,5223,2537,1.0
case_0086,nnunet,0.36768591921433535,0.828701077703751,0.23625485122859596,1763,6184,1461,1.0
case_0086,medformer_lcc_t0.25,0.5158281234491834,0.3720830350748947,0.8405562742547856,13970,6184,5198,1.0
case_0086,union_t0.25,0.5261402648354457,0.3775869350975802,0.8673997412663852,14206,6184,5364,1.0
case_0086,intersection_t0.25,0.33588380235982895,0.8480681073945772,0.20941138421699643,1527,6184,1295,1.0
case_0086,medformer_lcc_t0.30,0.5297512855490976,0.3921081249026005,0.816300129364786,12874,6184,5048,1.0
case_0086,union_t0.30,0.5438850408350336,0.39971129007719214,0.8507438551085855,13162,6184,5261,1.0
case_0086,intersection_t0.30,0.32589110849937863,0.846101694909518,0.20181112548479654,1475,6184,1248,1.0
case_0086,medformer_lcc_t0.35,0.5456555383591943,0.41451125293885244,0.7981888745135863,11908,6184,4936,1.0
case_0086,union_t0.35,0.5623947411307859,0.42346396138392906,0.8369987063375858,12223,6184,5176,1.0
case_0086,intersection_t0.35,0.31996855345870023,0.8432320441930716,0.19744501940459663,1448,6184,1221,1.0
case_0086,medformer_lcc_t0.40,0.5599581078719031,0.4373352721980938,0.7781371280711867,11003,6184,4812,1.0
case_0086,union_t0.40,0.5803545977991105,0.4481817381346762,0.823091849933986,11357,6184,5090,1.0
case_0086,intersection_t0.40,0.3116027920448945,0.8396025549975898,0.19130012936579674,1409,6184,1183,1.0
case_0086,medformer_lcc_t0.45,0.5739536025527348,0.462512363995586,0.7561448900375871,10110,6184,4676,1.0
case_0086,union_t0.45,0.5978417266183466,0.4750381097556449,0.8062742561435863,10496,6184,4986,1.0
case_0086,intersection_t0.45,0.30445708239610575,0.8358750907709813,0.18612548512259683,1377,6184,1151,1.0
case_0086,medformer_lcc_t0.50,0.5897869022865191,0.49294092093777914,0.7339909443713875,9208,6184,4539,1.0
case_0086,union_t0.50,0.6173792056661919,0.5069588699620825,0.7892949547205865,9628,6184,4881,1.0
case_0086,intersection_t0.50,0.2973296133913945,0.8332092330541087,0.18095084087939692,1343,6184,1119,1.0
case_0086,medformer_lcc_t0.55,0.5951140285574913,0.5116955661579056,0.7110284605421878,8593,6184,4397,1.0
case_0086,union_t0.55,0.6263873382802743,0.5273692358724678,0.7711836998693868,9043,6184,4769,1.0
case_0086,intersection_t0.55,0.29051620648220555,0.8293983244415126,0.176099611901397,1313,6184,1089,1.0
case_0086,medformer_lcc_t0.60,0.5976377395851208,0.5311125078560263,0.6832147477349884,7955,6184,4225,1.0
case_0086,union_t0.60,0.6340463336290343,0.549059060243166,0.7501617076313872,8449,6184,4639,1.0
case_0086,intersection_t0.60,0.28096068697131227,0.8250591016483447,0.16930789133219712,1269,6184,1047,1.0
case_0086,medformer_lcc_t0.65,0.5955022932382042,0.5488137442043239,0.6508732212149889,7334,6184,4025,1.0
case_0086,union_t0.65,0.6371530249105785,0.5690312738360425,0.7238033635175877,7866,6184,4476,1.0
case_0086,intersection_t0.65,0.27242076871170273,0.8204711616505242,0.1633247089259972,1231,6184,1010,1.0
case_0086,medformer_lcc_t0.70,0.580589929176916,0.5596399099766547,0.6031694695979897,6665,6184,3730,1.0
case_0086,union_t0.70,0.6294725879635279,0.5828626532572215,0.6841849935305884,7259,6184,4231,1.0
case_0086,intersection_t0.70,0.26111791105635646,0.8212147134232575,0.15523932729599735,1169,6184,960,1.0
case_0086,medformer_lcc_t0.75,0.5627219423564599,0.575021097045443,0.5509379042681906,5925,6184,3407,1.0
case_0086,union_t0.75,0.6195814062862588,0.6012475277641849,0.6390685640351891,6573,6184,3952,1.0
case_0086,intersection_t0.75,0.2509932867512659,0.8215246636697622,0.14812419146159747,1115,6184,916,1.0
case_0086,fusion_w0.40_t0.35,0.5867439333569479,0.666666666665295,0.5239327296239911,4860,6184,3240,1.0
case_0086,fusion_w0.40_t0.40,0.36768591921433535,0.828701077703751,0.23625485122859596,1763,6184,1461,1.0
case_0086,fusion_w0.40_t0.45,0.36768591921433535,0.828701077703751,0.23625485122859596,1763,6184,1461,1.0
case_0086,fusion_w0.40_t0.50,0.36768591921433535,0.828701077703751,0.23625485122859596,1763,6184,1461,1.0
case_0086,fusion_w0.40_t0.55,0.36768591921433535,0.828701077703751,0.23625485122859596,1763,6184,1461,1.0
case_0086,fusion_w0.40_t0.60,0.36768591921433535,0.828701077703751,0.23625485122859596,1763,6184,1461,1.0
case_0086,fusion_w0.40_t0.65,0.351642710471828,0.8519900497459454,0.22153945666199623,1608,6184,1370,1.0
case_0086,fusion_w0.50_t0.35,0.6294725879635279,0.5828626532572215,0.6841849935305884,7259,6184,4231,1.0
case_0086,fusion_w0.50_t0.40,0.6040424121930053,0.6192255434772093,0.58958602845959,5888,6184,3646,1.0
case_0086,fusion_w0.50_t0.45,0.5839947707530264,0.6910497237553789,0.5056597671401913,4525,6184,3127,1.0
case_0086,fusion_w0.50_t0.50,0.36768591921433535,0.828701077703751,0.23625485122859596,1763,6184,1461,1.0
case_0086,fusion_w0.50_t0.55,0.3558910067796394,0.8518064911154207,0.22493531694659616,1633,6184,1391,1.0
case_0086,fusion_w0.50_t0.60,0.341986310215237,0.8492623476533082,0.21410090556239636,1559,6184,1324,1.0
case_0086,fusion_w0.50_t0.65,0.32589110849937863,0.846101694909518,0.20181112548479654,1475,6184,1248,1.0
case_0086,fusion_w0.60_t0.35,0.6312314739958022,0.5409930715929088,0.7576002587309871,8660,6184,4685,1.0
case_0086,fusion_w0.60_t0.40,0.6360025994652061,0.5745596868877044,0.7121604139703879,7665,6184,4404,1.0
case_0086,fusion_w0.60_t0.45,0.616211941478358,0.603002631170712,0.6300129366095892,6461,6184,3896,1.0
case_0086,fusion_w0.60_t0.50,0.5852977125889773,0.6360531309285844,0.5420439844751908,5270,6184,3352,1.0
case_0086,fusion_w0.60_t0.55,0.5624570699631415,0.7152483154461811,0.4634540750315921,4007,6184,2866,1.0
case_0086,fusion_w0.60_t0.60,0.3217277486906784,0.8440934065876093,0.1987386804653966,1456,6184,1229,1.0
case_0086,fusion_w0.60_t0.65,0.30982201713868185,0.8386866523851629,0.19000646830499676,1401,6184,1175,1.0
case_0086,fusion_w0.70_t0.35,0.6155118661318218,0.507395363473715,0.7821798188861867,9533,6184,4837,1.0
case_0086,fusion_w0.70_t0.40,0.6229773462778971,0.5342275670669123,0.7470892626119873,8648,6184,4620,1.0
case_0086,fusion_w0.70_t0.45,0.6252513645499674,0.5624031007744672,0.703913324707788,7740,6184,4353,1.0
case_0086,fusion_w0.70_t0.50,0.6082466281305524,0.5810631718442335,0.6380983182395891,6791,6184,3946,1.0
case_0086,fusion_w0.70_t0.55,0.5831519008536399,0.6047238624511901,0.5630659767131904,5758,6184,3482,1.0
case_0086,fusion_w0.70_t0.60,0.5565217391299253,0.6412149335569686,0.4915912031039916,4741,6184,3040,1.0
case_0086,fusion_w0.70_t0.65,0.5328719723177967,0.7188358045010466,0.4233505821467928,3642,6184,2618,1.0
case_0086,fusion_w0.80_t0.35,0.5849485522848857,0.46420432966154174,0.7905886157813865,10532,6184,4889,1.0
case_0086,fusion_w0.80_t0.40,0.6054185927063396,0.5020229982958879,0.762451487708987,9392,6184,4715,1.0
case_0086,fusion_w0.80_t0.45,0.6111824758294833,0.5251539444631983,0.7309184993519875,8607,6184,4520,1.0
case_0086,fusion_w0.80_t0.50,0.6146710432420331,0.5500638569597062,0.6964747736081881,7830,6184,4307,1.0
case_0086,fusion_w0.80_t0.55,0.6061843199511558,0.5692176629269214,0.648285899093389,7043,6184,4009,1.0
case_0086,fusion_w0.80_t0.60,0.5852314176861593,0.5867056720289506,0.58376455368599,6153,6184,3610,1.0
case_0086,fusion_w0.80_t0.65,0.5578837087475486,0.6062618595813923,0.5166558861569912,5270,6184,3195,1.0
case_0094,nnunet,0.8586718559950636,0.8647721705025361,0.8526570048288583,4082,4140,3530,1.0
case_0094,medformer_lcc_t0.25,0.6672109732195728,0.503946719288969,0.9869565217367465,8108,4140,4086,1.0
case_0094,union_t0.25,0.6610662358637632,0.4966019417469701,0.9884057970990618,8240,4140,4092,1.0
case_0094,intersection_t0.25,0.8711990111237686,0.8921518987319186,0.851207729466543,3950,4140,3524,1.0
case_0094,medformer_lcc_t0.30,0.6956373260473869,0.5379638188293437,0.9840579710121158,7573,4140,4074,1.0
case_0094,union_t0.30,0.6875946810295509,0.5276414363206825,0.9867149758430273,7742,4140,4085,1.0
case_0094,intersection_t0.30,0.8739600149001938,0.8993099923309499,0.8499999999979468,3913,4140,3519,1.0
case_0094,medformer_lcc_t0.35,0.7167548500875514,0.5644444444436605,0.9816425120749236,7200,4140,4064,1.0
case_0094,union_t0.35,0.7070654529686111,0.551453684921499,0.9850241545869928,7395,4140,4078,1.0
case_0094,intersection_t0.35,0.8760433536802341,0.9045536403372664,0.8492753623167892,3887,4140,3516,1.0
case_0094,medformer_lcc_t0.40,0.7327163854103314,0.586748038360089,0.9753623188382238,6882,4140,4038,1.0
case_0094,union_t0.40,0.7219208537121192,0.5712878254742135,0.9804347826063274,7105,4140,4059,1.0
case_0094,intersection_t0.40,0.877359669957648,0.9093029282173898,0.8475845410607546,3859,4140,3509,1.0
case_0094,medformer_lcc_t0.45,0.7469924461431063,0.6083852346945035,0.9673913043454894,6583,4140,4005,1.0
case_0094,union_t0.45,0.7366217692020962,0.5909754672888566,0.9775362318816968,6848,4140,4047,1.0
case_0094,intersection_t0.45,0.8767123287660215,0.9138066544382661,0.842512077292651,3817,4140,3488,1.0
case_0094,medformer_lcc_t0.50,0.7597926267273811,0.6304971319301618,0.9557971014469667,6276,4140,3957,1.0
case_0094,union_t0.50,0.7507451564821621,0.6109763493016813,0.97342995168847,6596,4140,4030,1.0
case_0094,intersection_t0.50,0.8749683624387814,0.9189261031341869,0.835024154587355,3762,4140,3457,1.0
case_0094,medformer_lcc_t0.55,0.7736795514893541,0.6525634644090715,0.9499999999977053,6027,4140,3933,1.0
case_0094,union_t0.55,0.7644098376215321,0.6297918948511504,0.9722222222198739,6391,4140,4025,1.0
case_0094,intersection_t0.55,0.8750318147100089,0.9246906939189761,0.8304347826066898,3718,4140,3438,1.0
case_0094,medformer_lcc_t0.60,0.7842269389389556,0.6719531115313361,0.9415458937175325,5801,4140,3898,1.0
case_0094,union_t0.60,0.7759003572455576,0.6462924239976736,0.9705314009638393,6217,4140,4018,1.0
case_0094,intersection_t0.60,0.8736869075059266,0.9301691216559461,0.8236714975825515,3666,4140,3410,1.0
case_0094,medformer_lcc_t0.65,0.7920404165369707,0.6909516100005559,0.9277777777755368,5559,4140,3841,1.0
case_0094,union_t0.65,0.7864087204156079,0.6625848088686702,0.9671497584517702,6043,4140,4004,1.0
case_0094,intersection_t0.65,0.8702507107768541,0.935797665367049,0.8132850241526249,3598,4140,3367,1.0
case_0094,medformer_lcc_t0.70,0.8018997361469109,0.7120899718824516,0.9176328502393294,5335,4140,3799,1.0
case_0094,union_t0.70,0.7972474319329836,0.6789536266338051,0.9654589371957356,5887,4140,3997,1.0
case_0094,intersection_t0.70,0.8688396349401971,0.9439093484392524,0.8048309178724521,3530,4140,3332,1.0
case_0094,medformer_lcc_t0.75,0.8075056615973174,0.7293980128565568,0.9043478260847722,5133,4140,3744,1.0
case_0094,union_t0.75,0.8057437556873235,0.6929900852310089,0.9623188405773857,5749,4140,3984,1.0
case_0094,intersection_t0.75,0.8651064948713317,0.9492210040364997,0.7946859903362448,3466,4140,3290,1.0
case_0094,fusion_w0.40_t0.35,0.8264566929125181,0.730919220054353,0.9507246376788631,5385,4140,3936,1.0
case_0094,fusion_w0.40_t0.40,0.8586718559950636,0.8647721705025361,0.8526570048288583,4082,4140,3530,1.0
case_0094,fusion_w0.40_t0.45,0.8586718559950636,0.8647721705025361,0.8526570048288583,4082,4140,3530,1.0
case_0094,fusion_w0.40_t0.50,0.8586718559950636,0.8647721705025361,0.8526570048288583,4082,4140,3530,1.0
case_0094,fusion_w0.40_t0.55,0.8586718559950636,0.8647721705025361,0.8526570048288583,4082,4140,3530,1.0
case_0094,fusion_w0.40_t0.60,0.8586718559950636,0.8647721705025361,0.8526570048288583,4082,4140,3530,1.0
case_0094,fusion_w0.40_t0.65,0.8655142822105364,0.8787652476950989,0.8526570048288583,4017,4140,3530,1.0
case_0094,fusion_w0.50_t0.35,0.7972474319329836,0.6789536266338051,0.9654589371957356,5887,4140,3997,1.0
case_0094,fusion_w0.50_t0.40,0.8133579184584988,0.7061543934530307,0.9589371980653166,5622,4140,3970,1.0
case_0094,fusion_w0.50_t0.45,0.8301326259938141,0.7402081362332257,0.9449275362296017,5285,4140,3912,1.0
case_0094,fusion_w0.50_t0.50,0.8586718559950636,0.8647721705025361,0.8526570048288583,4082,4140,3530,1.0
case_0094,fusion_w0.50_t0.55,0.8645603722742291,0.8768007948314039,0.8526570048288583,4026,4140,3530,1.0
case_0094,fusion_w0.50_t0.60,0.8684729064028713,0.8859296482389801,0.8516908212539814,3980,4140,3526,1.0
case_0094,fusion_w0.50_t0.65,0.8739600149001938,0.8993099923309499,0.8499999999979468,3913,4140,3519,1.0
case_0094,fusion_w0.60_t0.35,0.7722163512337666,0.641091083106331,0.9707729468575585,6269,4140,4019,1.0
case_0094,fusion_w0.60_t0.40,0.7905966021327631,0.6687834224587754,0.9666666666643318,5984,4140,4002,1.0
case_0094,fusion_w0.60_t0.45,0.809591546432829,0.6987022097497392,0.9623188405773857,5702,4140,3984,1.0
case_0094,fusion_w0.60_t0.50,0.8270174339692796,0.728258871114675,0.9567632850218436,5439,4140,3961,1.0
case_0094,fusion_w0.60_t0.55,0.8437703141919352,0.7650294695466306,0.9405797101426556,5090,4140,3894,1.0
case_0094,fusion_w0.60_t0.60,0.8755599800885073,0.9029774127286885,0.8497584541042277,3896,4140,3518,1.0
case_0094,fusion_w0.60_t0.65,0.877505010018941,0.9112903225782745,0.8461352656984393,3844,4140,3503,1.0
case_0094,fusion_w0.70_t0.35,0.7537641447669,0.614985502822196,0.97342995168847,6553,4140,4030,1.0
case_0094,fusion_w0.70_t0.40,0.7749084602035315,0.6445976274436604,0.971256038644997,6238,4140,4021,1.0
case_0094,fusion_w0.70_t0.45,0.792434145374537,0.6715340718350595,0.9664251207706125,5958,4140,4001,1.0
case_0094,fusion_w0.70_t0.50,0.8110692847687342,0.7006503779210747,0.9628019323648241,5689,4140,3986,1.0
case_0094,fusion_w0.70_t0.55,0.8252083333324737,0.7254578754565468,0.9567632850218436,5460,4140,3961,1.0
case_0094,fusion_w0.70_t0.60,0.8373339048426517,0.7525038520786739,0.9437198067610055,5192,4140,3907,1.0
case_0094,fusion_w0.70_t0.65,0.8488553011770961,0.7861259777670109,0.9224637681137139,4858,4140,3819,1.0
case_0094,fusion_w0.80_t0.35,0.7392455932041837,0.5943604053449929,0.9775362318816968,6809,4140,4047,1.0
case_0094,fusion_w0.80_t0.40,0.7589588834394955,0.6225247524742845,0.9719806763261547,6464,4140,4024,1.0
case_0094,fusion_w0.80_t0.45,0.7782410549783978,0.6500890976824071,0.9693236714952432,6173,4140,4013,1.0
case_0094,fusion_w0.80_t0.50,0.7945478061876484,0.675520216544281,0.9644927536208587,5911,4140,3993,1.0
case_0094,fusion_w0.80_t0.55,0.8078727309802081,0.6990822449687627,0.9567632850218436,5666,4140,3961,1.0
case_0094,fusion_w0.80_t0.60,0.8174312885350429,0.7203904954858714,0.9446859903358824,5429,4140,3911,1.0
case_0094,fusion_w0.80_t0.65,0.8276452337639588,0.7428461686177399,0.9342995169059558,5207,4140,3868,1.0
case_0096,nnunet,0.7467891628379612,0.9476564358768793,0.616181930692116,4203,6464,3983,1.0
case_0096,medformer_lcc_t0.25,0.7929279031364935,0.7139494549049629,0.891553217820403,8072,6464,5763,1.0
case_0096,union_t0.25,0.7914992166740743,0.7070707070698465,0.8988242574243521,8217,6464,5810,1.0
case_0096,intersection_t0.25,0.748146740162756,0.9699359290266882,0.6089108910881669,4058,6464,3936,1.0
case_0096,medformer_lcc_t0.30,0.7973543484373787,0.7312854930295156,0.8765470297016142,7748,6464,5666,1.0
case_0096,union_t0.30,0.7973856209144782,0.7241727709008283,0.887066831681796,7918,6464,5734,1.0
case_0096,intersection_t0.30,0.7459274078300981,0.9707413835830133,0.6056621287119344,4033,6464,3915,1.0
case_0096,medformer_lcc_t0.35,0.8012087200512258,0.7488903833211178,0.8613861386125288,7435,6464,5568,1.0
case_0096,union_t0.35,0.8022991768373529,0.7410854745664118,0.874535891087756,7628,6464,5653,1.0
case_0096,intersection_t0.35,0.7443192667550655,0.9720698254339849,0.6030321782168889,4010,6464,3898,1.0
case_0096,medformer_lcc_t0.40,0.8040798356319312,0.7647962032373468,0.8476175742561145,7164,6464,5479,1.0
case_0096,union_t0.40,0.8063001228229129,0.7564050426992593,0.8632425742560903,7377,6464,5580,1.0
case_0096,intersection_t0.40,0.7426822268980843,0.9729323308246293,0.6005569306921402,3990,6464,3882,1.0
case_0096,medformer_lcc_t0.45,0.8061621298229089,0.7802547770689342,0.8338490098997001,6908,6464,5390,1.0
case_0096,union_t0.45,0.8096428046444144,0.7712125455043808,0.8521039603947214,7142,6464,5508,1.0
case_0096,intersection_t0.45,0.7409182401986572,0.9737969261754251,0.5979269801970948,3969,6464,3865,1.0
case_0096,medformer_lcc_t0.50,0.8063361510922197,0.7940602969839597,0.8189975247512082,6667,6464,5294,1.0
case_0096,union_t0.50,0.8119772998799193,0.7847863741328164,0.8411200495036493,6928,6464,5437,1.0
case_0096,intersection_t0.50,0.7380357486058639,0.974124809738777,0.594059405939675,3942,6464,3840,1.0
case_0096,medformer_lcc_t0.55,0.8077998756985645,0.8113295880137151,0.8043007425730132,6408,6464,5199,1.0
case_0096,union_t0.55,0.8156254749955801,0.8016133851198064,0.8301361386125772,6694,6464,5366,1.0
case_0096,intersection_t0.55,0.7351892881218233,0.9742149604264125,0.590346534652552,3917,6464,3816,1.0
case_0096,medformer_lcc_t0.60,0.804663335711948,0.8255492270124889,0.7848081683156176,6145,6464,5073,1.0
case_0096,union_t0.60,0.8152560730304693,0.8153822346010285,0.8151299504937884,6462,6464,5269,1.0
case_0096,intersection_t0.60,0.7317874396128194,0.974523932061311,0.5858601485139452,3886,6464,3787,1.0
case_0096,medformer_lcc_t0.65,0.8003588321637576,0.8463263194190301,0.7591274752463504,5798,6464,4907,1.0
case_0096,union_t0.65,0.8148383005700579,0.8355006501937005,0.7951732673255025,6152,6464,5140,1.0
case_0096,intersection_t0.65,0.7272374672736087,0.9742790335126675,0.5801361386129639,3849,6464,3750,1.0
case_0096,medformer_lcc_t0.70,0.788409703503379,0.8653846153830153,0.724009900988979,5408,6464,4680,1.0
case_0096,union_t0.70,0.8093765261266406,0.8540020611459052,0.7691831683156417,5822,6464,4972,1.0
case_0096,intersection_t0.70,0.7199843948105725,0.9741356558432986,0.5710086633654533,3789,6464,3691,1.0
case_0096,medformer_lcc_t0.75,0.7792095476945609,0.8835065699139371,0.6969368811870407,5099,6464,4505,1.0
case_0096,union_t0.75,0.8064140910594828,0.870961952618681,0.7507735148503237,5572,6464,4853,1.0
case_0096,intersection_t0.75,0.7131646066306522,0.974530831096583,0.5623452970288331,3730,6464,3635,1.0
case_0096,fusion_w0.40_t0.35,0.7857267492577336,0.9009603841518589,0.6966274752464471,4998,6464,4503,1.0
case_0096,fusion_w0.40_t0.40,0.7467891628379612,0.9476564358768793,0.616181930692116,4203,6464,3983,1.0
case_0096,fusion_w0.40_t0.45,0.7467891628379612,0.9476564358768793,0.616181930692116,4203,6464,3983,1.0
case_0096,fusion_w0.40_t0.50,0.7467891628379612,0.9476564358768793,0.616181930692116,4203,6464,3983,1.0
case_0096,fusion_w0.40_t0.55,0.7467891628379612,0.9476564358768793,0.616181930692116,4203,6464,3983,1.0
case_0096,fusion_w0.40_t0.60,0.7467891628379612,0.9476564358768793,0.616181930692116,4203,6464,3983,1.0
case_0096,fusion_w0.40_t0.65,0.7495039213826424,0.9628550619058925,0.6135519801970706,4119,6464,3966,1.0
case_0096,fusion_w0.50_t0.35,0.8093765261266406,0.8540020611459052,0.7691831683156417,5822,6464,4972,1.0
case_0096,fusion_w0.50_t0.40,0.7983713631344487,0.8837558685429413,0.7280321782166955,5325,6464,4706,1.0
case_0096,fusion_w0.50_t0.45,0.7799506694848661,0.9056873977068215,0.684870049503891,4888,6464,4427,1.0
case_0096,fusion_w0.50_t0.50,0.7467891628379612,0.9476564358768793,0.616181930692116,4203,6464,3983,1.0
case_0096,fusion_w0.50_t0.55,0.7498820643449854,0.9610640870593445,0.6147896039594449,4135,6464,3974,1.0
case_0096,fusion_w0.50_t0.60,0.7487908961586071,0.9674099485396536,0.6107673267317284,4081,6464,3948,1.0
case_0096,fusion_w0.50_t0.65,0.7459274078300981,0.9707413835830133,0.6056621287119344,4033,6464,3915,1.0
case_0096,fusion_w0.60_t0.35,0.8175115207366993,0.8117754728480602,0.8233292079195184,6556,6464,5322,1.0
case_0096,fusion_w0.60_t0.40,0.8125651093831135,0.8428927680783992,0.7843440594047272,6015,6464,5070,1.0
case_0096,fusion_w0.60_t0.45,0.8092852371402728,0.8791727140767794,0.7496905940582461,5512,6464,4846,1.0
case_0096,fusion_w0.60_t0.50,0.7962962962956072,0.90357423409092,0.7117883663355326,5092,6464,4601,1.0
case_0096,fusion_w0.60_t0.55,0.7766588743024845,0.9272219836819939,0.6681621287118377,4658,6464,4319,1.0
case_0096,fusion_w0.60_t0.60,0.7444879259322854,0.9718415150735813,0.6033415841574825,4013,6464,3900,1.0
case_0096,fusion_w0.60_t0.65,0.7418397626105658,0.9728847602285391,0.5994740099000627,3983,6464,3875,1.0
case_0096,fusion_w0.70_t0.35,0.814637072584872,0.7904540162968707,0.8403465346521654,6872,6464,5432,1.0
case_0096,fusion_w0.70_t0.40,0.8193662786209086,0.8166589826328313,0.822091584157144,6507,6464,5314,1.0
case_0096,fusion_w0.70_t0.45,0.8174273858914639,0.8441001977573432,0.7923886138601604,6068,6464,5122,1.0
case_0096,fusion_w0.70_t0.50,0.80916030534284,0.8725841088030197,0.7543316831671498,5588,6464,4876,1.0
case_0096,fusion_w0.70_t0.55,0.7994514912574567,0.8962336664087314,0.7215346534642303,5204,6464,4664,1.0
case_0096,fusion_w0.70_t0.60,0.7860547219763583,0.9151253596364259,0.6888923267316075,4866,6464,4453,1.0
case_0096,fusion_w0.70_t0.65,0.7644314335369459,0.9353033355698784,0.6463490098999902,4467,6464,4178,1.0
case_0096,fusion_w0.80_t0.35,0.811217712176523,0.7756138865357386,0.8502475247511599,7086,6464,5496,1.0
case_0096,fusion_w0.80_t0.40,0.8137691552798265,0.7946336429296851,0.8338490098997001,6783,6464,5390,1.0
case_0096,fusion_w0.80_t0.45,0.8165442597597088,0.8161026116507246,0.81698638613735,6471,6464,5281,1.0
case_0096,fusion_w0.80_t0.50,0.8139664360130326,0.8376166311984979,0.7916150990086763,6109,6464,5117,1.0
case_0096,fusion_w0.80_t0.55,0.8064622485980824,0.8630910374014413,0.7568069306918985,5668,6464,4892,1.0
case_0096,fusion_w0.80_t0.60,0.7999999999993206,0.8868386367898948,0.7286509900978827,5311,6464,4710,1.0
case_0096,fusion_w0.80_t0.65,0.7865502183399243,0.9031287605276712,0.6966274752464471,4986,6464,4503,1.0
case_0100,nnunet,0.8587938192865391,0.7989169387586215,0.928373126040229,12557,10806,10032,1.0
case_0100,medformer_lcc_t0.25,0.0,0.0,0.0,15340,10806,0,0.0
case_0100,union_t0.25,0.0,0.0,0.0,16114,10806,0,0.0
case_0100,intersection_t0.25,0.0,0.0,0.0,5696,10806,0,0.0
case_0100,medformer_lcc_t0.30,0.0,0.0,0.0,14466,10806,0,0.0
case_0100,union_t0.30,0.0,0.0,0.0,15389,10806,0,0.0
case_0100,intersection_t0.30,0.0,0.0,0.0,5547,10806,0,0.0
case_0100,medformer_lcc_t0.35,0.0,0.0,0.0,13647,10806,0,0.0
case_0100,union_t0.35,0.0,0.0,0.0,14754,10806,0,0.0
case_0100,intersection_t0.35,0.0,0.0,0.0,5363,10806,0,0.0
case_0100,medformer_lcc_t0.40,0.8227082363886701,0.7577339671154385,0.8998704423460115,12833,10806,9724,1.0
case_0100,union_t0.40,0.8199683042785975,0.7169183871409748,0.9576161391810497,14434,10806,10348,1.0
case_0100,intersection_t0.40,0.8646264130131125,0.8587075575019544,0.8706274292051909,10956,10806,9408,1.0
case_0100,medformer_lcc_t0.45,0.8317675713287962,0.7846709338578822,0.8848787710522997,12186,10806,9562,1.0
case_0100,union_t0.45,0.8294370900893938,0.733750978856173,0.9538219507672091,14047,10806,10307,1.0
case_0100,intersection_t0.45,0.8638266207790606,0.8682685115923071,0.8594299463253198,10696,10806,9287,1.0
case_0100,medformer_lcc_t0.50,0.8363913004560832,0.8097920277289342,0.8647973348131919,11540,10806,9345,1.0
case_0100,union_t0.50,0.8365549302663581,0.7478127734027793,0.94919489172594,13716,10806,10257,1.0
case_0100,intersection_t0.50,0.8609052721004101,0.878528080145575,0.843975569127481,10381,10806,9120,1.0
case_0100,medformer_lcc_t0.55,0.8374902033097424,0.83445107946639,0.8405515454369419,10885,10806,9083,1.0
case_0100,union_t0.55,0.8423832315560148,0.7600893521960088,0.9446603738654963,13430,10806,10208,1.0
case_0100,intersection_t0.55,0.8557017965218293,0.8896324410698265,0.8242642976116746,10012,10806,8907,1.0
case_0100,medformer_lcc_t0.60,0.8372512703610023,0.8599161057449419,0.8157505089757395,10251,10806,8815,1.0
case_0100,union_t0.60,0.8480379905020211,0.7711363636357794,0.9419766796215602,13200,10806,10179,1.0
case_0100,intersection_t0.60,0.8492211227584749,0.9021648626135489,0.8021469553944085,9608,10806,8668,1.0
case_0100,medformer_lcc_t0.65,0.829991196321613,0.8801867219907881,0.7852119193033636,9640,10806,8485,1.0
case_0100,union_t0.65,0.8511210009233138,0.778973255455903,0.9379974088460687,13012,10806,10136,1.0
case_0100,intersection_t0.65,0.8384773147912368,0.9124659771356423,0.7755876364975239,9185,10806,8381,1.0
case_0100,medformer_lcc_t0.70,0.8204998737688358,0.9028780975653928,0.7518970942062262,8999,10806,8125,1.0
case_0100,union_t0.70,0.8543656495643418,0.7862476664586292,0.9354062557829581,12856,10806,10108,1.0
case_0100,intersection_t0.70,0.8252845278371653,0.92517241379204,0.7448639644634972,8700,10806,8049,1.0
case_0100,medformer_lcc_t0.75,0.801506748979386,0.9220028887807871,0.7088654451224238,8308,10806,7660,1.0
case_0100,union_t0.75,0.8558072330114079,0.7912770137518339,0.9317971497307682,12725,10806,10069,1.0
case_0100,intersection_t0.75,0.8047081178080836,0.9364864864853361,0.7054414214318846,8140,10806,7623,1.0
case_0100,fusion_w0.40_t0.35,0.8583529411761034,0.7981541888767617,0.928373126040229,12569,10806,10032,1.0
case_0100,fusion_w0.40_t0.40,0.8587938192865391,0.7989169387586215,0.928373126040229,12557,10806,10032,1.0
case_0100,fusion_w0.40_t0.45,0.8587938192865391,0.7989169387586215,0.928373126040229,12557,10806,10032,1.0
case_0100,fusion_w0.40_t0.50,0.8587938192865391,0.7989169387586215,0.928373126040229,12557,10806,10032,1.0
case_0100,fusion_w0.40_t0.55,0.8587938192865391,0.7989169387586215,0.928373126040229,12557,10806,10032,1.0
case_0100,fusion_w0.40_t0.60,0.8587938192865391,0.7989169387586215,0.928373126040229,12557,10806,10032,1.0
case_0100,fusion_w0.40_t0.65,0.8632287976202321,0.8184457161807924,0.9131963723848665,12057,10806,9868,1.0
case_0100,fusion_w0.50_t0.35,0.8543656495643418,0.7862476664586292,0.9354062557829581,12856,10806,10108,1.0
case_0100,fusion_w0.50_t0.40,0.8568381537407829,0.794792655903138,0.9293910790293083,12636,10806,10043,1.0
case_0100,fusion_w0.50_t0.45,0.858720308152853,0.7987897125560961,0.928373126040229,12559,10806,10032,1.0
case_0100,fusion_w0.50_t0.50,0.8587938192865391,0.7989169387586215,0.928373126040229,12557,10806,10032,1.0
case_0100,fusion_w0.50_t0.55,0.8625092604694022,0.8150893666083394,0.9157875254479771,12141,10806,9896,1.0
case_0100,fusion_w0.50_t0.60,0.8649438003359302,0.8287822252367463,0.9044049602064552,11792,10806,9773,1.0
case_0100,fusion_w0.50_t0.65,0.8657186571861822,0.8425893482823733,0.8901536183593465,11416,10806,9619,1.0
case_0100,fusion_w0.60_t0.35,0.8464382139144978,0.7678800211012375,0.942902091429814,13269,10806,10189,1.0
case_0100,fusion_w0.60_t0.40,0.8528247874038676,0.7822829780655064,0.9373496205802911,12948,10806,10129,1.0
case_0100,fusion_w0.60_t0.45,0.8588194684152317,0.8045270816485007,0.9209698315741985,12370,10806,9952,1.0
case_0100,fusion_w0.60_t0.50,0.8626899762800392,0.8210702341130258,0.9087543957052482,11960,10806,9820,1.0
case_0100,fusion_w0.60_t0.55,0.865672973937493,0.8359765557655265,0.897556912825377,11602,10806,9699,1.0
case_0100,fusion_w0.60_t0.60,0.8662709022518392,0.8487700914653682,0.8845086063289982,11261,10806,9558,1.0
case_0100,fusion_w0.60_t0.65,0.8641645149387384,0.8611468480050899,0.8672034055146518,10882,10806,9371,1.0
case_0100,fusion_w0.70_t0.35,0.839032044928626,0.7575689783737826,0.9401258560050526,13410,10806,10159,1.0
case_0100,fusion_w0.70_t0.40,0.8503435988797614,0.7850093984956257,0.9275402554128006,12768,10806,10023,1.0
case_0100,fusion_w0.70_t0.45,0.8573786871710946,0.8079914844830852,0.9131963723848665,12213,10806,9868,1.0
case_0100,fusion_w0.70_t0.50,0.8612232226012945,0.8269312665012971,0.8984823246336308,11741,10806,9709,1.0
case_0100,fusion_w0.70_t0.55,0.8643184187855912,0.8471518706115283,0.8821950768083636,11253,10806,9533,1.0
case_0100,fusion_w0.70_t0.60,0.8634809132078457,0.862444608566412,0.8645197112707157,10832,10806,9342,1.0
case_0100,fusion_w0.70_t0.65,0.8609052721004101,0.878528080145575,0.843975569127481,10381,10806,9120,1.0
case_0100,fusion_w0.80_t0.35,0.8312492261975026,0.7501675977648044,0.9319822320924189,13425,10806,10071,1.0
case_0100,fusion_w0.80_t0.40,0.8421945941355106,0.777681999842663,0.9183786785110879,12761,10806,9924,1.0
case_0100,fusion_w0.80_t0.45,0.8496692200553405,0.8020542317166787,0.9032944660365506,12170,10806,9761,1.0
case_0100,fusion_w0.80_t0.50,0.8559835919382665,0.8259335742550112,0.8883027947428388,11622,10806,9599,1.0
case_0100,fusion_w0.80_t0.55,0.8585508304431199,0.8468046804672845,0.8706274292051909,11110,10806,9408,1.0
case_0100,fusion_w0.80_t0.60,0.8575977522824361,0.8680443643939064,0.8473995928180201,10549,10806,9157,1.0
case_0100,fusion_w0.80_t0.65,0.852607273426567,0.8877980364647486,0.8200999444745325,9982,10806,8862,1.0
case_0101,nnunet,0.3994823123364992,0.9204771371586387,0.2550964187313769,503,1815,463,1.0
case_0101,medformer_lcc_t0.25,0.3663049095603449,0.22544529262057833,0.9763085399395245,7860,1815,1772,1.0
case_0101,union_t0.25,0.3663049095603449,0.22544529262057833,0.9763085399395245,7860,1815,1772,1.0
case_0101,intersection_t0.25,0.3994823123364992,0.9204771371586387,0.2550964187313769,503,1815,463,1.0
case_0101,medformer_lcc_t0.30,0.3905285602060481,0.24520856820709525,0.9586776859451314,7096,1815,1740,1.0
case_0101,union_t0.30,0.3912068192009968,0.2455992113783332,0.9608815426944305,7101,1815,1744,1.0
case_0101,intersection_t0.30,0.39688715953135806,0.9216867469694441,0.25289256198207777,498,1815,459,1.0
case_0101,medformer_lcc_t0.35,0.41461923970124115,0.2664153314479007,0.9344352617028406,6366,1815,1696,1.0
case_0101,union_t0.35,0.41592380021929914,0.2671791653588529,0.9382920110141142,6374,1815,1703,1.0
case_0101,intersection_t0.35,0.3948051948034857,0.9212121211935108,0.2512396694201034,495,1815,456,1.0
case_0101,medformer_lcc_t0.40,0.4375082661017888,0.28785241907363757,0.9112947658351995,5746,1815,1654,1.0
case_0101,union_t0.40,0.44007391763405485,0.28935948619981017,0.9184573002704218,5761,1815,1667,1.0
case_0101,intersection_t0.40,0.390794615716931,0.9221311475220875,0.24793388429615465,488,1815,450,1.0
case_0101,medformer_lcc_t0.45,0.4659353348723067,0.3156659495397699,0.889256198342208,5113,1815,1614,1.0
case_0101,union_t0.45,0.4710280373825003,0.31867704280093645,0.9024793388380029,5140,1815,1638,1.0
case_0101,intersection_t0.45,0.38323876036497934,0.9222689075436498,0.24187327823558197,476,1815,439,1.0
case_0101,medformer_lcc_t0.50,0.4956425289169773,0.3478647686825003,0.8617079889759686,4496,1815,1564,1.0
case_0101,union_t0.50,0.5040931989916497,0.35287635001024276,0.8820936639069857,4537,1815,1601,1.0
case_0101,intersection_t0.50,0.3741765480879483,0.9220779220579637,0.23471074380035972,462,1815,426,1.0
case_0101,medformer_lcc_t0.55,0.5380493033216541,0.39809674861116023,0.8297520661111308,3783,1815,1506,1.0
case_0101,union_t0.55,0.5497965681929068,0.40489838457424465,0.8561983471027207,3838,1815,1554,1.0
case_0101,intersection_t0.55,0.366769774633819,0.9263392856936085,0.22865013773978707,448,1815,415,1.0
case_0101,medformer_lcc_t0.60,0.571260306241517,0.4437328453783357,0.8016528925575667,3279,1815,1455,1.0
case_0101,union_t0.60,0.5871879233586468,0.45256563245688375,0.8358126721717035,3352,1815,1517,1.0
case_0101,intersection_t0.60,0.35723830734807466,0.9325581395131963,0.22093663911724004,430,1815,401,1.0
case_0101,medformer_lcc_t0.65,0.5909479077698742,0.482398048098702,0.7625344352575067,2869,1815,1384,1.0
case_0101,union_t0.65,0.6154167537066735,0.49562584118271996,0.8115702479294129,2972,1815,1473,1.0
case_0101,intersection_t0.65,0.337697516928498,0.934999999976625,0.20606060605947074,400,1815,374,1.0
case_0101,medformer_lcc_t0.70,0.6055306074199822,0.5302152317858849,0.7057851239630536,2416,1815,1281,1.0
case_0101,union_t0.70,0.6409671532832095,0.5469054106634998,0.7741046831913273,2569,1815,1405,1.0
case_0101,intersection_t0.70,0.30954587580950166,0.9737609329162169,0.18402203856647922,343,1815,334,1.0
case_0101,medformer_lcc_t0.75,0.6128353498142746,0.5863110216377136,0.6418732782333781,1987,1815,1165,1.0
case_0101,union_t0.75,0.6638319159563186,0.6078790655033995,0.7311294765799938,2183,1815,1327,1.0
case_0101,intersection_t0.75,0.2836946277083709,0.9804560260266952,0.16584022038476123,307,1815,301,1.0
case_0101,fusion_w0.40_t0.35,0.659326832335139,0.7683284457421677,0.577410468316378,1364,1815,1048,1.0
case_0101,fusion_w0.40_t0.40,0.3994823123364992,0.9204771371586387,0.2550964187313769,503,1815,463,1.0
case_0101,fusion_w0.40_t0.45,0.3994823123364992,0.9204771371586387,0.2550964187313769,503,1815,463,1.0
case_0101,fusion_w0.40_t0.50,0.3994823123364992,0.9204771371586387,0.2550964187313769,503,1815,463,1.0
case_0101,fusion_w0.40_t0.55,0.3994823123364992,0.9204771371586387,0.2550964187313769,503,1815,463,1.0
case_0101,fusion_w0.40_t0.60,0.3994823123364992,0.9204771371586387,0.2550964187313769,503,1815,463,1.0
case_0101,fusion_w0.40_t0.65,0.3994823123364992,0.9204771371586387,0.2550964187313769,503,1815,463,1.0
case_0101,fusion_w0.50_t0.35,0.6409671532832095,0.5469054106634998,0.7741046831913273,2569,1815,1405,1.0
case_0101,fusion_w0.50_t0.40,0.677428332867583,0.6844769403786025,0.6705234159742671,1778,1815,1217,1.0
case_0101,fusion_w0.50_t0.45,0.6179378531051627,0.8603736479758075,0.4820936639091896,1017,1815,875,1.0
case_0101,fusion_w0.50_t0.50,0.3994823123364992,0.9204771371586387,0.2550964187313769,503,1815,463,1.0
case_0101,fusion_w0.50_t0.55,0.3994823123364992,0.9204771371586387,0.2550964187313769,503,1815,463,1.0
case_0101,fusion_w0.50_t0.60,0.3994823123364992,0.9204771371586387,0.2550964187313769,503,1815,463,1.0
case_0101,fusion_w0.50_t0.65,0.39688715953135806,0.9216867469694441,0.25289256198207777,498,1815,459,1.0
case_0101,fusion_w0.60_t0.35,0.5778618732250183,0.4400576368863399,0.8413223140449514,3470,1815,1527,1.0
case_0101,fusion_w0.60_t0.40,0.622003424656203,0.5085754287696584,0.8005509641829172,2857,1815,1453,1.0
case_0101,fusion_w0.60_t0.45,0.6638319159563186,0.6078790655033995,0.7311294765799938,2183,1815,1327,1.0
case_0101,fusion_w0.60_t0.50,0.6793113510339093,0.7220843672411782,0.6413223140460533,1612,1815,1164,1.0
case_0101,fusion_w0.60_t0.55,0.4565393988608589,0.8686244203884292,0.3096418732765309,647,1815,562,1.0
case_0101,fusion_w0.60_t0.60,0.39619377162458397,0.9215291750317599,0.25234159779475296,497,1815,458,1.0
case_0101,fusion_w0.60_t0.65,0.39009556906867904,0.9219712525478034,0.24738292010882987,487,1815,449,1.0
case_0101,fusion_w0.70_t0.35,0.5040931989916497,0.35287635001024276,0.8820936639069857,4537,1815,1601,1.0
case_0101,fusion_w0.70_t0.40,0.5641873278226553,0.4231404958666029,0.8462809917308746,3630,1815,1536,1.0
case_0101,fusion_w0.70_t0.45,0.6122701921078036,0.4897554527412764,0.816528925615336,3026,1815,1482,1.0
case_0101,fusion_w0.70_t0.50,0.6504559270501509,0.5649878147824331,0.7663911845687803,2462,1815,1391,1.0
case_0101,fusion_w0.70_t0.55,0.6765980498356539,0.665423548211692,0.6881542699686604,1877,1815,1249,1.0
case_0101,fusion_w0.70_t0.60,0.6622032866687091,0.7396329027821915,0.5994490358093695,1471,1815,1088,1.0
case_0101,fusion_w0.70_t0.65,0.4094355518095643,0.8694096600917816,0.267768595039847,559,1815,486,1.0
case_0101,fusion_w0.80_t0.35,0.46251053074914,0.3103448275856221,0.907438016523926,5307,1815,1647,1.0
case_0101,fusion_w0.80_t0.40,0.5040931989916497,0.35287635001024276,0.8820936639069857,4537,1815,1601,1.0
case_0101,fusion_w0.80_t0.45,0.5593189639547921,0.4166216945482552,0.8506887052294728,3706,1815,1544,1.0
case_0101,fusion_w0.80_t0.50,0.5990746328694446,0.4717997465130805,0.8203856749266095,3156,1815,1489,1.0
case_0101,fusion_w0.80_t0.55,0.6288913773782108,0.5298113207527178,0.7735537190040025,2650,1815,1404,1.0
case_0101,fusion_w0.80_t0.60,0.6520090977997169,0.6022408963557319,0.7107438016489767,2142,1815,1290,1.0
case_0101,fusion_w0.80_t0.65,0.6579861111092072,0.69287020109267,0.626446280988284,1641,1815,1137,1.0
case_0110,nnunet,0.6712597322576959,0.9625702811237248,0.5153078775367581,12450,23256,11984,1.0
case_0110,medformer_lcc_t0.25,0.7520970744373516,0.807770153526777,0.7036033711727281,20257,23256,16363,1.0
case_0110,union_t0.25,0.7574716044884808,0.8047105479514414,0.7154712762294825,20677,23256,16639,1.0
case_0110,intersection_t0.25,0.6636059627045674,0.9732335827090829,0.5034399724800037,12030,23256,11708,1.0
case_0110,medformer_lcc_t0.30,0.7484340175951324,0.8235324487579,0.6858875128996018,19369,23256,15951,1.0
case_0110,union_t0.30,0.7550864168888168,0.8198901707890474,0.6997764017884848,19849,23256,16274,1.0
case_0110,intersection_t0.30,0.6620677908361262,0.9741854636583339,0.5014189886478752,11970,23256,11661,1.0
case_0110,medformer_lcc_t0.35,0.7426985911448459,0.8368821087807466,0.6675696594424374,18551,23256,15525,1.0
case_0110,union_t0.35,0.7511504424776989,0.8324180134939942,0.6843395252835034,19119,23256,15915,1.0
case_0110,intersection_t0.35,0.6599123456085549,0.9757616562859991,0.49853801169569206,11882,23256,11594,1.0
case_0110,medformer_lcc_t0.40,0.7366933814034404,0.8497330710869065,0.650197798417333,17795,23256,15121,1.0
case_0110,union_t0.40,0.7467798805495799,0.8444263628962059,0.6693756449945522,18435,23256,15567,1.0
case_0110,intersection_t0.40,0.6580733474018543,0.976968670617293,0.49613003095953895,11810,23256,11538,1.0
case_0110,medformer_lcc_t0.45,0.7301130728028343,0.8623477038420441,0.6330409356722424,17072,23256,14722,1.0
case_0110,union_t0.45,0.7424021040325487,0.8559636118593575,0.6554437564496666,17808,23256,15243,1.0
case_0110,intersection_t0.45,0.6555905061479396,0.9785726481125332,0.49290505675933394,11714,23256,11463,1.0
case_0110,medformer_lcc_t0.50,0.722471400493695,0.8725502130244233,0.6164430684551873,16430,23256,14336,1.0
case_0110,union_t0.50,0.7373488027645675,0.8655963834468149,0.6421998624008246,17254,23256,14935,1.0
case_0110,intersection_t0.50,0.6527722034285154,0.9792706003776197,0.48955108359112076,11626,23256,11385,1.0
case_0110,medformer_lcc_t0.55,0.7149105978050508,0.8823640841062812,0.6008771929821978,15837,23256,13974,1.0
case_0110,union_t0.55,0.7332583989007786,0.8747839561351244,0.6311489508081222,16779,23256,14678,1.0
case_0110,intersection_t0.55,0.648947186744722,0.9801876955153108,0.4850361197108337,11508,23256,11280,1.0
case_0110,medformer_lcc_t0.60,0.7054503788961992,0.8943545724655698,0.582430340557025,15145,23256,13545,1.0
case_0110,union_t0.60,0.7282718800646455,0.8858427796938849,0.6182920536633048,16232,23256,14379,1.0
case_0110,intersection_t0.60,0.6441549438167931,0.9812549502763519,0.4794461644304784,11363,23256,11150,1.0
case_0110,medformer_lcc_t0.65,0.6950580009532563,0.9048407116253586,0.5642414860678688,14502,23256,13122,1.0
case_0110,union_t0.65,0.7234424254848347,0.8953879337683845,0.6068971448225804,15763,23256,14114,1.0
case_0110,intersection_t0.65,0.6382348671793764,0.9823934221101238,0.4726522187820465,11189,23256,10992,1.0
case_0110,medformer_lcc_t0.70,0.6836814445490679,0.915878402772102,0.5454076367386715,13849,23256,12684,1.0
case_0110,union_t0.70,0.719183229250157,0.904923377893117,0.5967062263499326,15335,23256,13877,1.0
case_0110,intersection_t0.70,0.6306838106368701,0.9842210871935568,0.46400928792549706,10964,23256,10791,1.0
case_0110,medformer_lcc_t0.75,0.672154538469797,0.9287230815886194,0.5266597867214797,13188,23256,12248,1.0
case_0110,union_t0.75,0.7158236634621066,0.9157563166001502,0.5875472996213503,14921,23256,13664,1.0
case_0110,intersection_t0.75,0.6221411120593936,0.9860968554623625,0.4544203646368875,10717,23256,10568,1.0
case_0110,fusion_w0.40_t0.35,0.704541166958441,0.9438226586750351,0.5620485036117294,13849,23256,13071,1.0
case_0110,fusion_w0.40_t0.40,0.6712597322576959,0.9625702811237248,0.5153078775367581,12450,23256,11984,1.0
case_0110,fusion_w0.40_t0.45,0.6712597322576959,0.9625702811237248,0.5153078775367581,12450,23256,11984,1.0
case_0110,fusion_w0.40_t0.50,0.6712597322576959,0.9625702811237248,0.5153078775367581,12450,23256,11984,1.0
case_0110,fusion_w0.40_t0.55,0.6712597322576959,0.9625702811237248,0.5153078775367581,12450,23256,11984,1.0
case_0110,fusion_w0.40_t0.60,0.6712597322576959,0.9625702811237248,0.5153078775367581,12450,23256,11984,1.0
case_0110,fusion_w0.40_t0.65,0.6669866455855143,0.9711419879955839,0.5079119367042879,12163,23256,11812,1.0
case_0110,fusion_w0.50_t0.35,0.719183229250157,0.904923377893117,0.5967062263499326,15335,23256,13877,1.0
case_0110,fusion_w0.50_t0.40,0.7122605262458698,0.9279845335904661,0.5779153766767381,14483,23256,13440,1.0
case_0110,fusion_w0.50_t0.45,0.7010974122745696,0.947835006226868,0.5562865497073631,13649,23256,12937,1.0
case_0110,fusion_w0.50_t0.50,0.6712597322576959,0.9625702811237248,0.5153078775367581,12450,23256,11984,1.0
case_0110,fusion_w0.50_t0.55,0.6676070642665837,0.9706316652986294,0.5087719298243426,12190,23256,11832,1.0
case_0110,fusion_w0.50_t0.60,0.6648180634936719,0.9720337580663808,0.505159958720113,12086,23256,11748,1.0
case_0110,fusion_w0.50_t0.65,0.6620677908361262,0.9741854636583339,0.5014189886478752,11970,23256,11661,1.0
case_0110,fusion_w0.60_t0.35,0.7294503277859987,0.8817971226524739,0.6219900240795398,16404,23256,14465,1.0
case_0110,fusion_w0.60_t0.40,0.722295124147505,0.8992248062009742,0.6035431716543672,15609,23256,14036,1.0
case_0110,fusion_w0.60_t0.45,0.7132428514953978,0.9212335761447877,0.5818713450289895,14689,23256,13532,1.0
case_0110,fusion_w0.60_t0.50,0.7042185227087161,0.9426655127643568,0.5620485036117294,13866,23256,13071,1.0
case_0110,fusion_w0.60_t0.55,0.6910522114879887,0.9600061176103387,0.5398176814583162,13077,23256,12554,1.0
case_0110,fusion_w0.60_t0.60,0.6605243701300516,0.9751469353476279,0.4993980048157467,11910,23256,11614,1.0
case_0110,fusion_w0.60_t0.65,0.6571322542888707,0.9774946921435435,0.49492604059146245,11775,23256,11510,1.0
case_0110,fusion_w0.70_t0.35,0.735376597592571,0.8695345971002585,0.6370829033364993,17039,23256,14816,1.0
case_0110,fusion_w0.70_t0.40,0.7266926621763492,0.8837295233397686,0.6170450636392255,16238,23256,14350,1.0
case_0110,fusion_w0.70_t0.45,0.7183818970859893,0.8996506211174303,0.5979102167180091,15456,23256,13905,1.0
case_0110,fusion_w0.70_t0.50,0.7109837229480894,0.9151154132532897,0.581312349500954,14773,23256,13519,1.0
case_0110,fusion_w0.70_t0.55,0.7025054992218729,0.9338182855506105,0.5630374956997922,14022,23256,13094,1.0
case_0110,fusion_w0.70_t0.60,0.693439842424716,0.9530756504730387,0.5449776401786443,13298,23256,12674,1.0
case_0110,fusion_w0.70_t0.65,0.6785554811339924,0.966682569973786,0.522746818025231,12576,23256,12157,1.0
case_0110,fusion_w0.80_t0.35,0.7383749388152868,0.8569075210174637,0.6486498108012346,17604,23256,15085,1.0
case_0110,fusion_w0.80_t0.40,0.7313045647291766,0.8707971961501302,0.6303319573440702,16834,23256,14659,1.0
case_0110,fusion_w0.80_t0.45,0.7233858887448338,0.8831442564001716,0.6125730994149412,16131,23256,14246,1.0
case_0110,fusion_w0.80_t0.50,0.7155863638713167,0.8978969232760626,0.5948142414858123,15406,23256,13833,1.0
case_0110,fusion_w0.80_t0.55,0.707291392471517,0.9118365684804453,0.5777003783967244,14734,23256,13435,1.0
case_0110,fusion_w0.80_t0.60,0.6995422054451585,0.9267929346662929,0.561790505675713,14097,23256,13065,1.0
case_0110,fusion_w0.80_t0.65,0.6897831128084327,0.9435032465102294,0.5436016511865568,13399,23256,12642,1.0
case_0111,nnunet,0.12176560121728534,0.99999999995,0.06482982171778014,200,3085,200,1.0
case_0111,medformer_lcc_t0.25,0.6199887069440617,0.7392280071780106,0.5338735818459194,2228,3085,1647,1.0
case_0111,union_t0.25,0.6544320058714361,0.754230118440126,0.5779578606140099,2364,3085,1783,1.0
case_0111,intersection_t0.25,0.07668329177033453,0.9999999999186993,0.03987034035643478,123,3085,123,1.0
case_0111,medformer_lcc_t0.30,0.5981198589882528,0.7555665512085327,0.49497568881525134,2021,3085,1527,1.0
case_0111,union_t0.30,0.6376094404251282,0.7722452743164028,0.5429497568864086,2169,3085,1675,1.0
case_0111,intersection_t0.30,0.07307932542138326,0.9999999999145299,0.037925445704901375,117,3085,117,1.0
case_0111,medformer_lcc_t0.35,0.5782986461899812,0.7677038626568257,0.46385737439071684,1864,3085,1431,1.0
case_0111,union_t0.35,0.6228224701494953,0.7860671936720056,0.515721231764941,2024,3085,1591,1.0
case_0111,intersection_t0.35,0.06946182728388779,0.99999999990991,0.035980551053367976,111,3085,111,1.0
case_0111,medformer_lcc_t0.40,0.547209399914924,0.7757287328924705,0.42269043759992647,1681,3085,1304,1.0
case_0111,union_t0.40,0.5986642380072887,0.7968749999957065,0.4794165316029841,1856,3085,1479,1.0
case_0111,intersection_t0.40,0.06764797995594223,0.9999999999074075,0.03500810372760127,108,3085,108,1.0
case_0111,medformer_lcc_t0.45,0.5307791648718666,0.7898782831467658,0.39967585089011454,1561,3085,1233,1.0
case_0111,union_t0.45,0.5876267328769137,0.812356979400387,0.4602917341962389,1748,3085,1420,1.0
case_0111,intersection_t0.45,0.06461731493078852,0.9999999999029127,0.03338735818465677,103,3085,103,1.0
case_0111,medformer_lcc_t0.50,0.505104305369496,0.8008444757156873,0.36888168557416895,1421,3085,1138,1.0
case_0111,union_t0.50,0.5674181199477512,0.8249845392651517,0.4324149108575935,1617,3085,1334,1.0
case_0111,intersection_t0.50,0.06157712849493693,0.9999999998979593,0.031766612641712266,98,3085,98,1.0
case_0111,medformer_lcc_t0.55,0.48198814409374835,0.8124519600245008,0.342625607778468,1301,3085,1057,1.0
case_0111,union_t0.55,0.5491392460219021,0.8377659574412383,0.4084278768220148,1504,3085,1260,1.0
case_0111,intersection_t0.55,0.05913809373998384,0.9999999998936171,0.030470016207356662,94,3085,94,1.0
case_0111,medformer_lcc_t0.60,0.4545240893056298,0.8264957264886625,0.3134521880054669,1170,3085,967,1.0
case_0111,union_t0.60,0.527541424091967,0.8530050687845547,0.38184764991772496,1381,3085,1178,1.0
case_0111,intersection_t0.60,0.05669291338564821,0.999999999888889,0.029173419773001058,90,3085,90,1.0
case_0111,medformer_lcc_t0.65,0.42535688361861757,0.838740458007264,0.28492706644964366,1048,3085,879,1.0
case_0111,union_t0.65,0.5049391224431313,0.8667192428953729,0.35623987033920185,1268,3085,1099,1.0
case_0111,intersection_t0.65,0.05485498108431635,0.9999999998850575,0.02820097244723436,87,3085,87,1.0
case_0111,medformer_lcc_t0.70,0.3922942206645177,0.8596491227975915,0.25413290113369813,912,3085,784,1.0
case_0111,union_t0.70,0.48013245032999025,0.8880139982424496,0.3290113452177342,1143,3085,1015,1.0
case_0111,intersection_t0.70,0.05055292259067756,0.9999999998750001,0.025931928687112055,80,3085,80,1.0
case_0111,medformer_lcc_t0.75,0.34733022291252635,0.866752910726174,0.21717990275456345,773,3085,670,1.0
case_0111,union_t0.75,0.44639376218214816,0.8989205102953982,0.296920583467433,1019,3085,916,1.0
case_0111,intersection_t0.75,0.04561292366155967,0.9999999998611112,0.023338735818400846,72,3085,72,1.0
case_0111,fusion_w0.40_t0.35,0.3174431202591619,0.965403624366303,0.18995137763309577,607,3085,586,1.0
case_0111,fusion_w0.40_t0.40,0.12176560121728534,0.99999999995,0.06482982171778014,200,3085,200,1.0
case_0111,fusion_w0.40_t0.45,0.12176560121728534,0.99999999995,0.06482982171778014,200,3085,200,1.0
case_0111,fusion_w0.40_t0.50,0.12176560121728534,0.99999999995,0.06482982171778014,200,3085,200,1.0
case_0111,fusion_w0.40_t0.55,0.12176560121728534,0.99999999995,0.06482982171778014,200,3085,200,1.0
case_0111,fusion_w0.40_t0.60,0.12176560121728534,0.99999999995,0.06482982171778014,200,3085,200,1.0
case_0111,fusion_w0.40_t0.65,0.08146766169128897,0.9999999999236641,0.04246353322514599,131,3085,131,1.0
case_0111,fusion_w0.50_t0.35,0.48013245032999025,0.8880139982424496,0.3290113452177342,1143,3085,1015,1.0
case_0111,fusion_w0.50_t0.40,0.41528406234184195,0.9249720044689252,0.26774716369443197,893,3085,826,1.0
case_0111,fusion_w0.50_t0.45,0.19755244755187193,0.9769452449286182,0.10988654781163733,347,3085,339,1.0
case_0111,fusion_w0.50_t0.50,0.12176560121728534,0.99999999995,0.06482982171778014,200,3085,200,1.0
case_0111,fusion_w0.50_t0.55,0.08146766169128897,0.9999999999236641,0.04246353322514599,131,3085,131,1.0
case_0111,fusion_w0.50_t0.60,0.07967631497018464,0.9999999999218749,0.04149108589937928,128,3085,128,1.0
case_0111,fusion_w0.50_t0.65,0.07307932542138326,0.9999999999145299,0.037925445704901375,117,3085,117,1.0
case_0111,fusion_w0.60_t0.35,0.5372010628863215,0.847658979728528,0.39319286871833653,1431,3085,1213,1.0
case_0111,fusion_w0.60_t0.40,0.49663495010328,0.8741830065288058,0.3468395461901237,1224,3085,1070,1.0
case_0111,fusion_w0.60_t0.45,0.4107676969082483,0.8888888888793,0.26709886547725414,927,3085,824,1.0
case_0111,fusion_w0.60_t0.50,0.33413269384403377,0.9386227544769667,0.20324149108524073,668,3085,627,1.0
case_0111,fusion_w0.60_t0.55,0.17213842058511641,0.983108108074895,0.09432739059937009,296,3085,291,1.0
case_0111,fusion_w0.60_t0.60,0.07066916822992286,0.9999999999115045,0.03662884927054578,113,3085,113,1.0
case_0111,fusion_w0.60_t0.65,0.06643685365068494,0.9999999999056605,0.03435980551042347,106,3085,106,1.0
case_0111,fusion_w0.70_t0.35,0.5394622723318746,0.8146692861767213,0.40324149108459245,1527,3085,1244,1.0
case_0111,fusion_w0.70_t0.40,0.5074290859961562,0.8305084745701511,0.36531604537969103,1357,3085,1127,1.0
case_0111,fusion_w0.70_t0.45,0.46516007532847187,0.8495270851173731,0.32025931928583384,1163,3085,988,1.0
case_0111,fusion_w0.70_t0.50,0.41501976284482456,0.8722741432931228,0.27228525121467656,963,3085,840,1.0
case_0111,fusion_w0.70_t0.55,0.3612334801752754,0.9005167958539985,0.22593192868646375,774,3085,697,1.0
case_0111,fusion_w0.70_t0.60,0.26495964375100206,0.937007873997303,0.1542949756883167,508,3085,476,1.0
case_0111,fusion_w0.70_t0.65,0.1491464510327968,0.9803149605913262,0.08071312803863627,254,3085,249,1.0
case_0111,fusion_w0.80_t0.35,0.5562579013894727,0.7947019867501824,0.4278768233373489,1661,3085,1320,1.0
case_0111,fusion_w0.80_t0.40,0.5247481384132178,0.8089128966859628,0.38833063208950297,1481,3085,1198,1.0
case_0111,fusion_w0.80_t0.45,0.4947893067501251,0.8216704288877227,0.3539708265790795,1329,3085,1092,1.0
case_0111,fusion_w0.80_t0.50,0.4591476336226533,0.8390705679790098,0.31604538087417816,1162,3085,975,1.0
case_0111,fusion_w0.80_t0.55,0.417485265224908,0.8611955420378805,0.27552674230056556,987,3085,850,1.0
case_0111,fusion_w0.80_t0.60,0.3684749232334481,0.8748481166357855,0.23338735818400846,823,3085,720,1.0
case_0111,fusion_w0.80_t0.65,0.31355704697902403,0.9124999999857422,0.18930307941591798,640,3085,584,1.0
case_0113,nnunet,0.03493983263085032,0.8079096044969517,0.017856027970270427,354,16017,286,1.0
case_0113,medformer_lcc_t0.25,0.869750399298215,0.8725650370737259,0.8669538615215914,15914,16017,13886,1.0
case_0113,union_t0.25,0.8691874999997283,0.8701119939930738,0.8682649684704574,15983,16017,13907,1.0
case_0113,intersection_t0.25,0.03251134830080204,0.9298245613708833,0.016544921021404417,285,16017,265,1.0
case_0113,medformer_lcc_t0.30,0.8695929564881748,0.8890483334414656,0.8509708434782725,15331,16017,13630,1.0
case_0113,union_t0.30,0.868934355808423,0.8860480207651615,0.8524692514198335,15410,16017,13654,1.0
case_0113,intersection_t0.30,0.03216302479742686,0.952727272692628,0.01635762002870927,275,16017,262,1.0
case_0113,medformer_lcc_t0.35,0.8665738071326272,0.9004981823071896,0.8351126927634169,14854,16017,13376,1.0
case_0113,union_t0.35,0.8661844484626497,0.8970637415551487,0.8373603046757586,14951,16017,13412,1.0
case_0113,intersection_t0.35,0.03072385400022691,0.9727626458765462,0.015608416057928695,257,16017,250,1.0
case_0113,medformer_lcc_t0.40,0.8611733684901578,0.9120994205118256,0.8156333895231219,14323,16017,13064,1.0
case_0113,union_t0.40,0.8610928674632664,0.9082784897811511,0.8185677717420125,14435,16017,13111,1.0
case_0113,intersection_t0.40,0.029399102035777475,0.9876033057443139,0.014921645751379832,242,16017,239,1.0
case_0113,medformer_lcc_t0.45,0.8542797774646912,0.9221474567680181,0.7957170506332049,13821,16017,12745,1.0
case_0113,union_t0.45,0.8545108641230751,0.9180292598960713,0.7992133358301808,13944,16017,12801,1.0
case_0113,intersection_t0.45,0.028311176760199216,0.995670995627893,0.014359742773294399,231,16017,230,1.0
case_0113,medformer_lcc_t0.50,0.8439389281685815,0.9316742081440937,0.7713054879186044,13260,16017,12354,1.0
case_0113,union_t0.50,0.8449746779508361,0.9273351238429369,0.7760504464002147,13404,16017,12430,1.0
case_0113,intersection_t0.50,0.02588278794599995,0.9999999999523809,0.013111069488660103,210,16017,210,1.0
case_0113,medformer_lcc_t0.55,0.8350325341867028,0.943169313000359,0.7491415371163457,12722,16017,11999,1.0
case_0113,union_t0.55,0.836776359043276,0.9385964912273415,0.7548854342256633,12882,16017,12091,1.0
case_0113,intersection_t0.55,0.02393436555423852,0.9999999999484536,0.012112130860952667,194,16017,194,1.0
case_0113,medformer_lcc_t0.60,0.8237172663399248,0.9541307028352205,0.7246675407375135,12165,16017,11607,1.0
case_0113,union_t0.60,0.8261390887287254,0.9492665532045147,0.7312855091460752,12339,16017,11713,1.0
case_0113,intersection_t0.60,0.02222633821076605,0.9999999999444444,0.01123805956170866,180,16017,180,1.0
case_0113,medformer_lcc_t0.65,0.8039451177345401,0.9637870855139932,0.6895798214392898,11460,16017,11045,1.0
case_0113,union_t0.65,0.8073726057098636,0.9585514459787534,0.6973840294682541,11653,16017,11170,1.0
case_0113,intersection_t0.65,0.018065953102754398,0.9999999999315068,0.009115314977830358,146,16017,146,1.0
case_0113,medformer_lcc_t0.70,0.7789552518252091,0.9731474550889098,0.6493725416740654,10688,16017,10401,1.0
case_0113,union_t0.70,0.7832484857490307,0.9674132550018657,0.6579883873380421,10894,16017,10539,1.0
case_0113,intersection_t0.70,0.017698019801969247,0.9999999999300698,0.008928013985135213,143,16017,143,1.0
case_0113,medformer_lcc_t0.75,0.7481223383659511,0.9846122490563695,0.6032340638068282,9813,16017,9662,1.0
case_0113,union_t0.75,0.7533783783780891,0.9781676801904314,0.6125991134415855,10031,16017,9812,1.0
case_0113,intersection_t0.75,0.016838977279751848,0.9999999999264705,0.00849097833551321,136,16017,136,1.0
case_0113,fusion_w0.40_t0.35,0.5379341657205275,0.9860186418092776,0.36985702690867833,6008,16017,5924,1.0
case_0113,fusion_w0.40_t0.40,0.03493983263085032,0.8079096044969517,0.017856027970270427,354,16017,286,1.0
case_0113,fusion_w0.40_t0.45,0.03493983263085032,0.8079096044969517,0.017856027970270427,354,16017,286,1.0
case_0113,fusion_w0.40_t0.50,0.03493983263085032,0.8079096044969517,0.017856027970270427,354,16017,286,1.0
case_0113,fusion_w0.40_t0.55,0.03493983263085032,0.8079096044969517,0.017856027970270427,354,16017,286,1.0
case_0113,fusion_w0.40_t0.60,0.03493983263085032,0.8079096044969517,0.017856027970270427,354,16017,286,1.0
case_0113,fusion_w0.40_t0.65,0.03451441160269597,0.8703703703435071,0.01760629331334357,324,16017,282,1.0
case_0113,fusion_w0.50_t0.35,0.7832484857490307,0.9674132550018657,0.6579883873380421,10894,16017,10539,1.0
case_0113,fusion_w0.50_t0.40,0.7137345372098509,0.9833406400690669,0.560154835486945,9124,16017,8972,1.0
case_0113,fusion_w0.50_t0.45,0.41841497567905545,0.9820110701084364,0.2658425422986415,4336,16017,4258,1.0
case_0113,fusion_w0.50_t0.50,0.03493983263085032,0.8079096044969517,0.017856027970270427,354,16017,286,1.0
case_0113,fusion_w0.50_t0.55,0.034501743439142044,0.8545454545195592,0.01760629331334357,330,16017,282,1.0
case_0113,fusion_w0.50_t0.60,0.033449733504849935,0.8921568627159425,0.017044390335258133,306,16017,273,1.0
case_0113,fusion_w0.50_t0.65,0.03216302479742686,0.952727272692628,0.01635762002870927,275,16017,262,1.0
case_0113,fusion_w0.60_t0.35,0.8299943961891181,0.9452732349414078,0.7397764874815884,12535,16017,11849,1.0
case_0113,fusion_w0.60_t0.40,0.7993725833512806,0.9613933491261196,0.6840856589868989,11397,16017,10957,1.0
case_0113,fusion_w0.60_t0.45,0.7537557152185216,0.9799200799191009,0.6124118124488903,10010,16017,9809,1.0
case_0113,fusion_w0.60_t0.50,0.6810638036304221,0.9909372764118877,0.5188237497655498,8386,16017,8310,1.0
case_0113,fusion_w0.60_t0.55,0.3525601480565738,0.9982532751062642,0.21408503465054998,3435,16017,3429,1.0
case_0113,fusion_w0.60_t0.60,0.03084106407812813,0.9653846153474852,0.01567084972216041,260,16017,251,1.0
case_0113,fusion_w0.60_t0.65,0.029035433070848278,0.9874476987034541,0.014734344758684688,239,16017,236,1.0
case_0113,fusion_w0.70_t0.35,0.8452016595249795,0.9281499738584448,0.7758631454075195,13389,16017,12427,1.0
case_0113,fusion_w0.70_t0.40,0.8334380015348428,0.9445630684057378,0.7457076855836013,12645,16017,11944,1.0
case_0113,fusion_w0.70_t0.45,0.8108693298687124,0.9607491021028213,0.7014422176433155,11694,16017,11235,1.0
case_0113,fusion_w0.70_t0.50,0.7774939903843233,0.97577071744982,0.646188424798248,10607,16017,10350,1.0
case_0113,fusion_w0.70_t0.55,0.7250869977852241,0.9888900873681491,0.572391833676361,9271,16017,9168,1.0
case_0113,fusion_w0.70_t0.60,0.6319829424304341,0.996905690836813,0.4626334519570065,7433,16017,7410,1.0
case_0113,fusion_w0.70_t0.65,0.3297539616345237,0.9987369750521038,0.19747767996491383,3167,16017,3163,1.0
case_0113,fusion_w0.80_t0.35,0.8568196186733914,0.9172841265311219,0.8038334269833278,14036,16017,12875,1.0
case_0113,fusion_w0.80_t0.40,0.8455301171978585,0.9305586801642814,0.7747393394513487,13335,16017,12409,1.0
case_0113,fusion_w0.80_t0.45,0.8354703832749701,0.9452810849160724,0.7485172004740285,12683,16017,11989,1.0
case_0113,fusion_w0.80_t0.50,0.8173744897225462,0.9583508271047456,0.7125554098765607,11909,16017,11413,1.0
case_0113,fusion_w0.80_t0.55,0.7913551920654314,0.9715583825525019,0.6675407379654944,11005,16017,10692,1.0
case_0113,fusion_w0.80_t0.60,0.7516985793696913,0.9847274198432439,0.6078541549599751,9887,16017,9736,1.0
case_0113,fusion_w0.80_t0.65,0.6990738868440575,0.9923076923065529,0.5396141599547108,8710,16017,8643,1.0
case_0121,nnunet,0.6102776891152141,0.813847900111198,0.4881702127651265,3524,5875,2868,1.0
case_0121,medformer_lcc_t0.25,0.5120080053366066,0.38017006521887214,0.7838297872327084,12113,5875,4605,1.0
case_0121,union_t0.25,0.5150776053212223,0.38191533086692814,0.7908085106369518,12165,5875,4646,1.0
case_0121,intersection_t0.25,0.6096598784512105,0.815924657531918,0.48663829787151214,3504,5875,2859,1.0
case_0121,medformer_lcc_t0.30,0.5178725113313914,0.390600657780517,0.7681702127646499,11554,5875,4513,1.0
case_0121,union_t0.30,0.5214261227285331,0.3924486109913198,0.7766808510625078,11627,5875,4563,1.0
case_0121,intersection_t0.30,0.6094017094010583,0.8183644189359588,0.48544680850981203,3485,5875,2852,1.0
case_0121,medformer_lcc_t0.35,0.5219088167461877,0.39987314244255173,0.7511489361689342,11036,5875,4413,1.0
case_0121,union_t0.35,0.5261301510784044,0.4018498563214782,0.7617021276582779,11136,5875,4475,1.0
case_0121,intersection_t0.35,0.6090402742067169,0.8214388904917035,0.4839148936161976,3461,5875,2843,1.0
case_0121,medformer_lcc_t0.40,0.526386186770108,0.40943913742513055,0.736851063828533,10573,5875,4329,1.0
case_0121,union_t0.40,0.5313310415532649,0.41145152251035727,0.749787234041277,10706,5875,4405,1.0
case_0121,intersection_t0.40,0.6089385474853792,0.8255170404869633,0.4823829787225832,3433,5875,2834,1.0
case_0121,medformer_lcc_t0.45,0.5303798260430946,0.41935483870926243,0.7213617021264317,10106,5875,4238,1.0
case_0121,union_t0.45,0.5365883883756511,0.42186282151167004,0.7370212765944902,10264,5875,4330,1.0
case_0121,intersection_t0.45,0.6078811369502498,0.8271315558135742,0.4805106382970545,3413,5875,2823,1.0
case_0121,medformer_lcc_t0.50,0.5374000515859315,0.43257552164389845,0.7092765957434736,9633,5875,4167,1.0
case_0121,union_t0.50,0.5449334437293516,0.4353755342963206,0.728170212764718,9826,5875,4278,1.0
case_0121,intersection_t0.50,0.606826528407208,0.8303281111415007,0.4781276595736543,3383,5875,2809,1.0
case_0121,medformer_lcc_t0.55,0.5425531914890009,0.4451718494266828,0.694468085105201,9165,5875,4080,1.0
case_0121,union_t0.55,0.5522524882133628,0.4487602426301492,0.7177872340413315,9397,5875,4217,1.0
case_0121,intersection_t0.55,0.6049636935075268,0.832637231501096,0.4750638297864254,3352,5875,2791,1.0
case_0121,medformer_lcc_t0.60,0.548022211557861,0.45879247015557983,0.6803404255307569,8712,5875,3997,1.0
case_0121,union_t0.60,0.5597954101887342,0.4629341050751748,0.7079148936158163,8984,5875,4159,1.0
case_0121,intersection_t0.60,0.6026115342757316,0.8352941176445391,0.47131914893536797,3315,5875,2769,1.0
case_0121,medformer_lcc_t0.65,0.5525230987913627,0.47431360585665117,0.6616170212754696,8195,5875,3887,1.0
case_0121,union_t0.65,0.5676164002775763,0.4796241926007285,0.6951489361690295,8515,5875,4084,1.0
case_0121,intersection_t0.65,0.5988848802879644,0.8371026894839942,0.4662127659566533,3272,5875,2739,1.0
case_0121,medformer_lcc_t0.70,0.5579914086797823,0.49390323849417345,0.6411914893606108,7627,5875,3767,1.0
case_0121,union_t0.70,0.5771086940858768,0.5002497502491255,0.6818723404243713,8008,5875,4006,1.0
case_0121,intersection_t0.70,0.5941247662002485,0.84007467330168,0.4595744680843241,3214,5875,2700,1.0
case_0121,medformer_lcc_t0.75,0.5641698841694485,0.5163250883384929,0.6217872340414948,7075,5875,3653,1.0
case_0121,union_t0.75,0.5872944693568106,0.523517654896038,0.6687659574456702,7505,5875,3929,1.0
case_0121,intersection_t0.75,0.5893153412226642,0.8414403032190731,0.45344680850986646,3166,5875,2664,1.0
case_0121,fusion_w0.40_t0.35,0.6101185506757304,0.5987219400285126,0.621957446807452,6103,5875,3654,1.0
case_0121,fusion_w0.40_t0.40,0.6102776891152141,0.813847900111198,0.4881702127651265,3524,5875,2868,1.0
case_0121,fusion_w0.40_t0.45,0.6102776891152141,0.813847900111198,0.4881702127651265,3524,5875,2868,1.0
case_0121,fusion_w0.40_t0.50,0.6102776891152141,0.813847900111198,0.4881702127651265,3524,5875,2868,1.0
case_0121,fusion_w0.40_t0.55,0.6102776891152141,0.813847900111198,0.4881702127651265,3524,5875,2868,1.0
case_0121,fusion_w0.40_t0.60,0.6102776891152141,0.813847900111198,0.4881702127651265,3524,5875,2868,1.0
case_0121,fusion_w0.40_t0.65,0.6098339719022884,0.8136892928122303,0.48765957446725505,3521,5875,2865,1.0
case_0121,fusion_w0.50_t0.35,0.5771086940858768,0.5002497502491255,0.6818723404243713,8008,5875,4006,1.0
case_0121,fusion_w0.50_t0.40,0.59770114942482,0.5527914376619139,0.6505531914882544,6914,5875,3822,1.0
case_0121,fusion_w0.50_t0.45,0.603883828836051,0.609751865346851,0.59812765957345,5763,5875,3514,1.0
case_0121,fusion_w0.50_t0.50,0.6102776891152141,0.813847900111198,0.4881702127651265,3524,5875,2868,1.0
case_0121,fusion_w0.50_t0.55,0.6102776891152141,0.813847900111198,0.4881702127651265,3524,5875,2868,1.0
case_0121,fusion_w0.50_t0.60,0.6090754154232967,0.8138343296304759,0.48663829787151214,3513,5875,2859,1.0
case_0121,fusion_w0.50_t0.65,0.6094017094010583,0.8183644189359588,0.48544680850981203,3485,5875,2852,1.0
case_0121,fusion_w0.60_t0.35,0.5572722429404919,0.45771797396296054,0.7121702127647452,9141,5875,4184,1.0
case_0121,fusion_w0.60_t0.40,0.5711873944846854,0.4867521879864683,0.6910638297860577,8341,5875,4060,1.0
case_0121,fusion_w0.60_t0.45,0.5853914084713475,0.5223721116595134,0.6657021276584414,7487,5875,3911,1.0
case_0121,fusion_w0.60_t0.50,0.6011122753279591,0.5708818126139454,0.6347234042542388,6532,5875,3729,1.0
case_0121,fusion_w0.60_t0.55,0.6066134549595591,0.6257690915660048,0.5885957446798492,5526,5875,3458,1.0
case_0121,fusion_w0.60_t0.60,0.6089654434571424,0.8197004608271322,0.48442553191406906,3472,5875,2846,1.0
case_0121,fusion_w0.60_t0.65,0.6085554600165428,0.8256051326893392,0.4818723404247117,3429,5875,2831,1.0
case_0121,fusion_w0.70_t0.35,0.5437276899537584,0.43462753490223716,0.725957446807275,9813,5875,4265,1.0
case_0121,fusion_w0.70_t0.40,0.553101160861988,0.45315217391255086,0.709617021275388,9200,5875,4169,1.0
case_0121,fusion_w0.70_t0.45,0.563405671496524,0.47531586335929416,0.6915744680839292,8548,5875,4063,1.0
case_0121,fusion_w0.70_t0.50,0.5752904215674908,0.5039682539676088,0.6701276595733274,7812,5875,3937,1.0
case_0121,fusion_w0.70_t0.55,0.5906574124615217,0.5450489349445236,0.6445957446797539,6948,5875,3787,1.0
case_0121,fusion_w0.70_t0.60,0.6017757862413062,0.58711139896278,0.6171914893606516,6176,5875,3626,1.0
case_0121,fusion_w0.70_t0.65,0.6039095576969606,0.6414083428996529,0.5705531914883906,5226,5875,3352,1.0
case_0121,fusion_w0.80_t0.35,0.5315909511184542,0.4166988790100341,0.7339574468072614,10348,5875,4312,1.0
case_0121,fusion_w0.80_t0.40,0.5415042494724637,0.4334970329441032,0.7211914893604746,9774,5875,4237,1.0
case_0121,fusion_w0.80_t0.45,0.5495203440287466,0.449458874458388,0.7068936170200734,9240,5875,4153,1.0
case_0121,fusion_w0.80_t0.50,0.5590301694444421,0.46951290061266976,0.6907234042541435,8643,5875,4058,1.0
case_0121,fusion_w0.80_t0.55,0.5689754689750585,0.4938008766430885,0.6711489361690703,7985,5875,3943,1.0
case_0121,fusion_w0.80_t0.60,0.5790551300518851,0.5221553610496141,0.6498723404244258,7312,5875,3818,1.0
case_0121,fusion_w0.80_t0.65,0.5891935483866216,0.5598467432941612,0.6217872340414948,6525,5875,3653,1.0
case_0128,nnunet,0.0,0.0,0.0,0,5262,0,0.0
case_0128,medformer_lcc_t0.25,0.5246614609068649,0.5466529351173086,0.504370961610596,4855,5262,2654,1.0
case_0128,union_t0.25,0.5246614609068649,0.5466529351173086,0.504370961610596,4855,5262,2654,1.0
case_0128,intersection_t0.25,0.0,0.0,0.0,0,5262,0,0.0
case_0128,medformer_lcc_t0.30,0.4939746626835987,0.5392399370349916,0.45572025845599445,4447,5262,2398,1.0
case_0128,union_t0.30,0.4939746626835987,0.5392399370349916,0.45572025845599445,4447,5262,2398,1.0
case_0128,intersection_t0.30,0.0,0.0,0.0,0,5262,0,0.0
case_0128,medformer_lcc_t0.35,0.45722240068480857,0.523669364727683,0.40573926263700927,4077,5262,2135,1.0
case_0128,union_t0.35,0.45722240068480857,0.523669364727683,0.40573926263700927,4077,5262,2135,1.0
case_0128,intersection_t0.35,0.0,0.0,0.0,0,5262,0,0.0
case_0128,medformer_lcc_t0.40,0.423042704625864,0.5099195710442094,0.3614595210939539,3730,5262,1902,1.0
case_0128,union_t0.40,0.423042704625864,0.5099195710442094,0.3614595210939539,3730,5262,1902,1.0
case_0128,intersection_t0.40,0.0,0.0,0.0,0,5262,0,0.0
case_0128,medformer_lcc_t0.45,0.3999083829587724,0.5031700288169938,0.3318129988591186,3470,5262,1746,1.0
case_0128,union_t0.45,0.3999083829587724,0.5031700288169938,0.3318129988591186,3470,5262,1746,1.0
case_0128,intersection_t0.45,0.0,0.0,0.0,0,5262,0,0.0
case_0128,medformer_lcc_t0.50,0.3803609093035149,0.4960268948640097,0.30843785632780607,3272,5262,1623,1.0
case_0128,union_t0.50,0.3803609093035149,0.4960268948640097,0.30843785632780607,3272,5262,1623,1.0
case_0128,intersection_t0.50,0.0,0.0,0.0,0,5262,0,0.0
case_0128,medformer_lcc_t0.55,0.36420345489399686,0.4938191281701568,0.2884834663620515,3074,5262,1518,1.0
case_0128,union_t0.55,0.36420345489399686,0.4938191281701568,0.2884834663620515,3074,5262,1518,1.0
case_0128,intersection_t0.55,0.0,0.0,0.0,0,5262,0,0.0
case_0128,medformer_lcc_t0.60,0.3534009036508079,0.4943628288332957,0.27499049790901753,2927,5262,1447,1.0
case_0128,union_t0.60,0.3534009036508079,0.4943628288332957,0.27499049790901753,2927,5262,1447,1.0
case_0128,intersection_t0.60,0.0,0.0,0.0,0,5262,0,0.0
case_0128,medformer_lcc_t0.65,0.34159093738286866,0.49512811259294437,0.2607373622191928,2771,5262,1372,1.0
case_0128,union_t0.65,0.34159093738286866,0.49512811259294437,0.2607373622191928,2771,5262,1372,1.0
case_0128,intersection_t0.65,0.0,0.0,0.0,0,5262,0,0.0
case_0128,medformer_lcc_t0.70,0.33413797484394087,0.5040245304695131,0.24990497909492607,2609,5262,1315,1.0
case_0128,union_t0.70,0.33413797484394087,0.5040245304695131,0.24990497909492607,2609,5262,1315,1.0
case_0128,intersection_t0.70,0.0,0.0,0.0,0,5262,0,0.0
case_0128,medformer_lcc_t0.75,0.3263717732516197,0.5140988966059906,0.2390725959706593,2447,5262,1258,1.0
case_0128,union_t0.75,0.3263717732516197,0.5140988966059906,0.2390725959706593,2447,5262,1258,1.0
case_0128,intersection_t0.75,0.0,0.0,0.0,0,5262,0,0.0
case_0128,fusion_w0.40_t0.35,0.3016177680281031,0.5413385826745013,0.20904599011742866,2032,5262,1100,1.0
case_0128,fusion_w0.40_t0.40,0.0,0.0,0.0,0,5262,0,0.0
case_0128,fusion_w0.40_t0.45,0.0,0.0,0.0,0,5262,0,0.0
case_0128,fusion_w0.40_t0.50,0.0,0.0,0.0,0,5262,0,0.0
case_0128,fusion_w0.40_t0.55,0.0,0.0,0.0,0,5262,0,0.0
case_0128,fusion_w0.40_t0.60,0.0,0.0,0.0,0,5262,0,0.0
case_0128,fusion_w0.40_t0.65,0.0,0.0,0.0,0,5262,0,0.0
case_0128,fusion_w0.50_t0.35,0.33413797484394087,0.5040245304695131,0.24990497909492607,2609,5262,1315,1.0
case_0128,fusion_w0.50_t0.40,0.31853716708583735,0.5260393873062318,0.22843025465559022,2285,5262,1202,1.0
case_0128,fusion_w0.50_t0.45,0.29484507433611945,0.5483204134338588,0.2016343595587198,1935,5262,1061,1.0
case_0128,fusion_w0.50_t0.50,0.0,0.0,0.0,0,5262,0,0.0
case_0128,fusion_w0.50_t0.55,0.0,0.0,0.0,0,5262,0,0.0
case_0128,fusion_w0.50_t0.60,0.0,0.0,0.0,0,5262,0,0.0
case_0128,fusion_w0.50_t0.65,0.0,0.0,0.0,0,5262,0,0.0
case_0128,fusion_w0.60_t0.35,0.3558848536373668,0.49309996633963954,0.27841125047457543,2971,5262,1465,1.0
case_0128,fusion_w0.60_t0.40,0.33826479438272533,0.4970523212951472,0.2563664006076466,2714,5262,1349,1.0
case_0128,fusion_w0.60_t0.45,0.3263717732516197,0.5140988966059906,0.2390725959706593,2447,5262,1258,1.0
case_0128,fusion_w0.60_t0.50,0.3141206502750045,0.5359926639131775,0.22215887495206735,2181,5262,1169,1.0
case_0128,fusion_w0.60_t0.55,0.2870383373117722,0.5497579343703617,0.19422272900001097,1859,5262,1022,1.0
case_0128,fusion_w0.60_t0.60,0.0,0.0,0.0,0,5262,0,0.0
case_0128,fusion_w0.60_t0.65,0.0,0.0,0.0,0,5262,0,0.0
case_0128,fusion_w0.70_t0.35,0.3803609093035149,0.4960268948640097,0.30843785632780607,3272,5262,1623,1.0
case_0128,fusion_w0.70_t0.40,0.35970004837885855,0.4946773120409359,0.282592170276924,3006,5262,1487,1.0
case_0128,fusion_w0.70_t0.45,0.34227521112724507,0.49390681003407205,0.2618776130743788,2790,5262,1378,1.0
case_0128,fusion_w0.70_t0.50,0.33384418901617646,0.508956386290853,0.24838464462134477,2568,5262,1307,1.0
case_0128,fusion_w0.70_t0.55,0.3215273206052383,0.523360480066338,0.2320410490303458,2333,5262,1221,1.0
case_0128,fusion_w0.70_t0.60,0.3074622808205689,0.539856801906731,0.2149372862025562,2095,5262,1131,1.0
case_0128,fusion_w0.70_t0.65,0.28320837459289405,0.5539568345293086,0.19023185100686008,1807,5262,1001,1.0
case_0128,fusion_w0.80_t0.35,0.4060440808902453,0.5048022598855797,0.33960471303622275,3540,5262,1787,1.0
case_0128,fusion_w0.80_t0.40,0.3803609093035149,0.4960268948640097,0.30843785632780607,3272,5262,1623,1.0
case_0128,fusion_w0.80_t0.45,0.36094032549685234,0.49357072205574165,0.2844925883689006,3033,5262,1497,1.0
case_0128,fusion_w0.80_t0.50,0.34616333580021447,0.4933192686339897,0.26662865830432037,2844,5262,1403,1.0
case_0128,fusion_w0.80_t0.55,0.33569440930896066,0.5018910741282077,0.252185480805298,2644,5262,1327,1.0
case_0128,fusion_w0.80_t0.60,0.3263717732516197,0.5140988966059906,0.2390725959706593,2447,5262,1258,1.0
case_0128,fusion_w0.80_t0.65,0.3167420814475423,0.5284191829461438,0.22614975294521827,2252,5262,1190,1.0
case_0129,nnunet,0.19302949061532823,0.8421052631086487,0.10900832702415589,171,1321,144,1.0
case_0129,medformer_lcc_t0.25,0.047800108636523994,0.031413612565370265,0.0999242997721429,4202,1321,132,1.0
case_0129,union_t0.25,0.06704912154882207,0.04392764857870818,0.14155942467720245,4257,1321,187,1.0
case_0129,intersection_t0.25,0.12386917188501136,0.7672413792442033,0.06737320211909635,116,1321,89,1.0
case_0129,medformer_lcc_t0.30,0.04778156996577438,0.032513661202096956,0.09008327024912882,3660,1321,119,1.0
case_0129,union_t0.30,0.07176843774767691,0.04861670695662472,0.13701741105119594,3723,1321,181,1.0
case_0129,intersection_t0.30,0.11476557032809823,0.7592592591889575,0.06207418622208877,108,1321,82,1.0
case_0129,medformer_lcc_t0.35,0.045001061345690936,0.03126843657807885,0.08024224072611474,3390,1321,106,1.0
case_0129,union_t0.35,0.07320644216675758,0.050578034681934746,0.13247539742518943,3460,1321,175,1.0
case_0129,intersection_t0.35,0.10548523206676874,0.7425742573522204,0.05677517032508119,101,1321,75,1.0
case_0129,medformer_lcc_t0.40,0.04097253489409957,0.029157321371261914,0.06888720666109852,3121,1321,91,1.0
case_0129,union_t0.40,0.07518796992464576,0.05310840362370163,0.12869038607018404,3201,1321,170,1.0
case_0129,intersection_t0.40,0.09206798866790321,0.7142857142072214,0.04920514761507037,91,1321,65,1.0
case_0129,medformer_lcc_t0.45,0.03763696998561782,0.027459158845924717,0.05980317940908552,2877,1321,79,1.0
case_0129,union_t0.45,0.07699486700868644,0.05564924114652395,0.12490537471517862,2965,1321,165,1.0
case_0129,intersection_t0.45,0.08262108262049415,0.6987951806386994,0.04390613171806279,83,1321,58,1.0
case_0129,medformer_lcc_t0.50,0.032201257861554214,0.024114544084310043,0.048448145344069285,2654,1321,64,1.0
case_0129,union_t0.50,0.07854688267040122,0.05811841627294545,0.1211203633601732,2753,1321,160,1.0
case_0129,intersection_t0.50,0.06891600861400635,0.6666666665740741,0.03633610900805196,72,1321,48,1.0
case_0129,medformer_lcc_t0.55,0.030752916224732894,0.023663810689417936,0.04390613171806279,2451,1321,58,1.0
case_0129,union_t0.55,0.0820433436530391,0.06223091976492278,0.12036336108917213,2555,1321,159,1.0
case_0129,intersection_t0.55,0.06195965417822796,0.6417910446803298,0.03255109765304655,67,1321,43,1.0
case_0129,medformer_lcc_t0.60,0.02729805013919973,0.021595416482937,0.03709311127905304,2269,1321,49,1.0
case_0129,union_t0.60,0.08484193461203772,0.06596638655434468,0.11884935654716997,2380,1321,157,1.0
case_0129,intersection_t0.60,0.052136133236407416,0.5999999999,0.027252081756038972,60,1321,36,1.0
case_0129,medformer_lcc_t0.65,0.023591860807951663,0.01932367149749119,0.0302800908400433,2070,1321,40,1.0
case_0129,union_t0.65,0.08777429467059626,0.0703839122483072,0.11657834973416671,2188,1321,154,1.0
case_0129,intersection_t0.65,0.04366812227042454,0.566037735742257,0.022710068130032478,53,1321,30,1.0
case_0129,medformer_lcc_t0.70,0.021183800622986967,0.01799894123865538,0.025738077214036807,1889,1321,34,1.0
case_0129,union_t0.70,0.09180918091781635,0.07604373757417474,0.11582134746316564,2012,1321,153,1.0
case_0129,intersection_t0.70,0.036523009495715686,0.5208333332248264,0.018925056775027062,48,1321,25,1.0
case_0129,medformer_lcc_t0.75,0.016683350016627685,0.014916467780340595,0.018925056775027062,1676,1321,25,1.0
case_0129,union_t0.75,0.0959079283884402,0.08301051466473154,0.11355034065016238,1807,1321,150,1.0
case_0129,intersection_t0.75,0.027920646583189417,0.47499999988124997,0.014383043149020568,40,1321,19,1.0
case_0129,fusion_w0.40_t0.35,0.11157814291130463,0.11265432098678509,0.11052233156615805,1296,1321,146,1.0
case_0129,fusion_w0.40_t0.40,0.19302949061532823,0.8421052631086487,0.10900832702415589,171,1321,144,1.0
case_0129,fusion_w0.40_t0.45,0.19302949061532823,0.8421052631086487,0.10900832702415589,171,1321,144,1.0
case_0129,fusion_w0.40_t0.50,0.19302949061532823,0.8421052631086487,0.10900832702415589,171,1321,144,1.0
case_0129,fusion_w0.40_t0.55,0.19302949061532823,0.8421052631086487,0.10900832702415589,171,1321,144,1.0
case_0129,fusion_w0.40_t0.60,0.19302949061532823,0.8421052631086487,0.10900832702415589,171,1321,144,1.0
case_0129,fusion_w0.40_t0.65,0.15215901302157533,0.8043478260286704,0.08402725208112016,138,1321,111,1.0
case_0129,fusion_w0.50_t0.35,0.09180918091781635,0.07604373757417474,0.11582134746316564,2012,1321,153,1.0
case_0129,fusion_w0.50_t0.40,0.10064167510942033,0.09085365853603139,0.1127933383791613,1640,1321,149,1.0
case_0129,fusion_w0.50_t0.45,0.11759967780862828,0.12564543889736968,0.11052233156615805,1162,1321,146,1.0
case_0129,fusion_w0.50_t0.50,0.19302949061532823,0.8421052631086487,0.10900832702415589,171,1321,144,1.0
case_0129,fusion_w0.50_t0.55,0.16098226466465906,0.8137931033921522,0.08932626797812775,145,1321,118,1.0
case_0129,fusion_w0.50_t0.60,0.14068965517144352,0.7906976743573102,0.07721423164211041,129,1321,102,1.0
case_0129,fusion_w0.50_t0.65,0.11476557032809823,0.7592592591889575,0.06207418622208877,108,1321,82,1.0
case_0129,fusion_w0.60_t0.35,0.08357732233142513,0.06444991789792918,0.11884935654716997,2436,1321,157,1.0
case_0129,fusion_w0.60_t0.40,0.0891203703701125,0.07213114754064576,0.11657834973416671,2135,1321,154,1.0
case_0129,fusion_w0.60_t0.45,0.0836550836548145,0.07274762171196,0.09841029523014073,1787,1321,130,1.0
case_0129,fusion_w0.60_t0.50,0.07736804049140504,0.07404844290606195,0.08099924299711583,1445,1321,107,1.0
case_0129,fusion_w0.60_t0.55,0.07702182284947787,0.08858267716448245,0.06813020439009743,1016,1321,90,1.0
case_0129,fusion_w0.60_t0.60,0.10947368420975809,0.7499999999278847,0.05904617713808444,104,1321,78,1.0
case_0129,fusion_w0.60_t0.65,0.088005677785039,0.7045454544653926,0.04693414080206712,88,1321,62,1.0
case_0129,fusion_w0.70_t0.35,0.07001972386570508,0.05191956124295459,0.10749432248215372,2735,1321,142,1.0
case_0129,fusion_w0.70_t0.40,0.06485911749052403,0.04997951659135609,0.09235427706213208,2441,1321,122,1.0
case_0129,fusion_w0.70_t0.45,0.061370805850125124,0.0493998153275651,0.08099924299711583,2166,1321,107,1.0
case_0129,fusion_w0.70_t0.50,0.057303020865595446,0.04867724867699113,0.06964420893209959,1890,1321,92,1.0
case_0129,fusion_w0.70_t0.55,0.053577483892663355,0.04852579852550046,0.05980317940908552,1628,1321,79,1.0
case_0129,fusion_w0.70_t0.60,0.04834996162682905,0.049027237353704074,0.0476911430730682,1285,1321,63,1.0
case_0129,fusion_w0.70_t0.65,0.04432383536841102,0.05505617977466229,0.03709311127905304,890,1321,49,1.0
case_0129,fusion_w0.80_t0.35,0.05805852299104027,0.04187604690103224,0.09462528387513532,2985,1321,125,1.0
case_0129,fusion_w0.80_t0.40,0.05225180393119619,0.03891771682713522,0.07948523845511367,2698,1321,105,1.0
case_0129,fusion_w0.80_t0.45,0.04990708786819775,0.038430089942606584,0.07115821347410176,2446,1321,94,1.0
case_0129,fusion_w0.80_t0.50,0.04535147392277395,0.036248300860732906,0.0605601816800866,2207,1321,80,1.0
case_0129,fusion_w0.80_t0.55,0.04243710215203869,0.03538928210295557,0.05299015897007578,1978,1321,70,1.0
case_0129,fusion_w0.80_t0.60,0.03565533179255314,0.03161592505836291,0.04087812263405846,1708,1321,54,1.0
case_0129,fusion_w0.80_t0.65,0.03218884120160161,0.030508474576064353,0.03406510219504871,1475,1321,45,1.0
case_0137,nnunet,0.43475783475659613,0.9819819819693438,0.27918038785115556,777,2733,763,1.0
case_0137,medformer_lcc_t0.25,0.13483146067383497,0.1944827586193484,0.10318331503804178,1450,2733,282,1.0
case_0137,union_t0.25,0.39640008181551156,0.44944341372704344,0.3545554335881648,2156,2733,969,1.0
case_0137,intersection_t0.25,0.05409252669019896,0.9870129868848035,0.027808269301032536,77,2733,76,1.0
case_0137,medformer_lcc_t0.30,0.11189162067207253,0.17797286512228275,0.0815953165017139,1253,2733,223,1.0
case_0137,union_t0.30,0.3937208315647142,0.4684502776351921,0.33955360409681834,1981,2733,928,1.0
case_0137,intersection_t0.30,0.041562164098740376,0.9999999998275861,0.021222100256051146,58,2733,58,1.0
case_0137,medformer_lcc_t0.35,0.08359788359766245,0.15090735434430844,0.057811928283725535,1047,2733,158,1.0
case_0137,union_t0.35,0.39073869900685615,0.4916759156465501,0.3241858763251951,1802,2733,886,1.0
case_0137,intersection_t0.35,0.02742692168882199,0.9999999997368421,0.013904134650516268,38,2733,38,1.0
case_0137,medformer_lcc_t0.40,0.015508328546767638,0.03604806408496598,0.009879253567472084,749,2733,27,1.0
case_0137,union_t0.40,0.3656065959944273,0.5132275132241189,0.2839370654947533,1512,2733,776,1.0
case_0137,intersection_t0.40,0.01019293775023592,0.9999999992857143,0.005122575923874414,14,2733,14,1.0
case_0137,medformer_lcc_t0.45,0.0054282267792357414,0.015437392795618569,0.003293084522490695,583,2733,9,1.0
case_0137,union_t0.45,0.3764360791973199,0.5670103092741752,0.2817416758130928,1358,2733,770,1.0
case_0137,intersection_t0.45,0.0014625228519142138,0.999999995,0.0007317965605534878,2,2733,2,1.0
case_0137,medformer_lcc_t0.50,0.0,0.0,0.0,305,2733,0,0.0
case_0137,union_t0.50,0.43475783475659613,0.9819819819693438,0.27918038785115556,777,2733,763,1.0
case_0137,intersection_t0.50,0.0,0.0,0.0,0,2733,0,0.0
case_0137,medformer_lcc_t0.55,0.0,0.0,0.0,191,2733,0,0.0
case_0137,union_t0.55,0.43475783475659613,0.9819819819693438,0.27918038785115556,777,2733,763,1.0
case_0137,intersection_t0.55,0.0,0.0,0.0,0,2733,0,0.0
case_0137,medformer_lcc_t0.60,0.0,0.0,0.0,176,2733,0,0.0
case_0137,union_t0.60,0.43475783475659613,0.9819819819693438,0.27918038785115556,777,2733,763,1.0
case_0137,intersection_t0.60,0.0,0.0,0.0,0,2733,0,0.0
case_0137,medformer_lcc_t0.65,0.0,0.0,0.0,158,2733,0,0.0
case_0137,union_t0.65,0.43475783475659613,0.9819819819693438,0.27918038785115556,777,2733,763,1.0
case_0137,intersection_t0.65,0.0,0.0,0.0,0,2733,0,0.0
case_0137,medformer_lcc_t0.70,0.0,0.0,0.0,139,2733,0,0.0
case_0137,union_t0.70,0.43475783475659613,0.9819819819693438,0.27918038785115556,777,2733,763,1.0
case_0137,intersection_t0.70,0.0,0.0,0.0,0,2733,0,0.0
case_0137,medformer_lcc_t0.75,0.0,0.0,0.0,130,2733,0,0.0
case_0137,union_t0.75,0.43475783475659613,0.9819819819693438,0.27918038785115556,777,2733,763,1.0
case_0137,intersection_t0.75,0.0,0.0,0.0,0,2733,0,0.0
case_0137,fusion_w0.40_t0.35,0.43475783475659613,0.9819819819693438,0.27918038785115556,777,2733,763,1.0
case_0137,fusion_w0.40_t0.40,0.43475783475659613,0.9819819819693438,0.27918038785115556,777,2733,763,1.0
case_0137,fusion_w0.40_t0.45,0.43475783475659613,0.9819819819693438,0.27918038785115556,777,2733,763,1.0
case_0137,fusion_w0.40_t0.50,0.43475783475659613,0.9819819819693438,0.27918038785115556,777,2733,763,1.0
case_0137,fusion_w0.40_t0.55,0.43475783475659613,0.9819819819693438,0.27918038785115556,777,2733,763,1.0
case_0137,fusion_w0.40_t0.60,0.43475783475659613,0.9819819819693438,0.27918038785115556,777,2733,763,1.0
case_0137,fusion_w0.40_t0.65,0.0793260793258009,0.9741379309505054,0.04134650567127206,116,2733,113,1.0
case_0137,fusion_w0.50_t0.35,0.43475783475659613,0.9819819819693438,0.27918038785115556,777,2733,763,1.0
case_0137,fusion_w0.50_t0.40,0.43475783475659613,0.9819819819693438,0.27918038785115556,777,2733,763,1.0
case_0137,fusion_w0.50_t0.45,0.43475783475659613,0.9819819819693438,0.27918038785115556,777,2733,763,1.0
case_0137,fusion_w0.50_t0.50,0.43475783475659613,0.9819819819693438,0.27918038785115556,777,2733,763,1.0
case_0137,fusion_w0.50_t0.55,0.08333333333304155,0.9674796747180912,0.04354189535293252,123,2733,119,1.0
case_0137,fusion_w0.50_t0.60,0.06373937677031254,0.9890109889023065,0.03293084522490695,91,2733,90,1.0
case_0137,fusion_w0.50_t0.65,0.041562164098740376,0.9999999998275861,0.021222100256051146,58,2733,58,1.0
case_0137,fusion_w0.60_t0.35,0.43475783475659613,0.9819819819693438,0.27918038785115556,777,2733,763,1.0
case_0137,fusion_w0.60_t0.40,0.43475783475659613,0.9819819819693438,0.27918038785115556,777,2733,763,1.0
case_0137,fusion_w0.60_t0.45,0.08798882681533524,0.96183206099528,0.04610318331486973,131,2733,126,1.0
case_0137,fusion_w0.60_t0.50,0.0,0.0,0.0,113,2733,0,0.0
case_0137,fusion_w0.60_t0.55,0.0,0.0,0.0,90,2733,0,0.0
case_0137,fusion_w0.60_t0.60,0.03097982708922558,0.9999999997674418,0.01573362605189999,43,2733,43,1.0
case_0137,fusion_w0.60_t0.65,0.0065645514222955345,0.9999999988888888,0.003293084522490695,9,2733,9,1.0
case_0137,fusion_w0.70_t0.35,0.0,0.0,0.0,305,2733,0,0.0
case_0137,fusion_w0.70_t0.40,0.0,0.0,0.0,188,2733,0,0.0
case_0137,fusion_w0.70_t0.45,0.0,0.0,0.0,159,2733,0,0.0
case_0137,fusion_w0.70_t0.50,0.0,0.0,0.0,135,2733,0,0.0
case_0137,fusion_w0.70_t0.55,0.0,0.0,0.0,123,2733,0,0.0
case_0137,fusion_w0.70_t0.60,0.0,0.0,0.0,107,2733,0,0.0
case_0137,fusion_w0.70_t0.65,0.0,0.0,0.0,85,2733,0,0.0
case_0137,fusion_w0.80_t0.35,0.05971014492736316,0.1436541143634079,0.03768752286850462,717,2733,103,1.0
case_0137,fusion_w0.80_t0.40,0.0,0.0,0.0,305,2733,0,0.0
case_0137,fusion_w0.80_t0.45,0.0,0.0,0.0,190,2733,0,0.0
case_0137,fusion_w0.80_t0.50,0.0,0.0,0.0,169,2733,0,0.0
case_0137,fusion_w0.80_t0.55,0.0,0.0,0.0,141,2733,0,0.0
case_0137,fusion_w0.80_t0.60,0.0,0.0,0.0,130,2733,0,0.0
case_0137,fusion_w0.80_t0.65,0.0,0.0,0.0,119,2733,0,0.0
case_0142,nnunet,0.0,0.0,0.0,378,7173,0,0.0
case_0142,medformer_lcc_t0.25,0.6557914232792023,0.6705025491614414,0.6417119754626492,6865,7173,4603,1.0
case_0142,union_t0.25,0.6492242595199934,0.6569145140564338,0.6417119754626492,7007,7173,4603,1.0
case_0142,intersection_t0.25,0.0,0.0,0.0,280,7173,0,0.0
case_0142,medformer_lcc_t0.30,0.6320280359586835,0.6967915336793268,0.578279659834688,5953,7173,4148,1.0
case_0142,union_t0.30,0.6225423983186082,0.6741426946194147,0.578279659834688,6153,7173,4148,1.0
case_0142,intersection_t0.30,0.0,0.0,0.0,251,7173,0,0.0
case_0142,medformer_lcc_t0.35,0.6028397565918029,0.7210791925451843,0.5179144012261008,5152,7173,3715,1.0
case_0142,union_t0.35,0.5897293435982301,0.6846664209349711,0.5179144012261008,5426,7173,3715,1.0
case_0142,intersection_t0.35,0.0,0.0,0.0,215,7173,0,0.0
case_0142,medformer_lcc_t0.40,0.5591882750840697,0.7397888939863704,0.4494632650209822,4358,7173,3224,1.0
case_0142,union_t0.40,0.5429894736837533,0.6856656741797412,0.4494632650209822,4702,7173,3224,1.0
case_0142,intersection_t0.40,0.0,0.0,0.0,180,7173,0,0.0
case_0142,medformer_lcc_t0.45,0.48837428221736945,0.7518840579688352,0.3616339049207282,3450,7173,2594,1.0
case_0142,union_t0.45,0.4700126834567222,0.6711513583423774,0.3616339049207282,3865,7173,2594,1.0
case_0142,intersection_t0.45,0.0,0.0,0.0,144,7173,0,0.0
case_0142,medformer_lcc_t0.50,0.4084219133274648,0.7652240520843921,0.278544542032234,2611,7173,1998,1.0
case_0142,union_t0.50,0.38886726352628564,0.6438930067655692,0.278544542032234,3103,7173,1998,1.0
case_0142,intersection_t0.50,0.0,0.0,0.0,107,7173,0,0.0
case_0142,medformer_lcc_t0.55,0.3187700475607579,0.7714132762271338,0.2008922347689936,1868,7173,1441,1.0
case_0142,union_t0.55,0.3002083333330206,0.5937371240189793,0.2008922347689936,2427,7173,1441,1.0
case_0142,intersection_t0.55,0.0,0.0,0.0,90,7173,0,0.0
case_0142,medformer_lcc_t0.60,0.2465552981340732,0.9834630350098886,0.14094521120850279,1028,7173,1011,1.0
case_0142,union_t0.60,0.2465552981340732,0.9834630350098886,0.14094521120850279,1028,7173,1011,1.0
case_0142,intersection_t0.60,0.0,0.0,0.0,0,7173,0,0.0
case_0142,medformer_lcc_t0.65,0.1638338658144871,0.9831288343407495,0.08936288860994095,652,7173,641,1.0
case_0142,union_t0.65,0.1638338658144871,0.9831288343407495,0.08936288860994095,652,7173,641,1.0
case_0142,intersection_t0.65,0.0,0.0,0.0,0,7173,0,0.0
case_0142,medformer_lcc_t0.70,0.08561141485519988,0.9846625766569121,0.044751150146319876,326,7173,321,1.0
case_0142,union_t0.70,0.0,0.0,0.0,378,7173,0,0.0
case_0142,intersection_t0.70,0.0,0.0,0.0,0,7173,0,0.0
case_0142,medformer_lcc_t0.75,0.038556193601259836,0.999999999929078,0.01965704726053303,141,7173,141,1.0
case_0142,union_t0.75,0.0,0.0,0.0,378,7173,0,0.0
case_0142,intersection_t0.75,0.0,0.0,0.0,0,7173,0,0.0
case_0142,fusion_w0.40_t0.35,0.0,0.0,0.0,378,7173,0,0.0
case_0142,fusion_w0.40_t0.40,0.0,0.0,0.0,378,7173,0,0.0
case_0142,fusion_w0.40_t0.45,0.0,0.0,0.0,378,7173,0,0.0
case_0142,fusion_w0.40_t0.50,0.0,0.0,0.0,378,7173,0,0.0
case_0142,fusion_w0.40_t0.55,0.0,0.0,0.0,378,7173,0,0.0
case_0142,fusion_w0.40_t0.60,0.0,0.0,0.0,378,7173,0,0.0
case_0142,fusion_w0.40_t0.65,0.0,0.0,0.0,337,7173,0,0.0
case_0142,fusion_w0.50_t0.35,0.0,0.0,0.0,771,7173,0,0.0
case_0142,fusion_w0.50_t0.40,0.0,0.0,0.0,390,7173,0,0.0
case_0142,fusion_w0.50_t0.45,0.0,0.0,0.0,378,7173,0,0.0
case_0142,fusion_w0.50_t0.50,0.0,0.0,0.0,378,7173,0,0.0
case_0142,fusion_w0.50_t0.55,0.0,0.0,0.0,356,7173,0,0.0
case_0142,fusion_w0.50_t0.60,0.0,0.0,0.0,303,7173,0,0.0
case_0142,fusion_w0.50_t0.65,0.0,0.0,0.0,251,7173,0,0.0
case_0142,fusion_w0.60_t0.35,0.2739594578382224,0.9810996563489597,0.15920814164204766,1164,7173,1142,1.0
case_0142,fusion_w0.60_t0.40,0.0,0.0,0.0,803,7173,0,0.0
case_0142,fusion_w0.60_t0.45,0.0,0.0,0.0,714,7173,0,0.0
case_0142,fusion_w0.60_t0.50,0.0,0.0,0.0,318,7173,0,0.0
case_0142,fusion_w0.60_t0.55,0.0,0.0,0.0,280,7173,0,0.0
case_0142,fusion_w0.60_t0.60,0.0,0.0,0.0,224,7173,0,0.0
case_0142,fusion_w0.60_t0.65,0.0,0.0,0.0,167,7173,0,0.0
case_0142,fusion_w0.70_t0.35,0.38947368421014666,0.6472303206976119,0.278544542032234,3087,7173,1998,1.0
case_0142,fusion_w0.70_t0.40,0.2942779291549647,0.9794952681310766,0.17314930991192926,1268,7173,1242,1.0
case_0142,fusion_w0.70_t0.45,0.0,0.0,0.0,718,7173,0,0.0
case_0142,fusion_w0.70_t0.50,0.0,0.0,0.0,574,7173,0,0.0
case_0142,fusion_w0.70_t0.55,0.0,0.0,0.0,226,7173,0,0.0
case_0142,fusion_w0.70_t0.60,0.0,0.0,0.0,159,7173,0,0.0
case_0142,fusion_w0.70_t0.65,0.0,0.0,0.0,107,7173,0,0.0
case_0142,fusion_w0.80_t0.35,0.4963320808726996,0.6926342072392194,0.3867280078065151,4005,7173,2774,1.0
case_0142,fusion_w0.80_t0.40,0.3943161634099128,0.6747720364718853,0.278544542032234,2961,7173,1998,1.0
case_0142,fusion_w0.80_t0.45,0.31002112180203,0.9792438843515253,0.1841628328451357,1349,7173,1321,1.0
case_0142,fusion_w0.80_t0.50,0.20973969361040012,0.9836448598015929,0.11738463683240292,856,7173,842,1.0
case_0142,fusion_w0.80_t0.55,0.10306553911191456,0.9873417721269028,0.05437055625253817,395,7173,390,1.0
case_0142,fusion_w0.80_t0.60,0.0,0.0,0.0,246,7173,0,0.0
case_0142,fusion_w0.80_t0.65,0.0,0.0,0.0,89,7173,0,0.0
case_0148,nnunet,0.0,0.0,0.0,492,1947,0,0.0
case_0148,medformer_lcc_t0.25,0.6213219616191443,0.531170251547462,0.7483307652760743,2743,1947,1457,1.0
case_0148,union_t0.25,0.5623311462744841,0.45038639876213177,0.7483307652760743,3235,1947,1457,1.0
case_0148,intersection_t0.25,0.0,0.0,0.0,0,1947,0,0.0
case_0148,medformer_lcc_t0.30,0.6251655629125272,0.5481997677098405,0.727272727268992,2583,1947,1416,1.0
case_0148,union_t0.30,0.5639187574660217,0.4604878048765513,0.727272727268992,3075,1947,1416,1.0
case_0148,intersection_t0.30,0.0,0.0,0.0,0,1947,0,0.0
case_0148,medformer_lcc_t0.35,0.6286107290219427,0.5677018633516866,0.7041602465295113,2415,1947,1371,1.0
case_0148,union_t0.35,0.6286107290219427,0.5677018633516866,0.7041602465295113,2415,1947,1371,1.0
case_0148,intersection_t0.35,0.0,0.0,0.0,0,1947,0,0.0
case_0148,medformer_lcc_t0.40,0.6295411089851111,0.5887349128270508,0.6764252696421345,2237,1947,1317,1.0
case_0148,union_t0.40,0.6295411089851111,0.5887349128270508,0.6764252696421345,2237,1947,1317,1.0
case_0148,intersection_t0.40,0.0,0.0,0.0,0,1947,0,0.0
case_0148,medformer_lcc_t0.45,0.6214463840383505,0.6039747939864083,0.6399589111420649,2063,1947,1246,1.0
case_0148,union_t0.45,0.6214463840383505,0.6039747939864083,0.6399589111420649,2063,1947,1246,1.0
case_0148,intersection_t0.45,0.0,0.0,0.0,0,1947,0,0.0
case_0148,medformer_lcc_t0.50,0.6201711174471866,0.6261780104679258,0.6142783769870864,1910,1947,1196,1.0
case_0148,union_t0.50,0.6201711174471866,0.6261780104679258,0.6142783769870864,1910,1947,1196,1.0
case_0148,intersection_t0.50,0.0,0.0,0.0,0,1947,0,0.0
case_0148,medformer_lcc_t0.55,0.6168021680200086,0.6528973034959673,0.5844889573673113,1743,1947,1138,1.0
case_0148,union_t0.55,0.6168021680200086,0.6528973034959673,0.5844889573673113,1743,1947,1138,1.0
case_0148,intersection_t0.55,0.0,0.0,0.0,0,1947,0,0.0
case_0148,medformer_lcc_t0.60,0.605541273920007,0.6821106821062928,0.5444273240855448,1554,1947,1060,1.0
case_0148,union_t0.60,0.605541273920007,0.6821106821062928,0.5444273240855448,1554,1947,1060,1.0
case_0148,intersection_t0.60,0.0,0.0,0.0,0,1947,0,0.0
case_0148,medformer_lcc_t0.65,0.5851581508498018,0.7173750932086699,0.4940934771417869,1341,1947,962,1.0
case_0148,union_t0.65,0.5851581508498018,0.7173750932086699,0.4940934771417869,1341,1947,962,1.0
case_0148,intersection_t0.65,0.0,0.0,0.0,0,1947,0,0.0
case_0148,medformer_lcc_t0.70,0.5483247422662747,0.7355229040558728,0.4370826913177346,1157,1947,851,1.0
case_0148,union_t0.70,0.5483247422662747,0.7355229040558728,0.4370826913177346,1157,1947,851,1.0
case_0148,intersection_t0.70,0.0,0.0,0.0,0,1947,0,0.0
case_0148,medformer_lcc_t0.75,0.5080122741203272,0.7555780932986249,0.38263995890918007,986,1947,745,1.0
case_0148,union_t0.75,0.5080122741203272,0.7555780932986249,0.38263995890918007,986,1947,745,1.0
case_0148,intersection_t0.75,0.0,0.0,0.0,0,1947,0,0.0
case_0148,fusion_w0.40_t0.35,0.3340105648096952,0.7996108949260776,0.21109399075392352,514,1947,411,1.0
case_0148,fusion_w0.40_t0.40,0.0,0.0,0.0,492,1947,0,0.0
case_0148,fusion_w0.40_t0.45,0.0,0.0,0.0,492,1947,0,0.0
case_0148,fusion_w0.40_t0.50,0.0,0.0,0.0,492,1947,0,0.0
case_0148,fusion_w0.40_t0.55,0.0,0.0,0.0,492,1947,0,0.0
case_0148,fusion_w0.40_t0.60,0.0,0.0,0.0,492,1947,0,0.0
case_0148,fusion_w0.40_t0.65,0.0,0.0,0.0,7,1947,0,0.0
case_0148,fusion_w0.50_t0.35,0.5483247422662747,0.7355229040558728,0.4370826913177346,1157,1947,851,1.0
case_0148,fusion_w0.50_t0.40,0.45083758193572165,0.7747183979878007,0.3179250128386342,799,1947,619,1.0
case_0148,fusion_w0.50_t0.45,0.0,0.0,0.0,492,1947,0,0.0
case_0148,fusion_w0.50_t0.50,0.0,0.0,0.0,492,1947,0,0.0
case_0148,fusion_w0.50_t0.55,0.0,0.0,0.0,10,1947,0,0.0
case_0148,fusion_w0.50_t0.60,0.0,0.0,0.0,3,1947,0,0.0
case_0148,fusion_w0.50_t0.65,0.0,0.0,0.0,0,1947,0,0.0
case_0148,fusion_w0.60_t0.35,0.6094276094258995,0.6716141001813754,0.5577812018461337,1617,1947,1086,1.0
case_0148,fusion_w0.60_t0.40,0.5765654060738482,0.7271305707527199,0.47765793528260064,1279,1947,930,1.0
case_0148,fusion_w0.60_t0.45,0.5080122741203272,0.7555780932986249,0.38263995890918007,986,1947,745,1.0
case_0148,fusion_w0.60_t0.50,0.41243366186348585,0.7872648335631366,0.2794042116061664,691,1947,544,1.0
case_0148,fusion_w0.60_t0.55,0.23659725298964734,0.8612903225528615,0.13713405238758536,310,1947,267,1.0
case_0148,fusion_w0.60_t0.60,0.0,0.0,0.0,0,1947,0,0.0
case_0148,fusion_w0.60_t0.65,0.0,0.0,0.0,0,1947,0,0.0
case_0148,fusion_w0.70_t0.35,0.6201711174471866,0.6261780104679258,0.6142783769870864,1910,1947,1196,1.0
case_0148,fusion_w0.70_t0.40,0.6129568106295322,0.6648648648608717,0.5685670261912247,1665,1947,1107,1.0
case_0148,fusion_w0.70_t0.45,0.5904303340337334,0.7129360465064467,0.5038520801206787,1376,1947,981,1.0
case_0148,fusion_w0.70_t0.50,0.5356908971822669,0.7389340560005517,0.42013353877544873,1107,1947,818,1.0
case_0148,fusion_w0.70_t0.55,0.46616541353216556,0.769503546090195,0.33436055469782044,846,1947,651,1.0
case_0148,fusion_w0.70_t0.60,0.3714511040994817,0.7996604414125694,0.24191063173989774,589,1947,471,1.0
case_0148,fusion_w0.70_t0.65,0.20127504553642409,0.8875502007675682,0.1135079609650051,249,1947,221,1.0
case_0148,fusion_w0.80_t0.35,0.6246305418703827,0.6000946521504965,0.6512583461702555,2113,1947,1268,1.0
case_0148,fusion_w0.80_t0.40,0.6201711174471866,0.6261780104679258,0.6142783769870864,1910,1947,1196,1.0
case_0148,fusion_w0.80_t0.45,0.6148778479258444,0.6603773584866723,0.5752439650715191,1696,1947,1120,1.0
case_0148,fusion_w0.80_t0.50,0.5949441504979572,0.6955326460433298,0.5197740112967655,1455,1947,1012,1.0
case_0148,fusion_w0.80_t0.55,0.5599239061491442,0.7315658657768719,0.45351823317692086,1207,1947,883,1.0
case_0148,fusion_w0.80_t0.60,0.5080122741203272,0.7555780932986249,0.38263995890918007,986,1947,745,1.0
case_0148,fusion_w0.80_t0.65,0.4368070953420665,0.7786561264719545,0.30354391371184625,759,1947,591,1.0
case_0155,nnunet,0.0,0.0,0.0,0,6374,0,0.0
case_0155,medformer_lcc_t0.25,0.5443970977769524,0.43004002911169026,0.7416065265127995,10992,6374,4727,1.0
case_0155,union_t0.25,0.5443970977769524,0.43004002911169026,0.7416065265127995,10992,6374,4727,1.0
case_0155,intersection_t0.25,0.0,0.0,0.0,0,6374,0,0.0
case_0155,medformer_lcc_t0.30,0.5612182987498111,0.4575583696077784,0.7256040163151466,10108,6374,4625,1.0
case_0155,union_t0.30,0.5612182987498111,0.4575583696077784,0.7256040163151466,10108,6374,4625,1.0
case_0155,intersection_t0.30,0.0,0.0,0.0,0,6374,0,0.0
case_0155,medformer_lcc_t0.35,0.579641485274917,0.4896171317321116,0.7102290555370094,9246,6374,4527,1.0
case_0155,union_t0.35,0.579641485274917,0.4896171317321116,0.7102290555370094,9246,6374,4527,1.0
case_0155,intersection_t0.35,0.0,0.0,0.0,0,6374,0,0.0
case_0155,medformer_lcc_t0.40,0.5886037987333631,0.5116440736872765,0.6928145591454459,8631,6374,4416,1.0
case_0155,union_t0.40,0.5886037987333631,0.5116440736872765,0.6928145591454459,8631,6374,4416,1.0
case_0155,intersection_t0.40,0.0,0.0,0.0,0,6374,0,0.0
case_0155,medformer_lcc_t0.45,0.5954008701052445,0.5317626742314892,0.676341386883156,8107,6374,4311,1.0
case_0155,union_t0.45,0.5954008701052445,0.5317626742314892,0.676341386883156,8107,6374,4311,1.0
case_0155,intersection_t0.45,0.0,0.0,0.0,0,6374,0,0.0
case_0155,medformer_lcc_t0.50,0.6048317515094874,0.5582691797178679,0.6598682146208662,7534,6374,4206,1.0
case_0155,union_t0.50,0.6048317515094874,0.5582691797178679,0.6598682146208662,7534,6374,4206,1.0
case_0155,intersection_t0.50,0.0,0.0,0.0,0,6374,0,0.0
case_0155,medformer_lcc_t0.55,0.6119481298248917,0.5859049806220957,0.6404141826158763,6967,6374,4082,1.0
case_0155,union_t0.55,0.6119481298248917,0.5859049806220957,0.6404141826158763,6967,6374,4082,1.0
case_0155,intersection_t0.55,0.0,0.0,0.0,0,6374,0,0.0
case_0155,medformer_lcc_t0.60,0.6176906862357578,0.6147630147620594,0.6206463759011286,6435,6374,3956,1.0
case_0155,union_t0.60,0.6176906862357578,0.6147630147620594,0.6206463759011286,6435,6374,3956,1.0
case_0155,intersection_t0.60,0.0,0.0,0.0,0,6374,0,0.0
case_0155,medformer_lcc_t0.65,0.6208964902321302,0.6422941472402444,0.6008785691863808,5963,6374,3830,1.0
case_0155,union_t0.65,0.6208964902321302,0.6422941472402444,0.6008785691863808,5963,6374,3830,1.0
case_0155,intersection_t0.65,0.0,0.0,0.0,0,6374,0,0.0
case_0155,medformer_lcc_t0.70,0.6214803574434147,0.6716472303194759,0.5782867900838119,5488,6374,3686,1.0
case_0155,union_t0.70,0.6214803574434147,0.6716472303194759,0.5782867900838119,5488,6374,3686,1.0
case_0155,intersection_t0.70,0.0,0.0,0.0,0,6374,0,0.0
case_0155,medformer_lcc_t0.75,0.6178533847767294,0.7003976143127228,0.552714151238543,5030,6374,3523,1.0
case_0155,union_t0.75,0.6178533847767294,0.7003976143127228,0.552714151238543,5030,6374,3523,1.0
case_0155,intersection_t0.75,0.0,0.0,0.0,0,6374,0,0.0
case_0155,fusion_w0.40_t0.35,0.5804708606709953,0.7538847117775592,0.4719171634758834,3990,6374,3008,1.0
case_0155,fusion_w0.40_t0.40,0.0,0.0,0.0,0,6374,0,0.0
case_0155,fusion_w0.40_t0.45,0.0,0.0,0.0,0,6374,0,0.0
case_0155,fusion_w0.40_t0.50,0.0,0.0,0.0,0,6374,0,0.0
case_0155,fusion_w0.40_t0.55,0.0,0.0,0.0,0,6374,0,0.0
case_0155,fusion_w0.40_t0.60,0.0,0.0,0.0,0,6374,0,0.0
case_0155,fusion_w0.40_t0.65,0.0,0.0,0.0,0,6374,0,0.0
case_0155,fusion_w0.50_t0.35,0.6214803574434147,0.6716472303194759,0.5782867900838119,5488,6374,3686,1.0
case_0155,fusion_w0.50_t0.40,0.6097848779153946,0.7234546629318901,0.526984625038395,4643,6374,3359,1.0
case_0155,fusion_w0.50_t0.45,0.5676476397387243,0.7659914712133102,0.450894257922104,3752,6374,2874,1.0
case_0155,fusion_w0.50_t0.50,0.0,0.0,0.0,0,6374,0,0.0
case_0155,fusion_w0.50_t0.55,0.0,0.0,0.0,0,6374,0,0.0
case_0155,fusion_w0.50_t0.60,0.0,0.0,0.0,0,6374,0,0.0
case_0155,fusion_w0.50_t0.65,0.0,0.0,0.0,0,6374,0,0.0
case_0155,fusion_w0.60_t0.35,0.6145793241470136,0.6032945443545363,0.6262943206767708,6617,6374,3992,1.0
case_0155,fusion_w0.60_t0.40,0.6223902679593766,0.6536602209933466,0.593975525571707,5792,6374,3786,1.0
case_0155,fusion_w0.60_t0.45,0.6178533847767294,0.7003976143127228,0.552714151238543,5030,6374,3523,1.0
case_0155,fusion_w0.60_t0.50,0.5979496738111855,0.7364554637265004,0.5032946344516736,4356,6374,3208,1.0
case_0155,fusion_w0.60_t0.55,0.5536632066909667,0.7740208509417469,0.4309695638524773,3549,6374,2747,1.0
case_0155,fusion_w0.60_t0.60,0.0,0.0,0.0,0,6374,0,0.0
case_0155,fusion_w0.60_t0.65,0.0,0.0,0.0,0,6374,0,0.0
case_0155,fusion_w0.70_t0.35,0.6048317515094874,0.5582691797178679,0.6598682146208662,7534,6374,4206,1.0
case_0155,fusion_w0.70_t0.40,0.6139534883716249,0.5972407654641786,0.6316284907426551,6741,6374,4026,1.0
case_0155,fusion_w0.70_t0.45,0.6211681187474821,0.6393224842234485,0.6040163162839598,6022,6374,3850,1.0
case_0155,fusion_w0.70_t0.50,0.6205307620098809,0.6802619270333391,0.5704424223398644,5345,6374,3636,1.0
case_0155,fusion_w0.70_t0.55,0.6128423888633922,0.7166561646697823,0.5352996548469795,4761,6374,3412,1.0
case_0155,fusion_w0.70_t0.60,0.5874179118677192,0.7466731187980966,0.48415437715644155,4133,6374,3086,1.0
case_0155,fusion_w0.70_t0.65,0.5414489189460585,0.7805022156550059,0.4144963915901875,3385,6374,2642,1.0
case_0155,fusion_w0.80_t0.35,0.5938547868332349,0.5266415827157098,0.6807342328197666,8239,6374,4339,1.0
case_0155,fusion_w0.80_t0.40,0.6048317515094874,0.5582691797178679,0.6598682146208662,7534,6374,4206,1.0
case_0155,fusion_w0.80_t0.45,0.6126835174809954,0.5918128654962108,0.635080012549992,6840,6374,4048,1.0
case_0155,fusion_w0.80_t0.50,0.6199984090361784,0.6288526706460725,0.6113900219632705,6197,6374,3897,1.0
case_0155,fusion_w0.80_t0.55,0.6222853324418457,0.6654162200774109,0.584405396924091,5598,6374,3725,1.0
case_0155,fusion_w0.80_t0.60,0.6178533847767294,0.7003976143127228,0.552714151238543,5030,6374,3523,1.0
case_0155,fusion_w0.80_t0.65,0.6064882697941656,0.729175848389755,0.5191402572944476,4538,6374,3309,1.0
case_0160,nnunet,0.1873859257755147,0.17427385892083314,0.20263157894692405,5302,4560,924,1.0
case_0160,medformer_lcc_t0.25,0.04555211066057053,0.049921589126895136,0.04188596491218885,3826,4560,191,1.0
case_0160,union_t0.25,0.16775579625801829,0.14173347451196228,0.20548245613990027,6611,4560,937,1.0
case_0160,intersection_t0.25,0.05030380104556973,0.07071911005136783,0.039035087719212644,2517,4560,178,1.0
case_0160,medformer_lcc_t0.30,0.021678850516735973,0.02548903378771343,0.018859649122765658,3374,4560,86,1.0
case_0160,union_t0.30,0.16811751904228497,0.1433209647493146,0.2032894736837647,6468,4560,927,1.0
case_0160,intersection_t0.30,0.024527186761193073,0.03759057970997468,0.018201754385924997,2208,4560,83,1.0
case_0160,medformer_lcc_t0.35,0.011846781624309797,0.014817253868900832,0.009868421052609938,3037,4560,45,1.0
case_0160,union_t0.35,0.16943247455746818,0.14558058925453665,0.20263157894692405,6347,4560,924,1.0
case_0160,intersection_t0.35,0.014115432873252643,0.02477973568268293,0.009868421052609938,1816,4560,45,1.0
case_0160,medformer_lcc_t0.40,0.00687947165656731,0.009231905465253945,0.005482456140338854,2708,4560,25,1.0
case_0160,union_t0.40,0.171190365909985,0.14819566960681926,0.20263157894692405,6235,4560,924,1.0
case_0160,intersection_t0.40,0.008030838419518101,0.015006002400870314,0.005482456140338854,1666,4560,25,1.0
case_0160,medformer_lcc_t0.45,0.0028872527789766318,0.004224757076450255,0.0021929824561355417,2367,4560,10,1.0
case_0160,union_t0.45,0.1726618705034358,0.15041510662518245,0.20263157894692405,6143,4560,924,1.0
case_0160,intersection_t0.45,0.003297065611600236,0.006640106241655777,0.0021929824561355417,1506,4560,10,1.0
case_0160,medformer_lcc_t0.50,0.0,0.0,0.0,2126,4560,0,0.0
case_0160,union_t0.50,0.17392941176454216,0.15234954657847924,0.20263157894692405,6065,4560,924,1.0
case_0160,intersection_t0.50,0.0,0.0,0.0,1349,4560,0,0.0
case_0160,medformer_lcc_t0.55,0.0,0.0,0.0,1940,4560,0,0.0
case_0160,union_t0.55,0.1748344370859273,0.15374376039907864,0.20263157894692405,6010,4560,924,1.0
case_0160,intersection_t0.55,0.0,0.0,0.0,1224,4560,0,0.0
case_0160,medformer_lcc_t0.60,0.0,0.0,0.0,1818,4560,0,0.0
case_0160,union_t0.60,0.17588274483660807,0.15537245670059632,0.20263157894692405,5947,4560,924,1.0
case_0160,intersection_t0.60,0.0,0.0,0.0,1173,4560,0,0.0
case_0160,medformer_lcc_t0.65,0.0,0.0,0.0,1711,4560,0,0.0
case_0160,union_t0.65,0.177011494252704,0.1571428571425899,0.20263157894692405,5880,4560,924,1.0
case_0160,intersection_t0.65,0.0,0.0,0.0,1133,4560,0,0.0
case_0160,medformer_lcc_t0.70,0.0,0.0,0.0,1574,4560,0,0.0
case_0160,union_t0.70,0.1781376518216906,0.15892672858589796,0.20263157894692405,5814,4560,924,1.0
case_0160,intersection_t0.70,0.0,0.0,0.0,1062,4560,0,0.0
case_0160,medformer_lcc_t0.75,0.0,0.0,0.0,1446,4560,0,0.0
case_0160,union_t0.75,0.179226069246262,0.16066770996320523,0.20263157894692405,5751,4560,924,1.0
case_0160,intersection_t0.75,0.0,0.0,0.0,997,4560,0,0.0
case_0160,fusion_w0.40_t0.35,0.18208690511362488,0.16532474503459416,0.20263157894692405,5589,4560,924,1.0
case_0160,fusion_w0.40_t0.40,0.1873859257755147,0.17427385892083314,0.20263157894692405,5302,4560,924,1.0
case_0160,fusion_w0.40_t0.45,0.1873859257755147,0.17427385892083314,0.20263157894692405,5302,4560,924,1.0
case_0160,fusion_w0.40_t0.50,0.1873859257755147,0.17427385892083314,0.20263157894692405,5302,4560,924,1.0
case_0160,fusion_w0.40_t0.55,0.1873859257755147,0.17427385892083314,0.20263157894692405,5302,4560,924,1.0
case_0160,fusion_w0.40_t0.60,0.1873859257755147,0.17427385892083314,0.20263157894692405,5302,4560,924,1.0
case_0160,fusion_w0.40_t0.65,0.16742807754023037,0.1915795422430303,0.14868421052598974,3539,4560,678,1.0
case_0160,fusion_w0.50_t0.35,0.1781376518216906,0.15892672858589796,0.20263157894692405,5814,4560,924,1.0
case_0160,fusion_w0.50_t0.40,0.18039828192094845,0.1625615763543938,0.20263157894692405,5684,4560,924,1.0
case_0160,fusion_w0.50_t0.45,0.18284357376057894,0.16657652785259316,0.20263157894692405,5547,4560,924,1.0
case_0160,fusion_w0.50_t0.50,0.1873859257755147,0.17427385892083314,0.20263157894692405,5302,4560,924,1.0
case_0160,fusion_w0.50_t0.55,0.18059071729936033,0.20053547523373352,0.16425438596455208,3735,4560,749,1.0
case_0160,fusion_w0.50_t0.60,0.08768154921989285,0.11335187760739447,0.07149122807001866,2876,4560,326,1.0
case_0160,fusion_w0.50_t0.65,0.024527186761193073,0.03759057970997468,0.018201754385924997,2208,4560,83,1.0
case_0160,fusion_w0.60_t0.35,0.17543193468751145,0.15467023769642674,0.20263157894692405,5974,4560,924,1.0
case_0160,fusion_w0.60_t0.40,0.1773852946821104,0.15773301468050915,0.20263157894692405,5858,4560,924,1.0
case_0160,fusion_w0.60_t0.45,0.17694128254234537,0.1820078831435613,0.17214912280664002,4313,4560,785,1.0
case_0160,fusion_w0.60_t0.50,0.12154150197613446,0.13914027149281918,0.10789473684186865,3536,4560,492,1.0
case_0160,fusion_w0.60_t0.55,0.0487470902368222,0.06489245351780937,0.039035087719212644,2743,4560,178,1.0
case_0160,fusion_w0.60_t0.60,0.016485225505417596,0.02834224598915325,0.011622807017518371,1870,4560,53,1.0
case_0160,fusion_w0.60_t0.65,0.004865390853057306,0.009339975093341595,0.0032894736842033127,1606,4560,15,1.0
case_0160,fusion_w0.70_t0.35,0.17285282693119025,0.17013593882716624,0.1756578947364569,4708,4560,801,1.0
case_0160,fusion_w0.70_t0.40,0.1376912378301603,0.14601769911468532,0.13026315789445117,4068,4560,594,1.0
case_0160,fusion_w0.70_t0.45,0.07178968655198206,0.08472553699258734,0.062280701754249386,3352,4560,284,1.0
case_0160,fusion_w0.70_t0.50,0.030714868170656818,0.0403859899927077,0.02478070175433162,2798,4560,113,1.0
case_0160,fusion_w0.70_t0.55,0.012440758293820438,0.019160583941518428,0.009210526315769275,2192,4560,42,1.0
case_0160,fusion_w0.70_t0.60,0.003419866314311488,0.005872931126503615,0.002412280701749096,1873,4560,11,1.0
case_0160,fusion_w0.70_t0.65,0.0,0.0,0.0,1560,4560,0,0.0
case_0160,fusion_w0.80_t0.35,0.08927508629914381,0.09763082530565574,0.08223684210508282,3841,4560,375,1.0
case_0160,fusion_w0.80_t0.40,0.04540816326524821,0.05426829268276138,0.039035087719212644,3280,4560,178,1.0
case_0160,fusion_w0.80_t0.45,0.018615944961528914,0.024185068349021434,0.015131578947335238,2853,4560,69,1.0
case_0160,fusion_w0.80_t0.50,0.009931895573198167,0.014067524115699085,0.0076754385964743965,2488,4560,35,1.0
case_0160,fusion_w0.80_t0.55,0.003017046311656333,0.004833252779096988,0.0021929824561355417,2069,4560,10,1.0
case_0160,fusion_w0.80_t0.60,0.0,0.0,0.0,1798,4560,0,0.0
case_0160,fusion_w0.80_t0.65,0.0,0.0,0.0,1575,4560,0,0.0
case_0161,nnunet,0.0,0.0,0.0,0,6506,0,0.0
case_0161,medformer_lcc_t0.25,0.5865319210955334,0.7973579920718696,0.46387949584927163,3785,6506,3018,1.0
case_0161,union_t0.25,0.5865319210955334,0.7973579920718696,0.46387949584927163,3785,6506,3018,1.0
case_0161,intersection_t0.25,0.0,0.0,0.0,0,6506,0,0.0
case_0161,medformer_lcc_t0.30,0.5715426859704728,0.8156169848936574,0.43990162926461746,3509,6506,2862,1.0
case_0161,union_t0.30,0.5715426859704728,0.8156169848936574,0.43990162926461746,3509,6506,2862,1.0
case_0161,intersection_t0.30,0.0,0.0,0.0,0,6506,0,0.0
case_0161,medformer_lcc_t0.35,0.5523672883782,0.8287207872053237,0.41423301567719917,3252,6506,2695,1.0
case_0161,union_t0.35,0.5523672883782,0.8287207872053237,0.41423301567719917,3252,6506,2695,1.0
case_0161,intersection_t0.35,0.0,0.0,0.0,0,6506,0,0.0
case_0161,medformer_lcc_t0.40,0.5293001686335062,0.8420523138804761,0.3859514294491455,2982,6506,2511,1.0
case_0161,union_t0.40,0.5293001686335062,0.8420523138804761,0.3859514294491455,2982,6506,2511,1.0
case_0161,intersection_t0.40,0.0,0.0,0.0,0,6506,0,0.0
case_0161,medformer_lcc_t0.45,0.4995644599297696,0.8566094100042696,0.35259760221279957,2678,6506,2294,1.0
case_0161,union_t0.45,0.4995644599297696,0.8566094100042696,0.35259760221279957,2678,6506,2294,1.0
case_0161,intersection_t0.45,0.0,0.0,0.0,0,6506,0,0.0
case_0161,medformer_lcc_t0.50,0.46309403437763946,0.8605427974911878,0.3167845066087968,2395,6506,2061,1.0
case_0161,union_t0.50,0.46309403437763946,0.8605427974911878,0.3167845066087968,2395,6506,2061,1.0
case_0161,intersection_t0.50,0.0,0.0,0.0,0,6506,0,0.0
case_0161,medformer_lcc_t0.55,0.4248608534317893,0.8649669499487018,0.2815862280967083,2118,6506,1832,1.0
case_0161,union_t0.55,0.4248608534317893,0.8649669499487018,0.2815862280967083,2118,6506,1832,1.0
case_0161,intersection_t0.55,0.0,0.0,0.0,0,6506,0,0.0
case_0161,medformer_lcc_t0.60,0.3891273247491784,0.8671625929815773,0.2508453735009978,1882,6506,1632,1.0
case_0161,union_t0.60,0.3891273247491784,0.8671625929815773,0.2508453735009978,1882,6506,1632,1.0
case_0161,intersection_t0.60,0.0,0.0,0.0,0,6506,0,0.0
case_0161,medformer_lcc_t0.65,0.35509904622113586,0.8684210526263851,0.2231786043648583,1672,6506,1452,1.0
case_0161,union_t0.65,0.35509904622113586,0.8684210526263851,0.2231786043648583,1672,6506,1452,1.0
case_0161,intersection_t0.65,0.0,0.0,0.0,0,6506,0,0.0
case_0161,medformer_lcc_t0.70,0.32133450395043106,0.873210633940878,0.19689517368552584,1467,6506,1281,1.0
case_0161,union_t0.70,0.32133450395043106,0.873210633940878,0.19689517368552584,1467,6506,1281,1.0
case_0161,intersection_t0.70,0.0,0.0,0.0,0,6506,0,0.0
case_0161,medformer_lcc_t0.75,0.2877734877731174,0.8844936708790785,0.17184137719002177,1264,6506,1118,1.0
case_0161,union_t0.75,0.2877734877731174,0.8844936708790785,0.17184137719002177,1264,6506,1118,1.0
case_0161,intersection_t0.75,0.0,0.0,0.0,0,6506,0,0.0
case_0161,fusion_w0.40_t0.35,0.18952001100235247,0.9006535947594686,0.10590224408222272,765,6506,689,1.0
case_0161,fusion_w0.40_t0.40,0.0,0.0,0.0,0,6506,0,0.0
case_0161,fusion_w0.40_t0.45,0.0,0.0,0.0,0,6506,0,0.0
case_0161,fusion_w0.40_t0.50,0.0,0.0,0.0,0,6506,0,0.0
case_0161,fusion_w0.40_t0.55,0.0,0.0,0.0,0,6506,0,0.0
case_0161,fusion_w0.40_t0.60,0.0,0.0,0.0,0,6506,0,0.0
case_0161,fusion_w0.40_t0.65,0.0,0.0,0.0,0,6506,0,0.0
case_0161,fusion_w0.50_t0.35,0.32133450395043106,0.873210633940878,0.19689517368552584,1467,6506,1281,1.0
case_0161,fusion_w0.50_t0.40,0.250594137839648,0.8885767790178973,0.14586535505664638,1068,6506,949,1.0
case_0161,fusion_w0.50_t0.45,0.16610831937441917,0.9042553191351936,0.09145404242223877,658,6506,595,1.0
case_0161,fusion_w0.50_t0.50,0.0,0.0,0.0,0,6506,0,0.0
case_0161,fusion_w0.50_t0.55,0.0,0.0,0.0,0,6506,0,0.0
case_0161,fusion_w0.50_t0.60,0.0,0.0,0.0,0,6506,0,0.0
case_0161,fusion_w0.50_t0.65,0.0,0.0,0.0,0,6506,0,0.0
case_0161,fusion_w0.60_t0.35,0.4006145119352391,0.8665644171734839,0.2605287426986466,1956,6506,1695,1.0
case_0161,fusion_w0.60_t0.40,0.3451251078511708,0.8711885500879205,0.2151859821699736,1607,6506,1400,1.0
case_0161,fusion_w0.60_t0.45,0.2877734877731174,0.8844936708790785,0.17184137719002177,1264,6506,1118,1.0
case_0161,fusion_w0.60_t0.50,0.2257457672665604,0.8974358974263095,0.12911158930198416,936,6506,840,1.0
case_0161,fusion_w0.60_t0.55,0.148984198645388,0.9072164948297728,0.08115585613267576,582,6506,528,1.0
case_0161,fusion_w0.60_t0.60,0.0,0.0,0.0,0,6506,0,0.0
case_0161,fusion_w0.60_t0.65,0.0,0.0,0.0,0,6506,0,0.0
case_0161,fusion_w0.70_t0.35,0.46309403437763946,0.8605427974911878,0.3167845066087968,2395,6506,2061,1.0
case_0161,fusion_w0.70_t0.40,0.41013608634395804,0.8662041625328731,0.2686750691665099,2018,6506,1748,1.0
case_0161,fusion_w0.70_t0.45,0.35926829268248867,0.8695395513526002,0.22640639409740793,1694,6506,1473,1.0
case_0161,fusion_w0.70_t0.50,0.3112515802777355,0.876780626774382,0.1892099600365982,1404,6506,1231,1.0
case_0161,fusion_w0.70_t0.55,0.26163324157784557,0.8886910062253902,0.15339686443259545,1123,6506,998,1.0
case_0161,fusion_w0.70_t0.60,0.20422055820258106,0.8939213349118722,0.11527820473391442,839,6506,750,1.0
case_0161,fusion_w0.70_t0.65,0.13886128070404818,0.9106145251227074,0.0751613894865122,537,6506,489,1.0
case_0161,fusion_w0.80_t0.35,0.5071274298050679,0.852578068261247,0.3608976329536414,2754,6506,2348,1.0
case_0161,fusion_w0.80_t0.40,0.46309403437763946,0.8605427974911878,0.3167845066087968,2395,6506,2061,1.0
case_0161,fusion_w0.80_t0.45,0.41698751604198225,0.8653753026592477,0.27466953581267345,2065,6506,1787,1.0
case_0161,fusion_w0.80_t0.50,0.3712560386468946,0.866403607661407,0.2362434675680353,1774,6506,1537,1.0
case_0161,fusion_w0.80_t0.55,0.32859636000956294,0.8693931398359539,0.2025822317857323,1516,6506,1318,1.0
case_0161,fusion_w0.80_t0.60,0.2877734877731174,0.8844936708790785,0.17184137719002177,1264,6506,1118,1.0
case_0161,fusion_w0.80_t0.65,0.24212624584685433,0.894013738950991,0.14002459268346137,1019,6506,911,1.0
case_0164,nnunet,0.07620941020534988,0.9999999999710145,0.03961419221490456,345,8709,345,1.0
case_0164,medformer_lcc_t0.25,0.6084843435391178,0.7695820161560071,0.5031576530020632,5694,8709,4382,1.0
case_0164,union_t0.25,0.6109917527197928,0.7706293706280234,0.5061430703863748,5720,8709,4408,1.0
case_0164,intersection_t0.25,0.07130993245479868,0.9999999999689441,0.03697324606724426,322,8709,322,1.0
case_0164,medformer_lcc_t0.30,0.5972844142708382,0.8049445201463793,0.4747961878511025,5137,8709,4135,1.0
case_0164,union_t0.30,0.6005188067440549,0.8061520603582779,0.47847054770871683,5169,8709,4167,1.0
case_0164,intersection_t0.30,0.07002770083094734,0.9999999999683544,0.036284303593941566,316,8709,316,1.0
case_0164,medformer_lcc_t0.35,0.5854572713638789,0.8432304037986542,0.44838672637449944,4631,8709,3905,1.0
case_0164,union_t0.35,0.5896860986542678,0.8445728965942099,0.45297967619651736,4671,8709,3945,1.0
case_0164,intersection_t0.35,0.06895787139681933,0.9999999999678456,0.03571018486618933,311,8709,311,1.0
case_0164,medformer_lcc_t0.40,0.5596707818925695,0.864268585129822,0.4138247789638146,4170,8709,3604,1.0
case_0164,union_t0.40,0.5661281595419602,0.8661305581814898,0.4204845562057406,4228,8709,3662,1.0
case_0164,intersection_t0.40,0.06509664518988546,0.9999999999658703,0.03364335744628127,293,8709,293,1.0
case_0164,medformer_lcc_t0.45,0.5286173633436265,0.8812650763846657,0.37754047536987306,3731,8709,3288,1.0
case_0164,union_t0.45,0.5409326424866154,0.884515119914274,0.3895969686526701,3836,8709,3393,1.0
case_0164,intersection_t0.45,0.05559276624240277,0.9999999999598393,0.02859111264206155,249,8709,249,1.0
case_0164,medformer_lcc_t0.50,0.49962615269543936,0.9035456730742081,0.34527500287019713,3328,8709,3007,1.0
case_0164,union_t0.50,0.519914768070382,0.9081019181193585,0.3642209208860211,3493,8709,3172,1.0
case_0164,intersection_t0.50,0.042701427126595456,0.9999999999473684,0.021816511654585122,190,8709,190,1.0
case_0164,medformer_lcc_t0.55,0.4697008656891491,0.9263015551016691,0.31461706280822754,2958,8709,2740,1.0
case_0164,union_t0.55,0.49625200033648087,0.931099873574807,0.3382707543916198,3164,8709,2946,1.0
case_0164,intersection_t0.55,0.034972924187686175,0.9999999999354838,0.01779768056031944,155,8709,155,1.0
case_0164,medformer_lcc_t0.60,0.4367755065919504,0.9521604938234871,0.2833850040185057,2592,8709,2468,1.0
case_0164,union_t0.60,0.47021129199820727,0.9563226488166385,0.31174646916946636,2839,8709,2715,1.0
case_0164,intersection_t0.60,0.030083691472483503,0.9999999999248119,0.015271558158209585,133,8709,133,1.0
case_0164,medformer_lcc_t0.65,0.3995623233332729,0.9703277236449499,0.2515788265010316,2258,8709,2191,1.0
case_0164,union_t0.65,0.4384341637006775,0.9735282496998281,0.2829257090363039,2531,8709,2464,1.0
case_0164,intersection_t0.65,0.02785326086953368,0.9999999999186993,0.014123320702705104,123,8709,123,1.0
case_0164,medformer_lcc_t0.70,0.35982401946984943,0.9736575481207008,0.22069123894796105,1974,8709,1922,1.0
case_0164,union_t0.70,0.40404408416030235,0.9770925110089115,0.25467906763089365,2270,8709,2218,1.0
case_0164,intersection_t0.70,0.027183146449170702,0.9999999999166668,0.01377884946605376,120,8709,120,1.0
case_0164,medformer_lcc_t0.75,0.3234279141101194,0.9791062100929826,0.1937076587436058,1723,8709,1687,1.0
case_0164,union_t0.75,0.37347716916174695,0.9823874755333544,0.2305660810652996,2044,8709,2008,1.0
case_0164,intersection_t0.75,0.024722159219749688,0.9999999999082569,0.012515788264998832,109,8709,109,1.0
case_0164,fusion_w0.40_t0.35,0.27634567901207274,0.9879943502755086,0.16063842002507675,1416,8709,1399,1.0
case_0164,fusion_w0.40_t0.40,0.07620941020534988,0.9999999999710145,0.03961419221490456,345,8709,345,1.0
case_0164,fusion_w0.40_t0.45,0.07620941020534988,0.9999999999710145,0.03961419221490456,345,8709,345,1.0
case_0164,fusion_w0.40_t0.50,0.07620941020534988,0.9999999999710145,0.03961419221490456,345,8709,345,1.0
case_0164,fusion_w0.40_t0.55,0.07620941020534988,0.9999999999710145,0.03961419221490456,345,8709,345,1.0
case_0164,fusion_w0.40_t0.60,0.07620941020534988,0.9999999999710145,0.03961419221490456,345,8709,345,1.0
case_0164,fusion_w0.40_t0.65,0.07408226448465935,0.9999999999701492,0.03846595475940008,335,8709,335,1.0
case_0164,fusion_w0.50_t0.35,0.40404408416030235,0.9770925110089115,0.25467906763089365,2270,8709,2218,1.0
case_0164,fusion_w0.50_t0.40,0.34247225120923774,0.9852620087282464,0.20725686071855864,1832,8709,1805,1.0
case_0164,fusion_w0.50_t0.45,0.2524797114515054,0.9905660377280616,0.14467791939356447,1272,8709,1260,1.0
case_0164,fusion_w0.50_t0.50,0.07620941020534988,0.9999999999710145,0.03961419221490456,345,8709,345,1.0
case_0164,fusion_w0.50_t0.55,0.07450806986505139,0.9999999999703264,0.03869560225050098,337,8709,337,1.0
case_0164,fusion_w0.50_t0.60,0.07237715803444844,0.9999999999694189,0.0375473647949965,327,8709,327,1.0
case_0164,fusion_w0.50_t0.65,0.07002770083094734,0.9999999999683544,0.036284303593941566,316,8709,316,1.0
case_0164,fusion_w0.60_t0.35,0.4804603624491278,0.9533060667997502,0.32116201630460306,2934,8709,2797,1.0
case_0164,fusion_w0.60_t0.40,0.42598241521583885,0.9741485432869342,0.2725915719367636,2437,8709,2374,1.0
case_0164,fusion_w0.60_t0.45,0.37272050614033053,0.9823442864100915,0.22999196233754735,2039,8709,2003,1.0
case_0164,fusion_w0.60_t0.50,0.3118414693085434,0.985941320287372,0.18521070157287264,1636,8709,1613,1.0
case_0164,fusion_w0.60_t0.55,0.22706002034564896,0.9955396966904948,0.12814330003429997,1121,8709,1116,1.0
case_0164,fusion_w0.60_t0.60,0.06917193215822062,0.9999999999679486,0.035825008611739775,312,8709,312,1.0
case_0164,fusion_w0.60_t0.65,0.0618671414264361,0.9999999999640288,0.031921001263024544,278,8709,278,1.0
case_0164,fusion_w0.70_t0.35,0.519672131147115,0.9080492695476711,0.36399127339492016,3491,8709,3170,1.0
case_0164,fusion_w0.70_t0.40,0.4852941176466439,0.9501171744193166,0.3258697898721714,2987,8709,2838,1.0
case_0164,fusion_w0.70_t0.45,0.44004263634709534,0.971753628870256,0.2844184177284597,2549,8709,2477,1.0
case_0164,fusion_w0.70_t0.50,0.39206684418291055,0.9784601283181555,0.24514869675020648,2182,8709,2135,1.0
case_0164,fusion_w0.70_t0.55,0.34698704001480746,0.9849624060097478,0.21058674933952165,1862,8709,1834,1.0
case_0164,fusion_w0.70_t0.60,0.2761208769501519,0.9865913902541525,0.1605235962795263,1417,8709,1398,1.0
case_0164,fusion_w0.70_t0.65,0.18613366645826968,0.9966555183835378,0.10265242852210052,897,8709,894,1.0
case_0164,fusion_w0.80_t0.35,0.5442586575794086,0.8782608695629712,0.3943047422202384,3910,8709,3434,1.0
case_0164,fusion_w0.80_t0.40,0.5167542706960276,0.9074127487715391,0.3612355035017094,3467,8709,3146,1.0
case_0164,fusion_w0.80_t0.45,0.4867309497393235,0.9475083056446927,0.3274773223098777,3010,8709,2852,1.0
case_0164,fusion_w0.80_t0.50,0.4493966352501987,0.9648260211763812,0.29291537489919284,2644,8709,2551,1.0
case_0164,fusion_w0.80_t0.55,0.3994523048832501,0.9741763134417891,0.25123435526438026,2246,8709,2188,1.0
case_0164,fusion_w0.80_t0.60,0.34812995844319217,0.9808408727994634,0.21162016304947567,1879,8709,1843,1.0
case_0164,fusion_w0.80_t0.65,0.2991236611486863,0.9839846252339272,0.17636927316548814,1561,8709,1536,1.0
case_0178,nnunet,0.0,0.0,0.0,136,9158,0,0.0
case_0178,medformer_lcc_t0.25,0.4597811480129072,0.32517197682823806,0.7845599475859526,22096,9158,7185,1.0
case_0178,union_t0.25,0.45919345561434805,0.3245843874230554,0.7845599475859526,22136,9158,7185,1.0
case_0178,intersection_t0.25,0.0,0.0,0.0,96,9158,0,0.0
case_0178,medformer_lcc_t0.30,0.4672131147539414,0.33740902474510553,0.759336099584233,20610,9158,6954,1.0
case_0178,union_t0.30,0.46658615136860354,0.3367554479417255,0.759336099584233,20650,9158,6954,1.0
case_0178,intersection_t0.30,0.0,0.0,0.0,96,9158,0,0.0
case_0178,medformer_lcc_t0.35,0.47470459208926813,0.3511094829388993,0.7325835335218032,19108,9158,6709,1.0
case_0178,union_t0.35,0.47383289780334986,0.35015657620023477,0.7325835335218032,19160,9158,6709,1.0
case_0178,intersection_t0.35,0.0,0.0,0.0,84,9158,0,0.0
case_0178,medformer_lcc_t0.40,0.4803870096750617,0.3658327621656581,0.6993885127749515,17508,9158,6405,1.0
case_0178,union_t0.40,0.47896803140756067,0.3641894581222697,0.6993885127749515,17587,9158,6405,1.0
case_0178,intersection_t0.40,0.0,0.0,0.0,57,9158,0,0.0
case_0178,medformer_lcc_t0.45,0.48327845439739625,0.37952520406232193,0.6651015505561638,16049,9158,6091,1.0
case_0178,union_t0.45,0.48110264207555736,0.37684835735916794,0.6651015505561638,16163,9158,6091,1.0
case_0178,intersection_t0.45,0.0,0.0,0.0,21,9158,0,0.0
case_0178,medformer_lcc_t0.50,0.4858886346298475,0.397022160664545,0.6260100458608582,14440,9158,5733,1.0
case_0178,union_t0.50,0.48322656776783407,0.3934797529166826,0.6260100458608582,14570,9158,5733,1.0
case_0178,intersection_t0.50,0.0,0.0,0.0,6,9158,0,0.0
case_0178,medformer_lcc_t0.55,0.4818279956816832,0.409668043444692,0.5848438523688744,13074,9158,5356,1.0
case_0178,union_t0.55,0.4788984263231049,0.4054504163509421,0.5848438523688744,13210,9158,5356,1.0
case_0178,intersection_t0.55,0.0,0.0,0.0,0,9158,0,0.0
case_0178,medformer_lcc_t0.60,0.4669620313465452,0.41418068114559775,0.5351605153957903,11833,9158,4901,1.0
case_0178,union_t0.60,0.46395607516426185,0.40947447572862433,0.5351605153957903,11969,9158,4901,1.0
case_0178,intersection_t0.60,0.0,0.0,0.0,0,9158,0,0.0
case_0178,medformer_lcc_t0.65,0.4933847522987283,0.5402104716116146,0.4540292640309521,7697,9158,4158,1.0
case_0178,union_t0.65,0.4933847522987283,0.5402104716116146,0.4540292640309521,7697,9158,4158,1.0
case_0178,intersection_t0.65,0.0,0.0,0.0,0,9158,0,0.0
case_0178,medformer_lcc_t0.70,0.46090794451421124,0.545359594150186,0.39910460799257574,6702,9158,3655,1.0
case_0178,union_t0.70,0.46090794451421124,0.545359594150186,0.39910460799257574,6702,9158,3655,1.0
case_0178,intersection_t0.70,0.0,0.0,0.0,0,9158,0,0.0
case_0178,medformer_lcc_t0.75,0.40669170365284624,0.5427373792590802,0.3251801703425145,5487,9158,2978,1.0
case_0178,union_t0.75,0.40669170365284624,0.5427373792590802,0.3251801703425145,5487,9158,2978,1.0
case_0178,intersection_t0.75,0.0,0.0,0.0,0,9158,0,0.0
case_0178,fusion_w0.40_t0.35,0.12228654124446246,0.3561643835597673,0.07381524350286764,1898,9158,676,1.0
case_0178,fusion_w0.40_t0.40,0.0,0.0,0.0,136,9158,0,0.0
case_0178,fusion_w0.40_t0.45,0.0,0.0,0.0,136,9158,0,0.0
case_0178,fusion_w0.40_t0.50,0.0,0.0,0.0,136,9158,0,0.0
case_0178,fusion_w0.40_t0.55,0.0,0.0,0.0,136,9158,0,0.0
case_0178,fusion_w0.40_t0.60,0.0,0.0,0.0,136,9158,0,0.0
case_0178,fusion_w0.40_t0.65,0.0,0.0,0.0,96,9158,0,0.0
case_0178,fusion_w0.50_t0.35,0.46090794451421124,0.545359594150186,0.39910460799257574,6702,9158,3655,1.0
case_0178,fusion_w0.50_t0.40,0.33028341887946866,0.5180863477234117,0.2424110067697724,4285,9158,2220,1.0
case_0178,fusion_w0.50_t0.45,0.03379444805493102,0.11283323000550011,0.019873334789233595,1613,9158,182,1.0
case_0178,fusion_w0.50_t0.50,0.0,0.0,0.0,136,9158,0,0.0
case_0178,fusion_w0.50_t0.55,0.0,0.0,0.0,96,9158,0,0.0
case_0178,fusion_w0.50_t0.60,0.0,0.0,0.0,96,9158,0,0.0
case_0178,fusion_w0.50_t0.65,0.0,0.0,0.0,96,9158,0,0.0
case_0178,fusion_w0.60_t0.35,0.46958219082564034,0.40877093615955273,0.5516488316220226,12359,9158,5052,1.0
case_0178,fusion_w0.60_t0.40,0.4818869065615471,0.5400569337121593,0.43502948241926725,7377,9158,3984,1.0
case_0178,fusion_w0.60_t0.45,0.40669170365284624,0.5427373792590802,0.3251801703425145,5487,9158,2978,1.0
case_0178,fusion_w0.60_t0.50,0.16834277021873711,0.3723364485967389,0.10875737060481681,2675,9158,996,1.0
case_0178,fusion_w0.60_t0.55,0.033646616541321756,0.12078272604506896,0.01954575234765282,1482,9158,179,1.0
case_0178,fusion_w0.60_t0.60,0.0,0.0,0.0,86,9158,0,0.0
case_0178,fusion_w0.60_t0.65,0.0,0.0,0.0,42,9158,0,0.0
case_0178,fusion_w0.70_t0.35,0.48398125870563335,0.3944815248053433,0.6260100458608582,14533,9158,5733,1.0
case_0178,fusion_w0.70_t0.40,0.474697798409489,0.4098737995075721,0.5638785761077049,12599,9158,5164,1.0
case_0178,fusion_w0.70_t0.45,0.49779242950462244,0.5400434282787839,0.4616728543345035,7829,9158,4228,1.0
case_0178,fusion_w0.70_t0.50,0.4491999228838447,0.545837888488918,0.38163354444160114,6403,9158,3495,1.0
case_0178,fusion_w0.70_t0.55,0.3567082005213295,0.529918209211085,0.26883599039062145,4646,9158,2462,1.0
case_0178,fusion_w0.70_t0.60,0.14357086510636902,0.36383829408989854,0.08943000655155117,2251,9158,819,1.0
case_0178,fusion_w0.70_t0.65,0.033260477050239226,0.12820512820418897,0.019108975758878457,1365,9158,175,1.0
case_0178,fusion_w0.80_t0.35,0.4818252730107325,0.3747724790678469,0.6744922472148127,16482,9158,6177,1.0
case_0178,fusion_w0.80_t0.40,0.48404255319128503,0.39456297315870986,0.6260100458608582,14530,9158,5733,1.0
case_0178,fusion_w0.80_t0.45,0.4765283842792592,0.4083892094180505,0.5719589430000306,12826,9158,5238,1.0
case_0178,fusion_w0.80_t0.50,0.45488002355343493,0.41306478923410295,0.5061148722422951,11221,9158,4635,1.0
case_0178,fusion_w0.80_t0.55,0.4688508314715383,0.5429721184240544,0.41253548809738744,6958,9158,3778,1.0
case_0178,fusion_w0.80_t0.60,0.40669170365284624,0.5427373792590802,0.3251801703425145,5487,9158,2978,1.0
case_0178,fusion_w0.80_t0.65,0.19497832665396664,0.38840013033434867,0.13015942345476067,3069,9158,1192,1.0
case_0179,nnunet,0.6392475101426793,0.9768883878186196,0.4750548245601013,1774,3648,1733,1.0
case_0179,medformer_lcc_t0.25,0.8494091783445323,0.8515151515128058,0.8473135964889054,3630,3648,3091,1.0
case_0179,union_t0.25,0.8615926327182265,0.8514453961433313,0.8719846491204167,3736,3648,3181,1.0
case_0179,intersection_t0.25,0.6181339352885288,0.9850119904017686,0.45038377192858997,1668,3648,1643,1.0
case_0179,medformer_lcc_t0.30,0.8488078541362569,0.869040781157757,0.8294956140328139,3482,3648,3026,1.0
case_0179,union_t0.30,0.8626639061409763,0.8687795385018939,0.8566337719274764,3597,3648,3125,1.0
case_0179,intersection_t0.30,0.6157904654218659,0.984930681127276,0.44791666666543883,1659,3648,1634,1.0
case_0179,medformer_lcc_t0.35,0.8432075742349114,0.8844417694827432,0.805646929822353,3323,3648,2939,1.0
case_0179,union_t0.35,0.8602392681198308,0.8840034712152618,0.8377192982433177,3457,3648,3056,1.0
case_0179,intersection_t0.35,0.6111951588490712,0.9853658536525283,0.44298245613913656,1640,3648,1616,1.0
case_0179,medformer_lcc_t0.40,0.842474769634573,0.9031044214458981,0.7894736842083622,3189,3648,2880,1.0
case_0179,union_t0.40,0.8613180515746973,0.9021608643430308,0.8240131578924781,3332,3648,3006,1.0
case_0179,intersection_t0.40,0.6088274294362401,0.9852851011588886,0.4405153508759854,1631,3648,1607,1.0
case_0179,medformer_lcc_t0.45,0.8372162485053207,0.9196194225691614,0.7683662280680692,3048,3648,2803,1.0
case_0179,union_t0.45,0.8610949330214602,0.9183229813636077,0.8105811403486552,3220,3648,2957,1.0
case_0179,intersection_t0.45,0.6015238095226638,0.9856429463109511,0.43283991227951524,1602,3648,1579,1.0
case_0179,medformer_lcc_t0.50,0.8149411035325249,0.9375891583418774,0.7206688596471473,2804,3648,2629,1.0
case_0179,union_t0.50,0.858161295112345,0.9364667747133341,0.7919407894715134,3085,3648,2889,1.0
case_0179,intersection_t0.50,0.5730402645388581,0.986604152706051,0.40378289473573525,1493,3648,1473,1.0
case_0179,medformer_lcc_t0.55,0.7952881247997529,0.9483675018946531,0.6847587719279475,2634,3648,2498,1.0
case_0179,union_t0.55,0.8545208364662938,0.9469823274393232,0.7785087719276905,2999,3648,2840,1.0
case_0179,intersection_t0.55,0.5501285347032824,0.9872249822499133,0.3813048245603583,1409,3648,1391,1.0
case_0179,medformer_lcc_t0.60,0.7854486661264585,0.9574300354711966,0.6658442982437888,2537,3648,2429,1.0
case_0179,union_t0.60,0.84791222188228,0.9547014413145001,0.7626096491207166,2914,3648,2782,1.0
case_0179,intersection_t0.60,0.5470763131802833,0.9878310665641531,0.37828947368317356,1397,3648,1380,1.0
case_0179,medformer_lcc_t0.65,0.7710803689051859,0.9657590759036067,0.6417214912263111,2424,3648,2341,1.0
case_0179,union_t0.65,0.8385899814458277,0.9617021276561643,0.7434210526295411,2820,3648,2712,1.0
case_0179,intersection_t0.65,0.5419816951839594,0.9883889695138725,0.3733552631568713,1378,3648,1362,1.0
case_0179,medformer_lcc_t0.70,0.7464147123321302,0.9706011408469917,0.6063596491211448,2279,3648,2212,1.0
case_0179,union_t0.70,0.8242690977667019,0.9661016949116946,0.7187499999980298,2714,3648,2622,1.0
case_0179,intersection_t0.70,0.5305795067164015,0.9880507841599101,0.3626644736832164,1339,3648,1323,1.0
case_0179,medformer_lcc_t0.75,0.7238883143731061,0.9749303621124655,0.5756578947352641,2154,3648,2100,1.0
case_0179,union_t0.75,0.8144379074561704,0.969708443767627,0.7020285087700054,2641,3648,2561,1.0
case_0179,intersection_t0.75,0.5155015197557943,0.988344988337309,0.34868421052535997,1287,3648,1272,1.0
case_0179,fusion_w0.40_t0.35,0.7898005884262997,0.9781376518179024,0.6622807017525705,2470,3648,2416,1.0
case_0179,fusion_w0.40_t0.40,0.6392475101426793,0.9768883878186196,0.4750548245601013,1774,3648,1733,1.0
case_0179,fusion_w0.40_t0.45,0.6392475101426793,0.9768883878186196,0.4750548245601013,1774,3648,1733,1.0
case_0179,fusion_w0.40_t0.50,0.6392475101426793,0.9768883878186196,0.4750548245601013,1774,3648,1733,1.0
case_0179,fusion_w0.40_t0.55,0.6392475101426793,0.9768883878186196,0.4750548245601013,1774,3648,1733,1.0
case_0179,fusion_w0.40_t0.60,0.6392475101426793,0.9768883878186196,0.4750548245601013,1774,3648,1733,1.0
case_0179,fusion_w0.40_t0.65,0.6246257485018252,0.9840801886734429,0.45751096491102655,1696,3648,1669,1.0
case_0179,fusion_w0.50_t0.35,0.8242690977667019,0.9661016949116946,0.7187499999980298,2714,3648,2622,1.0
case_0179,fusion_w0.50_t0.40,0.805783132528826,0.9732246798565262,0.6874999999981154,2577,3648,2508,1.0
case_0179,fusion_w0.50_t0.45,0.7841525563031659,0.9794661190924868,0.6537828947350499,2435,3648,2385,1.0
case_0179,fusion_w0.50_t0.50,0.6392475101426793,0.9768883878186196,0.4750548245601013,1774,3648,1733,1.0
case_0179,fusion_w0.50_t0.55,0.6268210683589338,0.983587338798455,0.4599780701741777,1706,3648,1678,1.0
case_0179,fusion_w0.50_t0.60,0.620728501688658,0.985101311078754,0.4531249999987579,1678,3648,1653,1.0
case_0179,fusion_w0.50_t0.65,0.6157904654218659,0.984930681127276,0.44791666666543883,1659,3648,1634,1.0
case_0179,fusion_w0.60_t0.35,0.8513349514550193,0.9531249999967625,0.7691885964891195,2944,3648,2806,1.0
case_0179,fusion_w0.60_t0.40,0.8338518979451869,0.9640287769749496,0.7346491228050037,2780,3648,2680,1.0
case_0179,fusion_w0.60_t0.45,0.806617410856398,0.9740108611288828,0.6883223684191658,2578,3648,2511,1.0
case_0179,fusion_w0.60_t0.50,0.7861955628581986,0.9815346737752092,0.6557017543841676,2437,3648,2392,1.0
case_0179,fusion_w0.60_t0.55,0.7641921397367077,0.9865568083218277,0.6236293859632028,2306,3648,2275,1.0
case_0179,fusion_w0.60_t0.60,0.6123913864740983,0.9848116646355722,0.44435307017422054,1646,3648,1621,1.0
case_0179,fusion_w0.60_t0.65,0.6067159931690254,0.9852125693100111,0.4383223684198511,1623,3648,1599,1.0
case_0179,fusion_w0.70_t0.35,0.8521791223590652,0.9392538791649414,0.7798793859627745,3029,3648,2845,1.0
case_0179,fusion_w0.70_t0.40,0.8422664624795677,0.9541984732791319,0.7538377192961792,2882,3648,2750,1.0
case_0179,fusion_w0.70_t0.45,0.8282448723957597,0.9656809054364159,0.725054824559416,2739,3648,2645,1.0
case_0179,fusion_w0.70_t0.50,0.8059078503759738,0.9724912824448955,0.6880482456121491,2581,3648,2510,1.0
case_0179,fusion_w0.70_t0.55,0.78736290718483,0.9772450223446679,0.6592653508753858,2461,3648,2405,1.0
case_0179,fusion_w0.70_t0.60,0.7671736586983667,0.9828693790107801,0.6291118421035387,2335,3648,2295,1.0
case_0179,fusion_w0.70_t0.65,0.7242097950664741,0.9881516587630894,0.5715460526300122,2110,3648,2085,1.0
case_0179,fusion_w0.80_t0.35,0.8499117127709683,0.9174078780148749,0.7916666666644966,3148,3648,2888,1.0
case_0179,fusion_w0.80_t0.40,0.8447261204152033,0.9395770392717705,0.767269736840002,2979,3648,2799,1.0
case_0179,fusion_w0.80_t0.45,0.8372521899479987,0.9527806925465101,0.7467105263137426,2859,3648,2724,1.0
case_0179,fusion_w0.80_t0.50,0.8235294117634141,0.9625962596224328,0.7195723684190801,2727,3648,2625,1.0
case_0179,fusion_w0.80_t0.55,0.8021218453611926,0.9696851923786644,0.6839364035068971,2573,3648,2495,1.0
case_0179,fusion_w0.80_t0.60,0.7659786950719608,0.9749999999958687,0.6307565789456394,2360,3648,2301,1.0
case_0179,fusion_w0.80_t0.65,0.7352185089961693,0.9807956104207555,0.5879934210510198,2187,3648,2145,1.0
case_0191,nnunet,0.7831336666344842,0.688163129972334,0.9085138980063285,6032,4569,4151,1.0
case_0191,medformer_lcc_t0.25,0.6574585635354336,0.49221726352400974,0.9897132851805872,9187,4569,4522,1.0
case_0191,union_t0.25,0.6531937928540936,0.4872926986856695,0.990369883998708,9286,4569,4525,1.0
case_0191,intersection_t0.25,0.7899447724235479,0.6991404011449535,0.9078572991882078,5933,4569,4148,1.0
case_0191,medformer_lcc_t0.30,0.6819384592117018,0.5209055209049193,0.9870868899081044,8658,4569,4510,1.0
case_0191,union_t0.30,0.6756413132894505,0.5131788229941908,0.9886189538170528,8802,4569,4517,1.0
case_0191,intersection_t0.30,0.7925791335939633,0.7038043478248917,0.9069818340973802,5888,4569,4144,1.0
case_0191,medformer_lcc_t0.35,0.7019381056574695,0.545885498966153,0.9829284307266735,8227,4569,4491,1.0
case_0191,union_t0.35,0.6925561365728294,0.5338470657966403,0.9855548259991562,8435,4569,4503,1.0
case_0191,intersection_t0.35,0.7964976426433209,0.7106799450537248,0.9058875027338458,5824,4569,4139,1.0
case_0191,medformer_lcc_t0.40,0.7200258189440697,0.5702236421717952,0.9765813088181734,7825,4569,4462,1.0
case_0191,union_t0.40,0.7072189349106845,0.5529237601769641,0.9809586342723113,8106,4569,4482,1.0
case_0191,intersection_t0.40,0.8006589785824201,0.7184347826074462,0.9041365725521906,5750,4569,4131,1.0
case_0191,medformer_lcc_t0.45,0.7397031849251795,0.5974410774402729,0.9708907857277941,7425,4569,4436,1.0
case_0191,union_t0.45,0.7228155339799976,0.5733538698490908,0.9776756401817079,7791,4569,4467,1.0
case_0191,intersection_t0.45,0.8050806057637468,0.7271443699245903,0.9017290435524147,5666,4569,4120,1.0
case_0191,medformer_lcc_t0.50,0.760148879078369,0.6287227949590082,0.9610418034559838,6984,4569,4391,1.0
case_0191,union_t0.50,0.7366589327140067,0.5927456994257998,0.9728605821821562,7499,4569,4445,1.0
case_0191,intersection_t0.50,0.8124132460828748,0.7426137393497506,0.8966951192801561,5517,4569,4097,1.0
case_0191,medformer_lcc_t0.55,0.7775597574020892,0.6561794370003671,0.9540380827293631,6643,4569,4359,1.0
case_0191,union_t0.55,0.7483555405627016,0.6087254767449461,0.971109652000501,7289,4569,4437,1.0
case_0191,intersection_t0.55,0.8182822702151499,0.7562198291853766,0.8914423287351906,5386,4569,4073,1.0
case_0191,medformer_lcc_t0.60,0.789922125514622,0.6793255594064304,0.943532501639432,6346,4569,4311,1.0
case_0191,union_t0.60,0.757752270001064,0.6225193525677375,0.9680455241826045,7105,4569,4423,1.0
case_0191,intersection_t0.60,0.8207681365567763,0.7659776218456932,0.8840008754631561,5273,4569,4039,1.0
case_0191,medformer_lcc_t0.65,0.8035394897855562,0.704988437395598,0.9341212519130354,6054,4569,4268,1.0
case_0191,union_t0.65,0.766116420503244,0.6352110646871701,0.9649813963647079,6941,4569,4409,1.0
case_0191,intersection_t0.65,0.8256125180143857,0.7793974732735095,0.877653753554656,5145,4569,4010,1.0
case_0191,medformer_lcc_t0.70,0.814404969907965,0.7317285888701697,0.918144014005432,5733,4569,4195,1.0
case_0191,union_t0.70,0.7733638685803106,0.6471108490556499,0.9608229371832768,6784,4569,4390,1.0
case_0191,intersection_t0.70,0.8284816753918026,0.7942180285067372,0.8658349748284836,4981,4569,3956,1.0
case_0191,medformer_lcc_t0.75,0.8224786753629477,0.7594514455137891,0.896913985552863,5396,4569,4098,1.0
case_0191,union_t0.75,0.7783031492543685,0.6569277108423841,0.9546946815474837,6640,4569,4362,1.0
case_0191,intersection_t0.75,0.8308218446074267,0.811821219714261,0.8507332020117078,4788,4569,3887,1.0
case_0191,fusion_w0.40_t0.35,0.7840909090901905,0.6744442692721513,0.9363099146401044,6343,4569,4278,1.0
case_0191,fusion_w0.40_t0.40,0.7831336666344842,0.688163129972334,0.9085138980063285,6032,4569,4151,1.0
case_0191,fusion_w0.40_t0.45,0.7831336666344842,0.688163129972334,0.9085138980063285,6032,4569,4151,1.0
case_0191,fusion_w0.40_t0.50,0.7831336666344842,0.688163129972334,0.9085138980063285,6032,4569,4151,1.0
case_0191,fusion_w0.40_t0.55,0.7831336666344842,0.688163129972334,0.9085138980063285,6032,4569,4151,1.0
case_0191,fusion_w0.40_t0.60,0.7831336666344842,0.688163129972334,0.9085138980063285,6032,4569,4151,1.0
case_0191,fusion_w0.40_t0.65,0.7851333459421362,0.6912572855941861,0.9085138980063285,6005,4569,4151,1.0
case_0191,fusion_w0.50_t0.35,0.7733638685803106,0.6471108490556499,0.9608229371832768,6784,4569,4390,1.0
case_0191,fusion_w0.50_t0.40,0.7815490160671767,0.665079121215755,0.9474720945481562,6509,4569,4329,1.0
case_0191,fusion_w0.50_t0.45,0.7857603984129984,0.6789926681532054,0.9323703217313802,6274,4569,4260,1.0
case_0191,fusion_w0.50_t0.50,0.7831336666344842,0.688163129972334,0.9085138980063285,6032,4569,4151,1.0
case_0191,fusion_w0.50_t0.55,0.7843915343907932,0.6901080631742476,0.9085138980063285,6015,4569,4151,1.0
case_0191,fusion_w0.50_t0.60,0.7874703369712506,0.6952732148831793,0.9078572991882078,5966,4569,4148,1.0
case_0191,fusion_w0.50_t0.65,0.7925791335939633,0.7038043478248917,0.9069818340973802,5888,4569,4144,1.0
case_0191,fusion_w0.60_t0.35,0.7546430396994763,0.6177988561854961,0.9693587218188459,7169,4569,4429,1.0
case_0191,fusion_w0.60_t0.40,0.7686801675970943,0.6393204588345589,0.9636681987284665,6887,4569,4403,1.0
case_0191,fusion_w0.60_t0.45,0.7792068595920156,0.6582163875046655,0.9546946815474837,6627,4569,4362,1.0
case_0191,fusion_w0.60_t0.50,0.7861842105255974,0.6748235294107062,0.9415627051850699,6375,4569,4302,1.0
case_0191,fusion_w0.60_t0.55,0.7930486779400232,0.6918813172469973,0.9288684613680699,6134,4569,4244,1.0
case_0191,fusion_w0.60_t0.60,0.7951622192351745,0.7081552402107913,0.9065441015519664,5849,4569,4142,1.0
case_0191,fusion_w0.60_t0.65,0.8026047234903269,0.7218531468518848,0.9036988400067768,5720,4569,4129,1.0
case_0191,fusion_w0.70_t0.35,0.7374533388629303,0.5937750467531475,0.9728605821821562,7486,4569,4445,1.0
case_0191,fusion_w0.70_t0.40,0.7545338441883741,0.6174749163870994,0.9697964543642597,7176,4569,4431,1.0
case_0191,fusion_w0.70_t0.45,0.769620253163885,0.640139413301423,0.964762530092001,6886,4569,4408,1.0
case_0191,fusion_w0.70_t0.50,0.7829589188214597,0.6623258631122618,0.9573210768199665,6604,4569,4374,1.0
case_0191,fusion_w0.70_t0.55,0.7940205429193011,0.6833464877652986,0.9474720945481562,6335,4569,4329,1.0
case_0191,fusion_w0.70_t0.60,0.8035041446865075,0.70530841739589,0.9334646530949148,6047,4569,4265,1.0
case_0191,fusion_w0.70_t0.65,0.8163822525589308,0.7361941610961376,0.9161742175510699,5686,4569,4186,1.0
case_0191,fusion_w0.80_t0.35,0.7223030891147321,0.5727844042573134,0.977456773909001,7797,4569,4466,1.0
case_0191,fusion_w0.80_t0.40,0.7422508146037745,0.6002702702694591,0.9722039833640355,7400,4569,4442,1.0
case_0191,fusion_w0.80_t0.45,0.7590940288257042,0.6242415690692475,0.9682643904553113,7087,4569,4424,1.0
case_0191,fusion_w0.80_t0.50,0.775693527079898,0.6489832007063823,0.9638870650011734,6786,4569,4404,1.0
case_0191,fusion_w0.80_t0.55,0.7914138212111299,0.675061804696114,0.956226745456432,6472,4569,4369,1.0
case_0191,fusion_w0.80_t0.60,0.8056854310820968,0.7033469387743619,0.9428759028213113,6125,4569,4308,1.0
case_0191,fusion_w0.80_t0.65,0.8173058392746027,0.7300740230663969,0.9282118625499493,5809,4569,4241,1.0
case_0194,nnunet,0.13495038588724378,0.7630922693076535,0.07402031930315912,401,4134,306,1.0
case_0194,medformer_lcc_t0.25,0.15585384041730826,0.33983739837122084,0.10111272375398861,1230,4134,418,1.0
case_0194,union_t0.25,0.2180263626643783,0.4135135135107195,0.14804063860631825,1480,4134,612,1.0
case_0194,intersection_t0.25,0.051672433679234894,0.5572139303205366,0.027092404450829482,201,4134,112,1.0
case_0194,medformer_lcc_t0.30,0.13302397525109624,0.33140655105653755,0.08321238509897627,1038,4134,344,1.0
case_0194,union_t0.30,0.20279206465796695,0.42137404579831017,0.13352685050765958,1310,4134,552,1.0
case_0194,intersection_t0.30,0.0,0.0,0.0,187,4134,0,0.0
case_0194,medformer_lcc_t0.35,0.10837832433491626,0.3125720876549876,0.06555394291227491,867,4134,271,1.0
case_0194,union_t0.35,0.18621340887594673,0.4246339362581858,0.11925495887731191,1161,4134,493,1.0
case_0194,intersection_t0.35,0.0,0.0,0.0,181,4134,0,0.0
case_0194,medformer_lcc_t0.40,0.08328179756734018,0.28172942816901353,0.04886308659881746,717,4134,202,1.0
case_0194,union_t0.40,0.16953079745091806,0.4200956937758843,0.10619254958851913,1045,4134,439,1.0
case_0194,intersection_t0.40,0.0,0.0,0.0,170,4134,0,0.0
case_0194,medformer_lcc_t0.45,0.06289842753917786,0.2587412587367353,0.035800677310024676,572,4134,148,1.0
case_0194,union_t0.45,0.15652173913012546,0.4276457883323148,0.09579100145114709,926,4134,396,1.0
case_0194,intersection_t0.45,0.0,0.0,0.0,158,4134,0,0.0
case_0194,medformer_lcc_t0.50,0.048292364585494255,0.23974082072916325,0.026850507982518503,463,4134,111,1.0
case_0194,union_t0.50,0.1493675968677989,0.4391971664647084,0.08998548621168363,847,4134,372,1.0
case_0194,intersection_t0.50,0.0,0.0,0.0,148,4134,0,0.0
case_0194,medformer_lcc_t0.55,0.03250222617980298,0.20391061451944384,0.01765844218670136,358,4134,73,1.0
case_0194,union_t0.55,0.14087947882707477,0.4447300771151063,0.08369617803559821,778,4134,346,1.0
case_0194,intersection_t0.55,0.0,0.0,0.0,139,4134,0,0.0
case_0194,medformer_lcc_t0.60,0.023598820058943502,0.19047619046921332,0.012578616352170831,273,4134,52,1.0
case_0194,union_t0.60,0.1376900945332148,0.45765027321779167,0.08103531688417746,732,4134,335,1.0
case_0194,intersection_t0.60,0.0,0.0,0.0,120,4134,0,0.0
case_0194,medformer_lcc_t0.65,0.0,0.0,0.0,130,4134,0,0.0
case_0194,union_t0.65,0.13495038588724378,0.7630922693076535,0.07402031930315912,401,4134,306,1.0
case_0194,intersection_t0.65,0.0,0.0,0.0,111,4134,0,0.0
case_0194,medformer_lcc_t0.70,0.0,0.0,0.0,94,4134,0,0.0
case_0194,union_t0.70,0.13495038588724378,0.7630922693076535,0.07402031930315912,401,4134,306,1.0
case_0194,intersection_t0.70,0.0,0.0,0.0,84,4134,0,0.0
case_0194,medformer_lcc_t0.75,0.0,0.0,0.0,62,4134,0,0.0
case_0194,union_t0.75,0.13495038588724378,0.7630922693076535,0.07402031930315912,401,4134,306,1.0
case_0194,intersection_t0.75,0.0,0.0,0.0,55,4134,0,0.0
case_0194,fusion_w0.40_t0.35,0.13495038588724378,0.7630922693076535,0.07402031930315912,401,4134,306,1.0
case_0194,fusion_w0.40_t0.40,0.13495038588724378,0.7630922693076535,0.07402031930315912,401,4134,306,1.0
case_0194,fusion_w0.40_t0.45,0.13495038588724378,0.7630922693076535,0.07402031930315912,401,4134,306,1.0
case_0194,fusion_w0.40_t0.50,0.13495038588724378,0.7630922693076535,0.07402031930315912,401,4134,306,1.0
case_0194,fusion_w0.40_t0.55,0.13495038588724378,0.7630922693076535,0.07402031930315912,401,4134,306,1.0
case_0194,fusion_w0.40_t0.60,0.13495038588724378,0.7630922693076535,0.07402031930315912,401,4134,306,1.0
case_0194,fusion_w0.40_t0.65,0.07077625570760097,0.630081300787395,0.03749395258820151,246,4134,155,1.0
case_0194,fusion_w0.50_t0.35,0.13896218117823447,0.7632850241361525,0.0764392839862689,414,4134,316,1.0
case_0194,fusion_w0.50_t0.40,0.13495038588724378,0.7630922693076535,0.07402031930315912,401,4134,306,1.0
case_0194,fusion_w0.50_t0.45,0.13495038588724378,0.7630922693076535,0.07402031930315912,401,4134,306,1.0
case_0194,fusion_w0.50_t0.50,0.13495038588724378,0.7630922693076535,0.07402031930315912,401,4134,306,1.0
case_0194,fusion_w0.50_t0.55,0.07604735883407093,0.6472868216803377,0.04039671020793324,258,4134,167,1.0
case_0194,fusion_w0.50_t0.60,0.05836397058810119,0.5825688073127262,0.030720851475494144,218,4134,127,1.0
case_0194,fusion_w0.50_t0.65,0.0,0.0,0.0,187,4134,0,0.0
case_0194,fusion_w0.60_t0.35,0.13925865246746005,0.4539385847736457,0.08224479922573236,749,4134,340,1.0
case_0194,fusion_w0.60_t0.40,0.1401273885347241,0.7613365154949562,0.07716497339120183,419,4134,319,1.0
case_0194,fusion_w0.60_t0.45,0.08125283704021505,0.6580882352699232,0.04329946782766497,272,4134,179,1.0
case_0194,fusion_w0.60_t0.50,0.06325922530354514,0.6026200873099292,0.033381712626914896,229,4134,138,1.0
case_0194,fusion_w0.60_t0.55,0.051672433679234894,0.5572139303205366,0.027092404450829482,201,4134,112,1.0
case_0194,fusion_w0.60_t0.60,0.0,0.0,0.0,181,4134,0,0.0
case_0194,fusion_w0.60_t0.65,0.0,0.0,0.0,166,4134,0,0.0
case_0194,fusion_w0.70_t0.35,0.10304158907489543,0.35622317596056907,0.0602322206094334,699,4134,249,1.0
case_0194,fusion_w0.70_t0.40,0.07831453500728174,0.32566371680839534,0.044508950169219866,565,4134,184,1.0
case_0194,fusion_w0.70_t0.45,0.06404391582784985,0.5882352940929313,0.03386550556353685,238,4134,140,1.0
case_0194,fusion_w0.70_t0.50,0.049849988460535774,0.5427135678119239,0.02612481857758557,199,4134,108,1.0
case_0194,fusion_w0.70_t0.55,0.0,0.0,0.0,184,4134,0,0.0
case_0194,fusion_w0.70_t0.60,0.0,0.0,0.0,163,4134,0,0.0
case_0194,fusion_w0.70_t0.65,0.0,0.0,0.0,148,4134,0,0.0
case_0194,fusion_w0.80_t0.35,0.09416118421033273,0.31369863013268906,0.05539429124321385,730,4134,229,1.0
case_0194,fusion_w0.80_t0.40,0.07524836186836768,0.2981574539313541,0.043057571359354,597,4134,178,1.0
case_0194,fusion_w0.80_t0.45,0.057068741893521256,0.26829268292137615,0.03193033381704903,492,4134,132,1.0
case_0194,fusion_w0.80_t0.50,0.044963632356083395,0.2531017369664243,0.024673439767719706,403,4134,102,1.0
case_0194,fusion_w0.80_t0.55,0.0,0.0,0.0,173,4134,0,0.0
case_0194,fusion_w0.80_t0.60,0.0,0.0,0.0,155,4134,0,0.0
case_0194,fusion_w0.80_t0.65,0.0,0.0,0.0,135,4134,0,0.0
case_0198,nnunet,0.0,0.0,0.0,0,1110,0,0.0
case_0198,medformer_lcc_t0.25,0.7492283950588379,0.65519568150705,0.874774774766894,1482,1110,971,1.0
case_0198,union_t0.25,0.7492283950588379,0.65519568150705,0.874774774766894,1482,1110,971,1.0
case_0198,intersection_t0.25,0.0,0.0,0.0,0,1110,0,0.0
case_0198,medformer_lcc_t0.30,0.7623246492955418,0.6866425992730207,0.8567567567490383,1385,1110,951,1.0
case_0198,union_t0.30,0.7623246492955418,0.6866425992730207,0.8567567567490383,1385,1110,951,1.0
case_0198,intersection_t0.30,0.0,0.0,0.0,0,1110,0,0.0
case_0198,medformer_lcc_t0.35,0.7764804003303734,0.7228260869509098,0.8387387387311827,1288,1110,931,1.0
case_0198,union_t0.35,0.7764804003303734,0.7228260869509098,0.8387387387311827,1288,1110,931,1.0
case_0198,intersection_t0.35,0.0,0.0,0.0,0,1110,0,0.0
case_0198,medformer_lcc_t0.40,0.7846353042693801,0.7531068765471989,0.8189189189115413,1207,1110,909,1.0
case_0198,union_t0.40,0.7846353042693801,0.7531068765471989,0.8189189189115413,1207,1110,909,1.0
case_0198,intersection_t0.40,0.0,0.0,0.0,0,1110,0,0.0
case_0198,medformer_lcc_t0.45,0.7874999999964845,0.7805309734444201,0.7945945945874362,1130,1110,882,1.0
case_0198,union_t0.45,0.7874999999964845,0.7805309734444201,0.7945945945874362,1130,1110,882,1.0
case_0198,intersection_t0.45,0.0,0.0,0.0,0,1110,0,0.0
case_0198,medformer_lcc_t0.50,0.781524249419023,0.8018957345895555,0.7621621621552959,1055,1110,846,1.0
case_0198,union_t0.50,0.781524249419023,0.8018957345895555,0.7621621621552959,1055,1110,846,1.0
case_0198,intersection_t0.50,0.0,0.0,0.0,0,1110,0,0.0
case_0198,medformer_lcc_t0.55,0.7735490009477948,0.8195564516046415,0.732432432425834,992,1110,813,1.0
case_0198,union_t0.55,0.7735490009477948,0.8195564516046415,0.732432432425834,992,1110,813,1.0
case_0198,intersection_t0.55,0.0,0.0,0.0,0,1110,0,0.0
case_0198,medformer_lcc_t0.60,0.7492625368694726,0.8246753246663996,0.686486486480302,924,1110,762,1.0
case_0198,union_t0.60,0.7492625368694726,0.8246753246663996,0.686486486480302,924,1110,762,1.0
case_0198,intersection_t0.60,0.0,0.0,0.0,0,1110,0,0.0
case_0198,medformer_lcc_t0.65,0.7303199593665296,0.8370197904442722,0.6477477477419122,859,1110,719,1.0
case_0198,union_t0.65,0.7303199593665296,0.8370197904442722,0.6477477477419122,859,1110,719,1.0
case_0198,intersection_t0.65,0.0,0.0,0.0,0,1110,0,0.0
case_0198,medformer_lcc_t0.70,0.7169614984353957,0.848522167477235,0.6207207207151287,812,1110,689,1.0
case_0198,union_t0.70,0.7169614984353957,0.848522167477235,0.6207207207151287,812,1110,689,1.0
case_0198,intersection_t0.70,0.0,0.0,0.0,0,1110,0,0.0
case_0198,medformer_lcc_t0.75,0.7120808940888128,0.8699609882851761,0.602702702697273,769,1110,669,1.0
case_0198,union_t0.75,0.7120808940888128,0.8699609882851761,0.602702702697273,769,1110,669,1.0
case_0198,intersection_t0.75,0.0,0.0,0.0,0,1110,0,0.0
case_0198,fusion_w0.40_t0.35,0.6534653465308476,0.9242174629172287,0.5054054054008522,607,1110,561,1.0
case_0198,fusion_w0.40_t0.40,0.0,0.0,0.0,0,1110,0,0.0
case_0198,fusion_w0.40_t0.45,0.0,0.0,0.0,0,1110,0,0.0
case_0198,fusion_w0.40_t0.50,0.0,0.0,0.0,0,1110,0,0.0
case_0198,fusion_w0.40_t0.55,0.0,0.0,0.0,0,1110,0,0.0
case_0198,fusion_w0.40_t0.60,0.0,0.0,0.0,0,1110,0,0.0
case_0198,fusion_w0.40_t0.65,0.0,0.0,0.0,0,1110,0,0.0
case_0198,fusion_w0.50_t0.35,0.7169614984353957,0.848522167477235,0.6207207207151287,812,1110,689,1.0
case_0198,fusion_w0.50_t0.40,0.6920950801509559,0.8955650929771736,0.5639639639588833,699,1110,626,1.0
case_0198,fusion_w0.50_t0.45,0.6415094339584817,0.9283276450353528,0.4900900900856749,586,1110,544,1.0
case_0198,fusion_w0.50_t0.50,0.0,0.0,0.0,0,1110,0,0.0
case_0198,fusion_w0.50_t0.55,0.0,0.0,0.0,0,1110,0,0.0
case_0198,fusion_w0.50_t0.60,0.0,0.0,0.0,0,1110,0,0.0
case_0198,fusion_w0.50_t0.65,0.0,0.0,0.0,0,1110,0,0.0
case_0198,fusion_w0.60_t0.35,0.7578845220729846,0.8212407991501447,0.7036036035972649,951,1110,781,1.0
case_0198,fusion_w0.60_t0.40,0.7261538461501224,0.8428571428471089,0.6378378378320916,840,1110,708,1.0
case_0198,fusion_w0.60_t0.45,0.7120808940888128,0.8699609882851761,0.602702702697273,769,1110,669,1.0
case_0198,fusion_w0.60_t0.50,0.6734578381399352,0.9056316590425322,0.536036036031207,657,1110,595,1.0
case_0198,fusion_w0.60_t0.55,0.6271693596611181,0.934046345794402,0.4720720720678192,561,1110,524,1.0
case_0198,fusion_w0.60_t0.60,0.0,0.0,0.0,0,1110,0,0.0
case_0198,fusion_w0.60_t0.65,0.0,0.0,0.0,0,1110,0,0.0
case_0198,fusion_w0.70_t0.35,0.781524249419023,0.8018957345895555,0.7621621621552959,1055,1110,846,1.0
case_0198,fusion_w0.70_t0.40,0.7637415621949676,0.8215767634769546,0.7135135135070856,964,1110,792,1.0
case_0198,fusion_w0.70_t0.45,0.7334344967084804,0.8362168396674023,0.653153153147269,867,1110,725,1.0
case_0198,fusion_w0.70_t0.50,0.7148846960130247,0.854636591467987,0.6144144144088792,798,1110,682,1.0
case_0198,fusion_w0.70_t0.55,0.7033805888729369,0.8908839778882475,0.5810810810758462,724,1110,645,1.0
case_0198,fusion_w0.70_t0.60,0.6639862148152558,0.9160063391296988,0.5207207207160296,631,1110,578,1.0
case_0198,fusion_w0.70_t0.65,0.6190187764953421,0.9445471349178457,0.460360360356213,541,1110,511,1.0
case_0198,fusion_w0.80_t0.35,0.7876106194655416,0.7739130434715312,0.8018018017945784,1150,1110,890,1.0
case_0198,fusion_w0.80_t0.40,0.781524249419023,0.8018957345895555,0.7621621621552959,1055,1110,846,1.0
case_0198,fusion_w0.80_t0.45,0.7675312199771013,0.8220164608968928,0.719819819813335,972,1110,799,1.0
case_0198,fusion_w0.80_t0.50,0.7371056584840405,0.829763246890307,0.6630630630570896,887,1110,736,1.0
case_0198,fusion_w0.80_t0.55,0.720785935880451,0.8458737863975015,0.627927927922271,824,1110,697,1.0
case_0198,fusion_w0.80_t0.60,0.7120808940888128,0.8699609882851761,0.602702702697273,769,1110,669,1.0
case_0198,fusion_w0.80_t0.65,0.6885428253576833,0.8997093023125042,0.5576576576526338,688,1110,619,1.0
case_0199,nnunet,0.07621247113119971,0.999999999848485,0.03961584633829763,66,1666,66,1.0
case_0199,medformer_lcc_t0.25,0.6227361989949318,0.4892012341429921,0.8565426170416774,2917,1666,1427,1.0
case_0199,union_t0.25,0.6227361989949318,0.4892012341429921,0.8565426170416774,2917,1666,1427,1.0
case_0199,intersection_t0.25,0.07621247113119971,0.999999999848485,0.03961584633829763,66,1666,66,1.0
case_0199,medformer_lcc_t0.30,0.6323895809725201,0.5078210258257264,0.8379351740645983,2749,1666,1396,1.0
case_0199,union_t0.30,0.6323895809725201,0.5078210258257264,0.8379351740645983,2749,1666,1396,1.0
case_0199,intersection_t0.30,0.07621247113119971,0.999999999848485,0.03961584633829763,66,1666,66,1.0
case_0199,medformer_lcc_t0.35,0.6385087305317638,0.5260497667164618,0.8121248499351014,2572,1666,1353,1.0
case_0199,union_t0.35,0.6385087305317638,0.5260497667164618,0.8121248499351014,2572,1666,1353,1.0
case_0199,intersection_t0.35,0.07621247113119971,0.999999999848485,0.03961584633829763,66,1666,66,1.0
case_0199,medformer_lcc_t0.40,0.6401972872980514,0.5433235663434771,0.7791116446531866,2389,1666,1298,1.0
case_0199,union_t0.40,0.6401972872980514,0.5433235663434771,0.7791116446531866,2389,1666,1298,1.0
case_0199,intersection_t0.40,0.07621247113119971,0.999999999848485,0.03961584633829763,66,1666,66,1.0
case_0199,medformer_lcc_t0.45,0.6510188289898091,0.5707824513768848,0.7575030011959334,2211,1666,1262,1.0
case_0199,union_t0.45,0.6510188289898091,0.5707824513768848,0.7575030011959334,2211,1666,1262,1.0
case_0199,intersection_t0.45,0.07621247113119971,0.999999999848485,0.03961584633829763,66,1666,66,1.0
case_0199,medformer_lcc_t0.50,0.6556503198276769,0.5896452540719577,0.7382953181228195,2086,1666,1230,1.0
case_0199,union_t0.50,0.6556503198276769,0.5896452540719577,0.7382953181228195,2086,1666,1230,1.0
case_0199,intersection_t0.50,0.07621247113119971,0.999999999848485,0.03961584633829763,66,1666,66,1.0
case_0199,medformer_lcc_t0.55,0.658758620687838,0.6094946401194002,0.7166866746655661,1959,1666,1194,1.0
case_0199,union_t0.55,0.658758620687838,0.6094946401194002,0.7166866746655661,1959,1666,1194,1.0
case_0199,intersection_t0.55,0.07621247113119971,0.999999999848485,0.03961584633829763,66,1666,66,1.0
case_0199,medformer_lcc_t0.60,0.6560636182883952,0.6226415094306057,0.6932773109202085,1855,1666,1155,1.0
case_0199,union_t0.60,0.6560636182883952,0.6226415094306057,0.6932773109202085,1855,1666,1155,1.0
case_0199,intersection_t0.60,0.07621247113119971,0.999999999848485,0.03961584633829763,66,1666,66,1.0
case_0199,medformer_lcc_t0.65,0.6514115898940522,0.6450853443163915,0.6578631452541546,1699,1666,1096,1.0
case_0199,union_t0.65,0.6514115898940522,0.6450853443163915,0.6578631452541546,1699,1666,1096,1.0
case_0199,intersection_t0.65,0.07621247113119971,0.999999999848485,0.03961584633829763,66,1666,66,1.0
case_0199,medformer_lcc_t0.70,0.6395458845769804,0.6737541528194435,0.6086434573792999,1505,1666,1014,1.0
case_0199,union_t0.70,0.6395458845769804,0.6737541528194435,0.6086434573792999,1505,1666,1014,1.0
case_0199,intersection_t0.70,0.07621247113119971,0.999999999848485,0.03961584633829763,66,1666,66,1.0
case_0199,medformer_lcc_t0.75,0.6184818481827773,0.6869501466225297,0.5624249699846193,1364,1666,937,1.0
case_0199,union_t0.75,0.6184818481827773,0.6869501466225297,0.5624249699846193,1364,1666,937,1.0
case_0199,intersection_t0.75,0.07621247113119971,0.999999999848485,0.03961584633829763,66,1666,66,1.0
case_0199,fusion_w0.40_t0.35,0.5661337209281754,0.7173112338792145,0.46758703481111896,1086,1666,779,1.0
case_0199,fusion_w0.40_t0.40,0.07621247113119971,0.999999999848485,0.03961584633829763,66,1666,66,1.0
case_0199,fusion_w0.40_t0.45,0.07621247113119971,0.999999999848485,0.03961584633829763,66,1666,66,1.0
case_0199,fusion_w0.40_t0.50,0.07621247113119971,0.999999999848485,0.03961584633829763,66,1666,66,1.0
case_0199,fusion_w0.40_t0.55,0.07621247113119971,0.999999999848485,0.03961584633829763,66,1666,66,1.0
case_0199,fusion_w0.40_t0.60,0.07621247113119971,0.999999999848485,0.03961584633829763,66,1666,66,1.0
case_0199,fusion_w0.40_t0.65,0.07621247113119971,0.999999999848485,0.03961584633829763,66,1666,66,1.0
case_0199,fusion_w0.50_t0.35,0.6395458845769804,0.6737541528194435,0.6086434573792999,1505,1666,1014,1.0
case_0199,fusion_w0.50_t0.40,0.5951152390760402,0.6970185334351571,0.5192076830701128,1241,1666,865,1.0
case_0199,fusion_w0.50_t0.45,0.5522609340231569,0.7218992247992064,0.44717887154593533,1032,1666,745,1.0
case_0199,fusion_w0.50_t0.50,0.07621247113119971,0.999999999848485,0.03961584633829763,66,1666,66,1.0
case_0199,fusion_w0.50_t0.55,0.07621247113119971,0.999999999848485,0.03961584633829763,66,1666,66,1.0
case_0199,fusion_w0.50_t0.60,0.07621247113119971,0.999999999848485,0.03961584633829763,66,1666,66,1.0
case_0199,fusion_w0.50_t0.65,0.07621247113119971,0.999999999848485,0.03961584633829763,66,1666,66,1.0
case_0199,fusion_w0.60_t0.35,0.6572875633070983,0.6186440677933335,0.701080432168661,1888,1666,1168,1.0
case_0199,fusion_w0.60_t0.40,0.648599269181947,0.6582200247178108,0.6392557022770753,1618,1666,1065,1.0
case_0199,fusion_w0.60_t0.45,0.6184818481827773,0.6869501466225297,0.5624249699846193,1364,1666,937,1.0
case_0199,fusion_w0.60_t0.50,0.5871172122471414,0.7097872340365126,0.5006002400930336,1175,1666,834,1.0
case_0199,fusion_w0.60_t0.55,0.5417607223455916,0.7258064516055867,0.43217286914506503,992,1666,720,1.0
case_0199,fusion_w0.60_t0.60,0.07621247113119971,0.999999999848485,0.03961584633829763,66,1666,66,1.0
case_0199,fusion_w0.60_t0.65,0.07621247113119971,0.999999999848485,0.03961584633829763,66,1666,66,1.0
case_0199,fusion_w0.70_t0.35,0.6556503198276769,0.5896452540719577,0.7382953181228195,2086,1666,1230,1.0
case_0199,fusion_w0.70_t0.40,0.6569751188128125,0.614861329143826,0.7052821128409047,1911,1666,1175,1.0
case_0199,fusion_w0.70_t0.45,0.6540731995258144,0.6434378629463215,0.6650660264065723,1722,1666,1108,1.0
case_0199,fusion_w0.70_t0.50,0.6338343460165212,0.6783025325073354,0.5948379351704992,1461,1666,991,1.0
case_0199,fusion_w0.70_t0.55,0.59870439822503,0.6929755327490689,0.5270108043185654,1267,1666,878,1.0
case_0199,fusion_w0.70_t0.60,0.5783822476715161,0.7163120567312384,0.48499399759612855,1128,1666,808,1.0
case_0199,fusion_w0.70_t0.65,0.5376999238364901,0.7354166666590061,0.42376950780057765,960,1666,706,1.0
case_0199,fusion_w0.80_t0.35,0.6488413547220554,0.5634674922575699,0.7647058823483511,2261,1666,1274,1.0
case_0199,fusion_w0.80_t0.40,0.6556503198276769,0.5896452540719577,0.7382953181228195,2086,1666,1230,1.0
case_0199,fusion_w0.80_t0.45,0.65831942125582,0.6135892116150747,0.7100840336091833,1928,1666,1183,1.0
case_0199,fusion_w0.80_t0.50,0.6554621848720502,0.6336134453746016,0.6788715486153729,1785,1666,1131,1.0
case_0199,fusion_w0.80_t0.55,0.6437499999979883,0.6714471968665486,0.618247298915857,1534,1666,1030,1.0
case_0199,fusion_w0.80_t0.60,0.6184818481827773,0.6869501466225297,0.5624249699846193,1364,1666,937,1.0
case_0199,fusion_w0.80_t0.65,0.5904828065279942,0.7007419620717169,0.5102040816295906,1213,1666,850,1.0
case_0203,nnunet,0.0,0.0,0.0,0,7403,0,0.0
case_0203,medformer_lcc_t0.25,0.7539767298067821,0.6456488255673415,0.9059840605147832,10388,7403,6707,1.0
case_0203,union_t0.25,0.7539767298067821,0.6456488255673415,0.9059840605147832,10388,7403,6707,1.0
case_0203,intersection_t0.25,0.0,0.0,0.0,0,7403,0,0.0
case_0203,medformer_lcc_t0.30,0.7639683365107968,0.6675080775437524,0.8930163447239051,9904,7403,6611,1.0
case_0203,union_t0.30,0.7639683365107968,0.6675080775437524,0.8930163447239051,9904,7403,6611,1.0
case_0203,intersection_t0.30,0.0,0.0,0.0,0,7403,0,0.0
case_0203,medformer_lcc_t0.35,0.7703939984637188,0.684547554061847,0.880859111169957,9526,7403,6521,1.0
case_0203,union_t0.35,0.7703939984637188,0.684547554061847,0.880859111169957,9526,7403,6521,1.0
case_0203,intersection_t0.35,0.0,0.0,0.0,0,7403,0,0.0
case_0203,medformer_lcc_t0.40,0.7759820834085249,0.7030050449652302,0.8658651897867542,9118,7403,6410,1.0
case_0203,union_t0.40,0.7759820834085249,0.7030050449652302,0.8658651897867542,9118,7403,6410,1.0
case_0203,intersection_t0.40,0.0,0.0,0.0,0,7403,0,0.0
case_0203,medformer_lcc_t0.45,0.7805574523553414,0.7221456466796207,0.8492503039296917,8706,7403,6287,1.0
case_0203,union_t0.45,0.7805574523553414,0.7221456466796207,0.8492503039296917,8706,7403,6287,1.0
case_0203,intersection_t0.45,0.0,0.0,0.0,0,7403,0,0.0
case_0203,medformer_lcc_t0.50,0.7821128835922979,0.7438459663651671,0.8245305957033304,8206,7403,6104,1.0
case_0203,union_t0.50,0.7821128835922979,0.7438459663651671,0.8245305957033304,8206,7403,6104,1.0
case_0203,intersection_t0.50,0.0,0.0,0.0,0,7403,0,0.0
case_0203,medformer_lcc_t0.55,0.7779981488822041,0.7618800984063682,0.7948129136825681,7723,7403,5884,1.0
case_0203,union_t0.55,0.7779981488822041,0.7618800984063682,0.7948129136825681,7723,7403,5884,1.0
case_0203,intersection_t0.55,0.0,0.0,0.0,0,7403,0,0.0
case_0203,medformer_lcc_t0.60,0.7799170011560106,0.7856359649112039,0.7742806970136779,7296,7403,5732,1.0
case_0203,union_t0.60,0.7799170011560106,0.7856359649112039,0.7742806970136779,7296,7403,5732,1.0
case_0203,intersection_t0.60,0.0,0.0,0.0,0,7403,0,0.0
case_0203,medformer_lcc_t0.65,0.7771244575103058,0.8064797326735341,0.7498311495329598,6883,7403,5551,1.0
case_0203,union_t0.65,0.7771244575103058,0.8064797326735341,0.7498311495329598,6883,7403,5551,1.0
case_0203,intersection_t0.65,0.0,0.0,0.0,0,7403,0,0.0
case_0203,medformer_lcc_t0.70,0.7691751608466932,0.8273716951775624,0.7186275834111595,6430,7403,5320,1.0
case_0203,union_t0.70,0.7691751608466932,0.8273716951775624,0.7186275834111595,6430,7403,5320,1.0
case_0203,intersection_t0.70,0.0,0.0,0.0,0,7403,0,0.0
case_0203,medformer_lcc_t0.75,0.7624831309036119,0.8567818028629204,0.6868836957980726,5935,7403,5085,1.0
case_0203,union_t0.75,0.7624831309036119,0.8567818028629204,0.6868836957980726,5935,7403,5085,1.0
case_0203,intersection_t0.75,0.0,0.0,0.0,0,7403,0,0.0
case_0203,fusion_w0.40_t0.35,0.6609838394595444,0.9644985747578013,0.5027691476421684,3859,7403,3722,1.0
case_0203,fusion_w0.40_t0.40,0.0,0.0,0.0,0,7403,0,0.0
case_0203,fusion_w0.40_t0.45,0.0,0.0,0.0,0,7403,0,0.0
case_0203,fusion_w0.40_t0.50,0.0,0.0,0.0,0,7403,0,0.0
case_0203,fusion_w0.40_t0.55,0.0,0.0,0.0,0,7403,0,0.0
case_0203,fusion_w0.40_t0.60,0.0,0.0,0.0,0,7403,0,0.0
case_0203,fusion_w0.40_t0.65,0.0,0.0,0.0,0,7403,0,0.0
case_0203,fusion_w0.50_t0.35,0.7691751608466932,0.8273716951775624,0.7186275834111595,6430,7403,5320,1.0
case_0203,fusion_w0.50_t0.40,0.7484836549816869,0.8977702191970942,0.6417668512756426,5292,7403,4751,1.0
case_0203,fusion_w0.50_t0.45,0.6106728538277395,0.9756820877788385,0.44441442658321706,3372,7403,3290,1.0
case_0203,fusion_w0.50_t0.50,0.0,0.0,0.0,0,7403,0,0.0
case_0203,fusion_w0.50_t0.55,0.0,0.0,0.0,0,7403,0,0.0
case_0203,fusion_w0.50_t0.60,0.0,0.0,0.0,0,7403,0,0.0
case_0203,fusion_w0.50_t0.65,0.0,0.0,0.0,0,7403,0,0.0
case_0203,fusion_w0.60_t0.35,0.7796952945929757,0.7782263490771387,0.7811697960275819,7431,7403,5783,1.0
case_0203,fusion_w0.60_t0.40,0.77481429076705,0.8134284016624875,0.7397001215713364,6732,7403,5476,1.0
case_0203,fusion_w0.60_t0.45,0.7624831309036119,0.8567818028629204,0.6868836957980726,5935,7403,5085,1.0
case_0203,fusion_w0.60_t0.50,0.7266721717582768,0.9347779902253351,0.5943536404152447,4707,7403,4400,1.0
case_0203,fusion_w0.60_t0.55,0.5738332058142943,0.9826400262005155,0.40524111846493954,3053,7403,3000,1.0
case_0203,fusion_w0.60_t0.60,0.0,0.0,0.0,0,7403,0,0.0
case_0203,fusion_w0.60_t0.65,0.0,0.0,0.0,0,7403,0,0.0
case_0203,fusion_w0.70_t0.35,0.7821128835922979,0.7438459663651671,0.8245305957033304,8206,7403,6104,1.0
case_0203,fusion_w0.70_t0.40,0.7788628762536596,0.7714323572270154,0.786437930567626,7547,7403,5822,1.0
case_0203,fusion_w0.70_t0.45,0.7772511848335815,0.8028797696172745,0.753208158853501,6945,7403,5576,1.0
case_0203,fusion_w0.70_t0.50,0.7659046088665795,0.8338104325686485,0.7082263947038927,6288,7403,5243,1.0
case_0203,fusion_w0.70_t0.55,0.7532386936616606,0.8846574344007204,0.6558152100490938,5488,7403,4855,1.0
case_0203,fusion_w0.70_t0.60,0.6937231298360329,0.9543411402863631,0.5449142239625221,4227,7403,4034,1.0
case_0203,fusion_w0.70_t0.65,0.5483650561244037,0.9883884588283308,0.37944076725600506,2842,7403,2809,1.0
case_0203,fusion_w0.80_t0.35,0.7800814513138467,0.7180506645453617,0.8538430366056277,8803,7403,6321,1.0
case_0203,fusion_w0.80_t0.40,0.7821128835922979,0.7438459663651671,0.8245305957033304,8206,7403,6104,1.0
case_0203,fusion_w0.80_t0.45,0.7782142619343643,0.7673319327721018,0.7894096987697022,7616,7403,5844,1.0
case_0203,fusion_w0.80_t0.50,0.7783902976841384,0.7944858629894578,0.7629339456966595,7109,7403,5648,1.0
case_0203,fusion_w0.80_t0.55,0.7709737559151219,0.8216414488754064,0.7261920842891717,6543,7403,5376,1.0
case_0203,fusion_w0.80_t0.60,0.7624831309036119,0.8567818028629204,0.6868836957980726,5935,7403,5085,1.0
case_0203,fusion_w0.80_t0.65,0.741997439179944,0.9102689966602979,0.6262326084011532,5093,7403,4636,1.0
case_0213,nnunet,0.03946764570898047,0.18507890960997017,0.022089041095852587,697,5840,129,1.0
case_0213,medformer_lcc_t0.25,0.3693464135556317,0.2940758774596327,0.4964041095881911,9858,5840,2899,1.0
case_0213,union_t0.25,0.3673725097103324,0.28966607389815285,0.5020547945196883,10122,5840,2932,1.0
case_0213,intersection_t0.25,0.03060736489712959,0.22170900692328616,0.016438356164355412,433,5840,96,1.0
case_0213,medformer_lcc_t0.30,0.3577192038728095,0.29450841452580323,0.4554794520540146,9032,5840,2660,1.0
case_0213,union_t0.30,0.3564421620907522,0.28954968445792106,0.4635273972594803,9349,5840,2707,1.0
case_0213,intersection_t0.30,0.026366559485488158,0.21578947367853185,0.014041095890386917,380,5840,82,1.0
case_0213,medformer_lcc_t0.35,0.3453349366907085,0.2942027238757452,0.4179794520540788,8297,5840,2441,1.0
case_0213,union_t0.35,0.34441379310321074,0.28833718244770395,0.4275684931499528,8660,5840,2497,1.0
case_0213,intersection_t0.35,0.023647554259760856,0.21856287424495321,0.012499999999978596,334,5840,73,1.0
case_0213,medformer_lcc_t0.40,0.3311572700294279,0.29214659685825634,0.38219178082126337,7640,5840,2232,1.0
case_0213,union_t0.40,0.3305475504320385,0.2853233830842222,0.3928082191774096,8040,5840,2294,1.0
case_0213,intersection_t0.40,0.021834772690203952,0.22558922558163,0.011472602739706383,297,5840,67,1.0
case_0213,medformer_lcc_t0.45,0.3194379391098209,0.2935437589665803,0.35034246575282474,6970,5840,2046,1.0
case_0213,union_t0.45,0.31960784313701385,0.28557951482441296,0.3628424657528034,7420,5840,2119,1.0
case_0213,intersection_t0.45,0.01839986857233711,0.22672064776410036,0.009589041095873992,247,5840,56,1.0
case_0213,medformer_lcc_t0.50,0.30685653140150887,0.2954509430966945,0.3191780821912343,6309,5840,1864,1.0
case_0213,union_t0.50,0.3070467141723618,0.2855670103088578,0.332020547944637,6790,5840,1939,1.0
case_0213,intersection_t0.50,0.017833553500631056,0.24999999998842592,0.00924657534244992,216,5840,54,1.0
case_0213,medformer_lcc_t0.55,0.29131604060007693,0.29523474591120935,0.2874999999995077,5687,5840,1679,1.0
case_0213,union_t0.55,0.29170131381981396,0.2835434852889047,0.3003424657529104,6186,5840,1754,1.0
case_0213,intersection_t0.55,0.017886717456081672,0.2727272727134986,0.00924657534244992,198,5840,54,1.0
case_0213,medformer_lcc_t0.60,0.2735528850561659,0.2946058091280486,0.255308219177645,5061,5840,1491,1.0
case_0213,union_t0.60,0.27461639631716384,0.2814016172501682,0.2681506849310477,5565,5840,1566,1.0
case_0213,intersection_t0.60,0.017901541521601356,0.2797927460994926,0.00924657534244992,193,5840,54,1.0
case_0213,medformer_lcc_t0.65,0.25475470593947647,0.2959438024013235,0.22363013698591844,4413,5840,1306,1.0
case_0213,union_t0.65,0.2563816949779482,0.27995134806349087,0.2364726027393211,4933,5840,1381,1.0
case_0213,intersection_t0.65,0.01794914409171024,0.30508474574547545,0.00924657534244992,177,5840,54,1.0
case_0213,medformer_lcc_t0.70,0.23628160738617532,0.3050663776746002,0.19280821917775204,3691,5840,1126,1.0
case_0213,union_t0.70,0.23842110482967527,0.28329012491095146,0.20582191780786674,4243,5840,1202,1.0
case_0213,intersection_t0.70,0.01771094402670391,0.36551724135410224,0.009075342465737884,145,5840,53,1.0
case_0213,medformer_lcc_t0.75,0.20735242954864042,0.3212360761756334,0.1530821917805598,2783,5840,894,1.0
case_0213,union_t0.75,0.21320897950307643,0.29074238390922585,0.16832191780793096,3381,5840,983,1.0
case_0213,intersection_t0.75,0.013470281192097205,0.4040404039995919,0.006849315068481423,99,5840,40,1.0
case_0213,fusion_w0.40_t0.35,0.15206781402497807,0.3042137718381079,0.10136986301352505,1946,5840,592,1.0
case_0213,fusion_w0.40_t0.40,0.03946764570898047,0.18507890960997017,0.022089041095852587,697,5840,129,1.0
case_0213,fusion_w0.40_t0.45,0.03946764570898047,0.18507890960997017,0.022089041095852587,697,5840,129,1.0
case_0213,fusion_w0.40_t0.50,0.03946764570898047,0.18507890960997017,0.022089041095852587,697,5840,129,1.0
case_0213,fusion_w0.40_t0.55,0.03946764570898047,0.18507890960997017,0.022089041095852587,697,5840,129,1.0
case_0213,fusion_w0.40_t0.60,0.03946764570898047,0.18507890960997017,0.022089041095852587,697,5840,129,1.0
case_0213,fusion_w0.40_t0.65,0.03750586029061181,0.21466905187451396,0.020547945205444267,559,5840,120,1.0
case_0213,fusion_w0.50_t0.35,0.23842110482967527,0.28329012491095146,0.20582191780786674,4243,5840,1202,1.0
case_0213,fusion_w0.50_t0.40,0.16623559840093316,0.2651912978234614,0.12106164383540914,2666,5840,707,1.0
case_0213,fusion_w0.50_t0.45,0.14542438484912162,0.37733142037032047,0.09006849315053071,1394,5840,526,1.0
case_0213,fusion_w0.50_t0.50,0.03946764570898047,0.18507890960997017,0.022089041095852587,697,5840,129,1.0
case_0213,fusion_w0.50_t0.55,0.03829985987850179,0.21097770154012044,0.021061643835580374,583,5840,123,1.0
case_0213,fusion_w0.50_t0.60,0.03352308665396344,0.21900826445828495,0.01815068493147577,484,5840,106,1.0
case_0213,fusion_w0.50_t0.65,0.026366559485488158,0.21578947367853185,0.014041095890386917,380,5840,82,1.0
case_0213,fusion_w0.60_t0.35,0.2805141033379793,0.2826351468793975,0.2784246575337698,5753,5840,1626,1.0
case_0213,fusion_w0.60_t0.40,0.24907521578274772,0.27918349989309127,0.2248287671229027,4703,5840,1313,1.0
case_0213,fusion_w0.60_t0.45,0.2146223829878169,0.29820286323393785,0.1676369863010828,3283,5840,979,1.0
case_0213,fusion_w0.60_t0.50,0.16120150187714494,0.29953488371953707,0.1102739726025509,2150,5840,644,1.0
case_0213,fusion_w0.60_t0.55,0.12381369542980901,0.42021803765688587,0.07260273972590307,1009,5840,424,1.0
case_0213,fusion_w0.60_t0.60,0.024256144889999585,0.21802325580761558,0.012842465753402667,344,5840,75,1.0
case_0213,fusion_w0.60_t0.65,0.020254818686670607,0.2198581560205724,0.010616438356146205,282,5840,62,1.0
case_0213,fusion_w0.70_t0.35,0.30874730882680107,0.28891210267081197,0.33150684931450086,6701,5840,1936,1.0
case_0213,fusion_w0.70_t0.40,0.28773259820788444,0.2895284327318143,0.2859589041090994,5768,5840,1670,1.0
case_0213,fusion_w0.70_t0.45,0.2592348904969835,0.28735153156847815,0.23613013698589705,4799,5840,1379,1.0
case_0213,fusion_w0.70_t0.50,0.2294703723122921,0.29607577807768315,0.1873287671229669,3695,5840,1094,1.0
case_0213,fusion_w0.70_t0.55,0.18312387791719553,0.3041749502970013,0.1309931506847072,2515,5840,765,1.0
case_0213,fusion_w0.70_t0.60,0.1462571466558353,0.32718619868930887,0.09417808219161956,1681,5840,550,1.0
case_0213,fusion_w0.70_t0.65,0.08779714738496387,0.58936170211512,0.04743150684923385,470,5840,277,1.0
case_0213,fusion_w0.80_t0.35,0.32334695112700607,0.2896448902137576,0.36592465753362,7378,5840,2137,1.0
case_0213,fusion_w0.80_t0.40,0.30826459647395416,0.29206251915370507,0.3263698630131398,6526,5840,1906,1.0
case_0213,fusion_w0.80_t0.45,0.2883632267565303,0.2918786177858413,0.2849315068488272,5701,5840,1664,1.0
case_0213,fusion_w0.80_t0.50,0.26643017176972883,0.29289819375966153,0.24434931506807475,4872,5840,1427,1.0
case_0213,fusion_w0.80_t0.55,0.2399349328993087,0.29529529529455634,0.20205479452020197,3996,5840,1180,1.0
case_0213,fusion_w0.80_t0.60,0.20778032036589497,0.3131034482747824,0.1554794520545283,2900,5840,908,1.0
case_0213,fusion_w0.80_t0.65,0.15573874445129265,0.3002444987760379,0.10513698630118984,2045,5840,614,1.0
case_0216,nnunet,0.34600852158505824,0.9759637188164356,0.21027946062125238,2205,10234,2152,1.0
case_0216,medformer_lcc_t0.25,0.0,0.0,0.0,7731,10234,0,0.0
case_0216,union_t0.25,0.0,0.0,0.0,7731,10234,0,0.0
case_0216,intersection_t0.25,0.0,0.0,0.0,0,10234,0,0.0
case_0216,medformer_lcc_t0.30,0.0,0.0,0.0,3748,10234,0,0.0
case_0216,union_t0.30,0.0,0.0,0.0,3748,10234,0,0.0
case_0216,intersection_t0.30,0.0,0.0,0.0,0,10234,0,0.0
case_0216,medformer_lcc_t0.35,0.0,0.0,0.0,3290,10234,0,0.0
case_0216,union_t0.35,0.0,0.0,0.0,3290,10234,0,0.0
case_0216,intersection_t0.35,0.0,0.0,0.0,0,10234,0,0.0
case_0216,medformer_lcc_t0.40,0.0,0.0,0.0,2832,10234,0,0.0
case_0216,union_t0.40,0.0,0.0,0.0,2832,10234,0,0.0
case_0216,intersection_t0.40,0.0,0.0,0.0,0,10234,0,0.0
case_0216,medformer_lcc_t0.45,0.0,0.0,0.0,2392,10234,0,0.0
case_0216,union_t0.45,0.0,0.0,0.0,2392,10234,0,0.0
case_0216,intersection_t0.45,0.0,0.0,0.0,0,10234,0,0.0
case_0216,medformer_lcc_t0.50,0.0,0.0,0.0,2020,10234,0,0.0
case_0216,union_t0.50,0.34600852158505824,0.9759637188164356,0.21027946062125238,2205,10234,2152,1.0
case_0216,intersection_t0.50,0.0,0.0,0.0,0,10234,0,0.0
case_0216,medformer_lcc_t0.55,0.0,0.0,0.0,1721,10234,0,0.0
case_0216,union_t0.55,0.34600852158505824,0.9759637188164356,0.21027946062125238,2205,10234,2152,1.0
case_0216,intersection_t0.55,0.0,0.0,0.0,0,10234,0,0.0
case_0216,medformer_lcc_t0.60,0.0,0.0,0.0,1447,10234,0,0.0
case_0216,union_t0.60,0.34600852158505824,0.9759637188164356,0.21027946062125238,2205,10234,2152,1.0
case_0216,intersection_t0.60,0.0,0.0,0.0,0,10234,0,0.0
case_0216,medformer_lcc_t0.65,0.0,0.0,0.0,1208,10234,0,0.0
case_0216,union_t0.65,0.34600852158505824,0.9759637188164356,0.21027946062125238,2205,10234,2152,1.0
case_0216,intersection_t0.65,0.0,0.0,0.0,0,10234,0,0.0
case_0216,medformer_lcc_t0.70,0.0,0.0,0.0,933,10234,0,0.0
case_0216,union_t0.70,0.34600852158505824,0.9759637188164356,0.21027946062125238,2205,10234,2152,1.0
case_0216,intersection_t0.70,0.0,0.0,0.0,0,10234,0,0.0
case_0216,medformer_lcc_t0.75,0.0,0.0,0.0,693,10234,0,0.0
case_0216,union_t0.75,0.34600852158505824,0.9759637188164356,0.21027946062125238,2205,10234,2152,1.0
case_0216,intersection_t0.75,0.0,0.0,0.0,0,10234,0,0.0
case_0216,fusion_w0.40_t0.35,0.34600852158505824,0.9759637188164356,0.21027946062125238,2205,10234,2152,1.0
case_0216,fusion_w0.40_t0.40,0.34600852158505824,0.9759637188164356,0.21027946062125238,2205,10234,2152,1.0
case_0216,fusion_w0.40_t0.45,0.34600852158505824,0.9759637188164356,0.21027946062125238,2205,10234,2152,1.0
case_0216,fusion_w0.40_t0.50,0.34600852158505824,0.9759637188164356,0.21027946062125238,2205,10234,2152,1.0
case_0216,fusion_w0.40_t0.55,0.34600852158505824,0.9759637188164356,0.21027946062125238,2205,10234,2152,1.0
case_0216,fusion_w0.40_t0.60,0.34600852158505824,0.9759637188164356,0.21027946062125238,2205,10234,2152,1.0
case_0216,fusion_w0.40_t0.65,0.22362613587172336,0.9780469341333987,0.12624584717595635,1321,10234,1292,1.0
case_0216,fusion_w0.50_t0.35,0.3485310643760246,0.9761690647438123,0.2121360171973694,2224,10234,2171,1.0
case_0216,fusion_w0.50_t0.40,0.34600852158505824,0.9759637188164356,0.21027946062125238,2205,10234,2152,1.0
case_0216,fusion_w0.50_t0.45,0.34600852158505824,0.9759637188164356,0.21027946062125238,2205,10234,2152,1.0
case_0216,fusion_w0.50_t0.50,0.34600852158505824,0.9759637188164356,0.21027946062125238,2205,10234,2152,1.0
case_0216,fusion_w0.50_t0.55,0.24639289678114368,0.9756592292023283,0.14100058628088624,1479,10234,1443,1.0
case_0216,fusion_w0.50_t0.60,0.14483821263469152,0.9999999999874843,0.07807308970092039,799,10234,799,1.0
case_0216,fusion_w0.50_t0.65,0.00933670492121247,0.9999999997916666,0.004690248192295593,48,10234,48,1.0
case_0216,fusion_w0.60_t0.35,0.3580207501992354,0.9769163763023654,0.2191713894858128,2296,10234,2243,1.0
case_0216,fusion_w0.60_t0.40,0.3507815631259713,0.9763498438153666,0.2137971467654741,2241,10234,2188,1.0
case_0216,fusion_w0.60_t0.45,0.25935964763657515,0.9739185750574179,0.14959937463342818,1572,10234,1531,1.0
case_0216,fusion_w0.60_t0.50,0.17201998572432903,0.9897330595380931,0.09419581786193648,974,10234,964,1.0
case_0216,fusion_w0.60_t0.55,0.044520875131322704,0.9999999999570816,0.022767246433434855,233,10234,233,1.0
case_0216,fusion_w0.60_t0.60,0.009143079466969026,0.999999999787234,0.004592534688289435,47,10234,47,1.0
case_0216,fusion_w0.60_t0.65,0.0075927187773702,0.9999999997435898,0.0038108266562401688,39,10234,39,1.0
case_0216,fusion_w0.70_t0.35,0.0,0.0,0.0,2020,10234,0,0.0
case_0216,fusion_w0.70_t0.40,0.0,0.0,0.0,1607,10234,0,0.0
case_0216,fusion_w0.70_t0.45,0.0,0.0,0.0,1248,10234,0,0.0
case_0216,fusion_w0.70_t0.50,0.0,0.0,0.0,879,10234,0,0.0
case_0216,fusion_w0.70_t0.55,0.0,0.0,0.0,513,10234,0,0.0
case_0216,fusion_w0.70_t0.60,0.0,0.0,0.0,163,10234,0,0.0
case_0216,fusion_w0.70_t0.65,0.0,0.0,0.0,66,10234,0,0.0
case_0216,fusion_w0.80_t0.35,0.0,0.0,0.0,2484,10234,0,0.0
case_0216,fusion_w0.80_t0.40,0.0,0.0,0.0,2020,10234,0,0.0
case_0216,fusion_w0.80_t0.45,0.0,0.0,0.0,1657,10234,0,0.0
case_0216,fusion_w0.80_t0.50,0.0,0.0,0.0,1326,10234,0,0.0
case_0216,fusion_w0.80_t0.55,0.0,0.0,0.0,1005,10234,0,0.0
case_0216,fusion_w0.80_t0.60,0.0,0.0,0.0,693,10234,0,0.0
case_0216,fusion_w0.80_t0.65,0.0,0.0,0.0,379,10234,0,0.0
case_0222,nnunet,0.0,0.0,0.0,0,3610,0,0.0
case_0222,medformer_lcc_t0.25,0.663163928161384,0.5061242344699531,0.9614958448726829,6858,3610,3471,1.0
case_0222,union_t0.25,0.663163928161384,0.5061242344699531,0.9614958448726829,6858,3610,3471,1.0
case_0222,intersection_t0.25,0.0,0.0,0.0,0,3610,0,0.0
case_0222,medformer_lcc_t0.30,0.6764647859531697,0.525275735293313,0.9498614958422442,6528,3610,3429,1.0
case_0222,union_t0.30,0.6764647859531697,0.525275735293313,0.9498614958422442,6528,3610,3429,1.0
case_0222,intersection_t0.30,0.0,0.0,0.0,0,3610,0,0.0
case_0222,medformer_lcc_t0.35,0.6882418585769623,0.5429806307018681,0.9396121883630482,6247,3610,3392,1.0
case_0222,union_t0.35,0.6882418585769623,0.5429806307018681,0.9396121883630482,6247,3610,3392,1.0
case_0222,intersection_t0.35,0.0,0.0,0.0,0,3610,0,0.0
case_0222,medformer_lcc_t0.40,0.6989359482571469,0.5605756358759026,0.9279778393326095,5976,3610,3350,1.0
case_0222,union_t0.40,0.6989359482571469,0.5605756358759026,0.9279778393326095,5976,3610,3350,1.0
case_0222,intersection_t0.40,0.0,0.0,0.0,0,3610,0,0.0
case_0222,medformer_lcc_t0.45,0.7101620345523015,0.5796111403037667,0.9166204986124193,5709,3610,3309,1.0
case_0222,union_t0.45,0.7101620345523015,0.5796111403037667,0.9166204986124193,5709,3610,3309,1.0
case_0222,intersection_t0.45,0.0,0.0,0.0,0,3610,0,0.0
case_0222,medformer_lcc_t0.50,0.717621145373659,0.5956124314431525,0.9024930747897438,5470,3610,3258,1.0
case_0222,union_t0.50,0.717621145373659,0.5956124314431525,0.9024930747897438,5470,3610,3258,1.0
case_0222,intersection_t0.50,0.0,0.0,0.0,0,3610,0,0.0
case_0222,medformer_lcc_t0.55,0.7234715787086411,0.6109944645913132,0.886703601105577,5239,3610,3201,1.0
case_0222,union_t0.55,0.7234715787086411,0.6109944645913132,0.886703601105577,5239,3610,3201,1.0
case_0222,intersection_t0.55,0.0,0.0,0.0,0,3610,0,0.0
case_0222,medformer_lcc_t0.60,0.7317980925788184,0.6307137129097219,0.8714681440419073,4988,3610,3146,1.0
case_0222,union_t0.60,0.7317980925788184,0.6307137129097219,0.8714681440419073,4988,3610,3146,1.0
case_0222,intersection_t0.60,0.0,0.0,0.0,0,3610,0,0.0
case_0222,medformer_lcc_t0.65,0.7366017784177642,0.6504668930376688,0.8490304709117755,4712,3610,3065,1.0
case_0222,union_t0.65,0.7366017784177642,0.6504668930376688,0.8490304709117755,4712,3610,3065,1.0
case_0222,intersection_t0.65,0.0,0.0,0.0,0,3610,0,0.0
case_0222,medformer_lcc_t0.70,0.7427559154741962,0.6836710924745314,0.8130193905794654,4293,3610,2935,1.0
case_0222,union_t0.70,0.7427559154741962,0.6836710924745314,0.8130193905794654,4293,3610,2935,1.0
case_0222,intersection_t0.70,0.0,0.0,0.0,0,3610,0,0.0
case_0222,medformer_lcc_t0.75,0.7317203582398988,0.70705244122783,0.7581717451502544,3871,3610,2737,1.0
case_0222,union_t0.75,0.7317203582398988,0.70705244122783,0.7581717451502544,3871,3610,2737,1.0
case_0222,intersection_t0.75,0.0,0.0,0.0,0,3610,0,0.0
case_0222,fusion_w0.40_t0.35,0.6145306122438946,0.7483101391620346,0.5213296398877526,2515,3610,1882,1.0
case_0222,fusion_w0.40_t0.40,0.0,0.0,0.0,0,3610,0,0.0
case_0222,fusion_w0.40_t0.45,0.0,0.0,0.0,0,3610,0,0.0
case_0222,fusion_w0.40_t0.50,0.0,0.0,0.0,0,3610,0,0.0
case_0222,fusion_w0.40_t0.55,0.0,0.0,0.0,0,3610,0,0.0
case_0222,fusion_w0.40_t0.60,0.0,0.0,0.0,0,3610,0,0.0
case_0222,fusion_w0.40_t0.65,0.0,0.0,0.0,0,3610,0,0.0
case_0222,fusion_w0.50_t0.35,0.7427559154741962,0.6836710924745314,0.8130193905794654,4293,3610,2935,1.0
case_0222,fusion_w0.50_t0.40,0.7114074914859373,0.7292030250124224,0.6944598337930902,3438,3610,2507,1.0
case_0222,fusion_w0.50_t0.45,0.585515130906859,0.7579225352079317,0.4770083102479861,2272,3610,1722,1.0
case_0222,fusion_w0.50_t0.50,0.0,0.0,0.0,0,3610,0,0.0
case_0222,fusion_w0.50_t0.55,0.0,0.0,0.0,0,3610,0,0.0
case_0222,fusion_w0.50_t0.60,0.0,0.0,0.0,0,3610,0,0.0
case_0222,fusion_w0.50_t0.65,0.0,0.0,0.0,0,3610,0,0.0
case_0222,fusion_w0.60_t0.35,0.7272518118017631,0.6218768443820148,0.8756232686956354,5083,3610,3161,1.0
case_0222,fusion_w0.60_t0.40,0.739088027309511,0.6600609756083187,0.8396121883633252,4592,3610,3031,1.0
case_0222,fusion_w0.60_t0.45,0.7317203582398988,0.70705244122783,0.7581717451502544,3871,3610,2737,1.0
case_0222,fusion_w0.60_t0.50,0.6790474764105451,0.73915878708595,0.6279778393334405,3067,3610,2267,1.0
case_0222,fusion_w0.60_t0.55,0.5670337353599597,0.7683562292715853,0.44930747922313213,2111,3610,1622,1.0
case_0222,fusion_w0.60_t0.60,0.0,0.0,0.0,0,3610,0,0.0
case_0222,fusion_w0.60_t0.65,0.0,0.0,0.0,0,3610,0,0.0
case_0222,fusion_w0.70_t0.35,0.717621145373659,0.5956124314431525,0.9024930747897438,5470,3610,3258,1.0
case_0222,fusion_w0.70_t0.40,0.7256111491881132,0.6174183514762492,0.8797783933493635,5144,3610,3176,1.0
case_0222,fusion_w0.70_t0.45,0.737432835820015,0.6480587618034669,0.855401662047492,4765,3610,3088,1.0
case_0222,fusion_w0.70_t0.50,0.7400359989705065,0.6904990403054451,0.7972299168952985,4168,3610,2878,1.0
case_0222,fusion_w0.70_t0.55,0.7197771587733708,0.7238095238074963,0.7157894736822278,3570,3610,2584,1.0
case_0222,fusion_w0.70_t0.60,0.6392924826269121,0.743570903744513,0.5606648199430453,2722,3610,2024,1.0
case_0222,fusion_w0.70_t0.65,0.5536702982665589,0.7792860733998025,0.4293628808852372,1989,3610,1550,1.0
case_0222,fusion_w0.80_t0.35,0.7079513962900149,0.5753638253628286,0.9199445983354019,5772,3610,3321,1.0
case_0222,fusion_w0.80_t0.40,0.717621145373659,0.5956124314431525,0.9024930747897438,5470,3610,3258,1.0
case_0222,fusion_w0.80_t0.45,0.7246047093610231,0.6147461879934091,0.8822714681416004,5181,3610,3185,1.0
case_0222,fusion_w0.80_t0.50,0.7355128053809329,0.6407567345246952,0.8631578947344511,4863,3610,3116,1.0
case_0222,fusion_w0.80_t0.55,0.7423580786016939,0.6753688989769004,0.8240997229894069,4405,3610,2975,1.0
case_0222,fusion_w0.80_t0.60,0.7317203582398988,0.70705244122783,0.7581717451502544,3871,3610,2737,1.0
case_0222,fusion_w0.80_t0.65,0.7040345821315503,0.7336336336314305,0.6767313019371836,3330,3610,2443,1.0
case_0224,nnunet,0.5166666666635913,0.6326530612152674,0.4366197183054666,686,994,434,1.0
case_0224,medformer_lcc_t0.25,0.368874950998885,0.22906523855835184,0.9466800804733735,4108,994,941,1.0
case_0224,union_t0.25,0.32083191271680733,0.1931444991785855,0.9466800804733735,4872,994,941,1.0
case_0224,intersection_t0.25,0.517590936192501,0.6354319179994812,0.4366197183054666,683,994,434,1.0
case_0224,medformer_lcc_t0.30,0.41970802919612293,0.27138643067766555,0.9255533199102057,3390,994,920,1.0
case_0224,union_t0.30,0.35330261136644914,0.2183198860934544,0.9255533199102057,4214,994,920,1.0
case_0224,intersection_t0.30,0.5191387559777564,0.6401179940908537,0.4366197183054666,678,994,434,1.0
case_0224,medformer_lcc_t0.35,0.4601036269418132,0.30983949755649043,0.8933601609568073,2866,994,888,1.0
case_0224,union_t0.35,0.4587961766973423,0.3086548487997614,0.8933601609568073,2877,994,888,1.0
case_0224,intersection_t0.35,0.5200718993378066,0.6429629629534376,0.4366197183054666,675,994,434,1.0
case_0224,medformer_lcc_t0.40,0.4755125284724501,0.3316123907850214,0.840040241440241,2518,994,835,1.0
case_0224,union_t0.40,0.47295383743847935,0.3291288923912924,0.840040241440241,2537,994,835,1.0
case_0224,intersection_t0.40,0.5225767609842109,0.6506746626589104,0.4366197183054666,667,994,434,1.0
case_0224,medformer_lcc_t0.45,0.495043370506521,0.35765443151138027,0.8038229376176678,2234,994,799,1.0
case_0224,union_t0.45,0.4921658986159995,0.3542680229971063,0.8058350100522552,2261,994,801,1.0
case_0224,intersection_t0.45,0.5226860254051865,0.6555386949824653,0.4346076458708792,659,994,432,1.0
case_0224,medformer_lcc_t0.50,0.5115810674705888,0.38387909319705854,0.7665995975778008,1985,994,762,1.0
case_0224,union_t0.50,0.5089463220659081,0.37944664031433084,0.772635814881563,2024,994,768,1.0
case_0224,intersection_t0.50,0.5216331505147981,0.6615146831427896,0.4305835010017044,647,994,428,1.0
case_0224,medformer_lcc_t0.55,0.5283571167196182,0.4151811385830065,0.7263581488860528,1739,994,722,1.0
case_0224,union_t0.55,0.5249643366600394,0.4066298342518971,0.7404426559281646,1810,994,736,1.0
case_0224,intersection_t0.55,0.5220633934088126,0.6829268292571882,0.42253521126335475,615,994,420,1.0
case_0224,medformer_lcc_t0.60,0.5416168857007503,0.4482531311770056,0.6841046277597173,1517,994,680,1.0
case_0224,union_t0.60,0.5348125478173879,0.43148148147881804,0.7032193158882976,1620,994,699,1.0
case_0224,intersection_t0.60,0.5263157894703469,0.711835334464634,0.4175050301768863,583,994,415,1.0
case_0224,medformer_lcc_t0.65,0.5386313465759884,0.4799370574313145,0.6136820925491582,1271,994,610,1.0
case_0224,union_t0.65,0.535920726669959,0.4544817927139042,0.6529175050236125,1428,994,649,1.0
case_0224,intersection_t0.65,0.5187130663130748,0.7466918714414614,0.39738430583101225,529,994,395,1.0
case_0224,medformer_lcc_t0.70,0.4587813620048194,0.46715328466666156,0.4507042253475784,959,994,448,1.0
case_0224,union_t0.70,0.526268522673883,0.47526358474878133,0.5895372233341093,1233,994,586,1.0
case_0224,intersection_t0.70,0.42105263157595274,0.7184466019243095,0.29778672031893577,412,994,296,1.0
case_0224,medformer_lcc_t0.75,0.3394833948318605,0.4367088607525837,0.2776659959730617,632,994,276,1.0
case_0224,union_t0.75,0.4885114885090484,0.4851190476142349,0.4919517102566202,1008,994,489,1.0
case_0224,intersection_t0.75,0.3389570552121246,0.7129032257834547,0.22233400402190812,310,994,221,1.0
case_0224,fusion_w0.40_t0.35,0.513913558315489,0.6244604316456912,0.4366197183054666,695,994,434,1.0
case_0224,fusion_w0.40_t0.40,0.5166666666635913,0.6326530612152674,0.4366197183054666,686,994,434,1.0
case_0224,fusion_w0.40_t0.45,0.5166666666635913,0.6326530612152674,0.4366197183054666,686,994,434,1.0
case_0224,fusion_w0.40_t0.50,0.5166666666635913,0.6326530612152674,0.4366197183054666,686,994,434,1.0
case_0224,fusion_w0.40_t0.55,0.5166666666635913,0.6326530612152674,0.4366197183054666,686,994,434,1.0
case_0224,fusion_w0.40_t0.60,0.5166666666635913,0.6326530612152674,0.4366197183054666,686,994,434,1.0
case_0224,fusion_w0.40_t0.65,0.5166666666635913,0.6326530612152674,0.4366197183054666,686,994,434,1.0
case_0224,fusion_w0.50_t0.35,0.526268522673883,0.47526358474878133,0.5895372233341093,1233,994,586,1.0
case_0224,fusion_w0.50_t0.40,0.5099999999971667,0.5694789081815201,0.46177062373780914,806,994,459,1.0
case_0224,fusion_w0.50_t0.45,0.516359309931491,0.6317321688408772,0.4366197183054666,687,994,434,1.0
case_0224,fusion_w0.50_t0.50,0.5166666666635913,0.6326530612152674,0.4366197183054666,686,994,434,1.0
case_0224,fusion_w0.50_t0.55,0.5166666666635913,0.6326530612152674,0.4366197183054666,686,994,434,1.0
case_0224,fusion_w0.50_t0.60,0.5169743895144909,0.6335766423265171,0.4366197183054666,685,994,434,1.0
case_0224,fusion_w0.50_t0.65,0.5191387559777564,0.6401179940908537,0.4366197183054666,678,994,434,1.0
case_0224,fusion_w0.60_t0.35,0.5312965722781994,0.421893491121764,0.7173038229304094,1690,994,713,1.0
case_0224,fusion_w0.60_t0.40,0.5325393449573266,0.46131171701944507,0.6297786720258574,1357,994,626,1.0
case_0224,fusion_w0.60_t0.45,0.5064165844002645,0.4970930232509972,0.5160965794716691,1032,994,513,1.0
case_0224,fusion_w0.60_t0.50,0.5151162790667726,0.6101928374571599,0.4456740442611099,726,994,443,1.0
case_0224,fusion_w0.60_t0.55,0.517590936192501,0.6354319179994812,0.4366197183054666,683,994,434,1.0
case_0224,fusion_w0.60_t0.60,0.5200718993378066,0.6429629629534376,0.4366197183054666,675,994,434,1.0
case_0224,fusion_w0.60_t0.65,0.5228915662619104,0.6516516516418671,0.4366197183054666,666,994,434,1.0
case_0224,fusion_w0.70_t0.35,0.5089463220659081,0.37944664031433084,0.772635814881563,2024,994,768,1.0
case_0224,fusion_w0.70_t0.40,0.5288284979782268,0.4164256795811659,0.7243460764514653,1729,994,720,1.0
case_0224,fusion_w0.70_t0.45,0.5386187167938757,0.45354439091222615,0.6629778671965495,1453,994,659,1.0
case_0224,fusion_w0.70_t0.50,0.5183823529387942,0.47715736040205453,0.5674044265536479,1182,994,564,1.0
case_0224,fusion_w0.70_t0.55,0.5130718954220421,0.5593824227962069,0.4738430583453336,842,994,471,1.0
case_0224,fusion_w0.70_t0.60,0.5191387559777564,0.6401179940908537,0.4366197183054666,678,994,434,1.0
case_0224,fusion_w0.70_t0.65,0.5216331505147981,0.6615146831427896,0.4305835010017044,647,994,428,1.0
case_0224,fusion_w0.80_t0.35,0.4860150375925233,0.34663234663085957,0.8128772635733111,2331,994,808,1.0
case_0224,fusion_w0.80_t0.40,0.5094527363167183,0.38000989608916375,0.772635814881563,2021,994,768,1.0
case_0224,fusion_w0.80_t0.45,0.5254730713226875,0.41163055872057225,0.7263581488860528,1754,994,722,1.0
case_0224,fusion_w0.80_t0.50,0.538338658144815,0.44635761589108375,0.678068410455955,1510,994,674,1.0
case_0224,fusion_w0.80_t0.55,0.536173990232862,0.47974583002001797,0.6076458752453959,1259,994,604,1.0
case_0224,fusion_w0.80_t0.60,0.5103170608932546,0.5105740181217465,0.5100603621679068,993,994,507,1.0
case_0224,fusion_w0.80_t0.65,0.5210183540525695,0.6330935251707468,0.44265593560922883,695,994,440,1.0
case_0225,nnunet,0.17962085308014308,0.9999999999736148,0.09867222077558274,379,3841,379,1.0
case_0225,medformer_lcc_t0.25,0.7593024852385565,0.8033120278884274,0.719864618587035,3442,3841,2765,1.0
case_0225,union_t0.25,0.7593024852385565,0.8033120278884274,0.719864618587035,3442,3841,2765,1.0
case_0225,intersection_t0.25,0.17962085308014308,0.9999999999736148,0.09867222077558274,379,3841,379,1.0
case_0225,medformer_lcc_t0.30,0.7583212735155451,0.8536982730503301,0.6821140328021814,3069,3841,2620,1.0
case_0225,union_t0.30,0.7583212735155451,0.8536982730503301,0.6821140328021814,3069,3841,2620,1.0
case_0225,intersection_t0.30,0.17962085308014308,0.9999999999736148,0.09867222077558274,379,3841,379,1.0
case_0225,medformer_lcc_t0.35,0.7456551307227661,0.8886887608037152,0.6422806560774739,2776,3841,2467,1.0
case_0225,union_t0.35,0.7458446660611274,0.8887288440731411,0.6425410049449557,2777,3841,2468,1.0
case_0225,intersection_t0.35,0.17918938136956816,0.9999999999735449,0.09841187190810098,378,3841,378,1.0
case_0225,medformer_lcc_t0.40,0.7234244195218394,0.9196787148557443,0.5961989065332044,2490,3841,2290,1.0
case_0225,union_t0.40,0.7242304656657865,0.9198075380877314,0.5972403020031314,2494,3841,2294,1.0
case_0225,intersection_t0.40,0.1778937381399955,0.9999999999733333,0.09763082530565574,375,3841,375,1.0
case_0225,medformer_lcc_t0.45,0.6888705688364569,0.9392985611468557,0.5438687841693729,2224,3841,2089,1.0
case_0225,union_t0.45,0.6901663646834292,0.9394618834038589,0.5454308773742634,2230,3841,2095,1.0
case_0225,intersection_t0.45,0.17702895111490977,0.9999999999731903,0.09711012757069225,373,3841,373,1.0
case_0225,medformer_lcc_t0.50,0.6430178231516819,0.9587203302324112,0.483728195781089,1938,3841,1858,1.0
case_0225,union_t0.50,0.645829735795811,0.9589743589694412,0.48685238219086996,1950,3841,1870,1.0
case_0225,intersection_t0.50,0.17442965779426228,0.999999999972752,0.09554803436580175,367,3841,367,1.0
case_0225,medformer_lcc_t0.55,0.5932633103937102,0.9744199880965234,0.4264514449351043,1681,3841,1638,1.0
case_0225,union_t0.55,0.5983399494756436,0.9747207524928001,0.4316584222847393,1701,3841,1658,1.0
case_0225,intersection_t0.55,0.17095238095197393,0.9999999999721448,0.09346524342594777,359,3841,359,1.0
case_0225,medformer_lcc_t0.60,0.5456943659307599,0.987721691671298,0.376985160113572,1466,3841,1448,1.0
case_0225,union_t0.60,0.5535982008985127,0.9879598662141275,0.38453527727054276,1495,3841,1477,1.0
case_0225,intersection_t0.60,0.16702457647299684,0.9999999999714285,0.09112210361861202,350,3841,350,1.0
case_0225,medformer_lcc_t0.65,0.48928220255557664,0.9999999999919615,0.3238739911472953,1244,3841,1244,1.0
case_0225,union_t0.65,0.5007806401239251,0.9999999999922059,0.3340275969790835,1283,3841,1283,1.0
case_0225,intersection_t0.65,0.1626405166224285,0.9999999999705882,0.08851861494379454,340,3841,340,1.0
case_0225,medformer_lcc_t0.70,0.42678681138556873,0.9999999999904031,0.2712835199159821,1042,3841,1042,1.0
case_0225,union_t0.70,0.44399432853869963,0.999999999990876,0.28534235875999653,1096,3841,1096,1.0
case_0225,intersection_t0.70,0.15602496399386456,0.9999999999692307,0.08461338193156831,325,3841,325,1.0
case_0225,medformer_lcc_t0.75,0.37280237237794367,0.9999999999886363,0.2291070033839388,880,3841,880,1.0
case_0225,union_t0.75,0.39758030871840305,0.9999999999895068,0.24811247071010645,953,3841,953,1.0
case_0225,intersection_t0.75,0.14757656136930897,0.9999999999673203,0.07966675344941508,306,3841,306,1.0
case_0225,fusion_w0.40_t0.35,0.3153508771922909,0.9999999999860918,0.18719083571937728,719,3841,719,1.0
case_0225,fusion_w0.40_t0.40,0.17962085308014308,0.9999999999736148,0.09867222077558274,379,3841,379,1.0
case_0225,fusion_w0.40_t0.45,0.17962085308014308,0.9999999999736148,0.09867222077558274,379,3841,379,1.0
case_0225,fusion_w0.40_t0.50,0.17962085308014308,0.9999999999736148,0.09867222077558274,379,3841,379,1.0
case_0225,fusion_w0.40_t0.55,0.17962085308014308,0.9999999999736148,0.09867222077558274,379,3841,379,1.0
case_0225,fusion_w0.40_t0.60,0.17962085308014308,0.9999999999736148,0.09867222077558274,379,3841,379,1.0
case_0225,fusion_w0.40_t0.65,0.17962085308014308,0.9999999999736148,0.09867222077558274,379,3841,379,1.0
case_0225,fusion_w0.50_t0.35,0.44399432853869963,0.999999999990876,0.28534235875999653,1096,3841,1096,1.0
case_0225,fusion_w0.50_t0.40,0.358196195767561,0.9999999999880668,0.21817235094970536,838,3841,838,1.0
case_0225,fusion_w0.50_t0.45,0.29591836734628235,0.9999999999850074,0.17365269461032634,667,3841,667,1.0
case_0225,fusion_w0.50_t0.50,0.17962085308014308,0.9999999999736148,0.09867222077558274,379,3841,379,1.0
case_0225,fusion_w0.50_t0.55,0.17962085308014308,0.9999999999736148,0.09867222077558274,379,3841,379,1.0
case_0225,fusion_w0.50_t0.60,0.17962085308014308,0.9999999999736148,0.09867222077558274,379,3841,379,1.0
case_0225,fusion_w0.50_t0.65,0.17962085308014308,0.9999999999736148,0.09867222077558274,379,3841,379,1.0
case_0225,fusion_w0.60_t0.35,0.574166206005944,0.9823455233229361,0.4056235355365644,1586,3841,1558,1.0
case_0225,fusion_w0.60_t0.40,0.4767003767589199,0.9999999999916807,0.31293933871306184,1202,3841,1202,1.0
case_0225,fusion_w0.60_t0.45,0.39758030871840305,0.9999999999895068,0.24811247071010645,953,3841,953,1.0
case_0225,fusion_w0.60_t0.50,0.3397449751451486,0.9999999999872773,0.20463420984065445,786,3841,786,1.0
case_0225,fusion_w0.60_t0.55,0.2833519553066294,0.9999999999842271,0.16506118198342865,634,3841,634,1.0
case_0225,fusion_w0.60_t0.60,0.17918938136956816,0.9999999999735449,0.09841187190810098,378,3841,378,1.0
case_0225,fusion_w0.60_t0.65,0.1778937381399955,0.9999999999733333,0.09763082530565574,375,3841,375,1.0
case_0225,fusion_w0.70_t0.35,0.645829735795811,0.9589743589694412,0.48685238219086996,1950,3841,1870,1.0
case_0225,fusion_w0.70_t0.40,0.5866033947789987,0.9810744810684917,0.41838063004317005,1638,3841,1607,1.0
case_0225,fusion_w0.70_t0.45,0.5095071788891938,0.999999999992384,0.341838063003536,1313,3841,1313,1.0
case_0225,fusion_w0.70_t0.50,0.4280744833222262,0.9999999999904399,0.2723249153859091,1046,3841,1046,1.0
case_0225,fusion_w0.70_t0.55,0.3644879710445721,0.9999999999883178,0.22285863056437683,856,3841,856,1.0
case_0225,fusion_w0.70_t0.60,0.32453653216941214,0.9999999999865591,0.193699557406421,744,3841,744,1.0
case_0225,fusion_w0.70_t0.65,0.26943005181286456,0.9999999999832776,0.15568862275408568,598,3841,598,1.0
case_0225,fusion_w0.80_t0.35,0.7005208333321932,0.9344333478031506,0.5602707628207231,2303,3841,2152,1.0
case_0225,fusion_w0.80_t0.40,0.645829735795811,0.9589743589694412,0.48685238219086996,1950,3841,1870,1.0
case_0225,fusion_w0.80_t0.45,0.5909916454765873,0.9771771771713083,0.42358760739280504,1665,3841,1627,1.0
case_0225,fusion_w0.80_t0.50,0.5311963365759756,0.9942857142786123,0.3624056235345941,1400,3841,1392,1.0
case_0225,fusion_w0.80_t0.55,0.4533923897715857,0.9999999999911191,0.293152824784449,1126,3841,1126,1.0
case_0225,fusion_w0.80_t0.60,0.39355918025848274,0.999999999989373,0.24498828430032546,941,3841,941,1.0
case_0225,fusion_w0.80_t0.65,0.34153713298717286,0.9999999999873578,0.20593595417806318,791,3841,791,1.0
