case_id,candidate,dice,precision,recall,pred_voxels,target_voxels,overlap_voxels,detected
case_0015,nnunet,0.0,0.0,0.0,0,1876,0,0.0
case_0015,medformer_lcc_t0.25,0.6702573309375516,0.7639836289170261,0.5970149253699519,1466,1876,1120,1.0
case_0015,union_t0.25,0.6702573309375516,0.7639836289170261,0.5970149253699519,1466,1876,1120,1.0
case_0015,intersection_t0.25,0.0,0.0,0.0,0,1876,0,0.0
case_0015,medformer_lcc_t0.30,0.6574481458181727,0.8009188361347557,0.5575692963722945,1306,1876,1046,1.0
case_0015,union_t0.30,0.6574481458181727,0.8009188361347557,0.5575692963722945,1306,1876,1046,1.0
case_0015,intersection_t0.30,0.0,0.0,0.0,0,1876,0,0.0
case_0015,medformer_lcc_t0.35,0.6257020151944972,0.8227628149363791,0.5047974413619147,1151,1876,947,1.0
case_0015,union_t0.35,0.6257020151944972,0.8227628149363791,0.5047974413619147,1151,1876,947,1.0
case_0015,intersection_t0.35,0.0,0.0,0.0,0,1876,0,0.0
case_0015,medformer_lcc_t0.40,0.5947622329407486,0.841130604280301,0.46002132195916834,1026,1876,863,1.0
case_0015,union_t0.40,0.5947622329407486,0.841130604280301,0.46002132195916834,1026,1876,863,1.0
case_0015,intersection_t0.40,0.0,0.0,0.0,0,1876,0,0.0
case_0015,medformer_lcc_t0.45,0.5619183965620547,0.855119825698746,0.4184434967994753,918,1876,785,1.0
case_0015,union_t0.45,0.5619183965620547,0.855119825698746,0.4184434967994753,918,1876,785,1.0
case_0015,intersection_t0.45,0.0,0.0,0.0,0,1876,0,0.0
case_0015,medformer_lcc_t0.50,0.5359380759287286,0.8685782556646526,0.3875266524499599,837,1876,727,1.0
case_0015,union_t0.50,0.5359380759287286,0.8685782556646526,0.3875266524499599,837,1876,727,1.0
case_0015,intersection_t0.50,0.0,0.0,0.0,0,1876,0,0.0
case_0015,medformer_lcc_t0.55,0.5087055261146529,0.8772845952888083,0.3582089552219712,766,1876,672,1.0
case_0015,union_t0.55,0.5087055261146529,0.8772845952888083,0.3582089552219712,766,1876,672,1.0
case_0015,intersection_t0.55,0.0,0.0,0.0,0,1876,0,0.0
case_0015,medformer_lcc_t0.60,0.4835079549845421,0.8887303851513733,0.3320895522370358,701,1876,623,1.0
case_0015,union_t0.60,0.4835079549845421,0.8887303851513733,0.3320895522370358,701,1876,623,1.0
case_0015,intersection_t0.60,0.0,0.0,0.0,0,1876,0,0.0
case_0015,medformer_lcc_t0.65,0.4575733544787567,0.8931888544753376,0.30756929637362707,646,1876,577,1.0
case_0015,union_t0.65,0.4575733544787567,0.8931888544753376,0.30756929637362707,646,1876,577,1.0
case_0015,intersection_t0.65,0.0,0.0,0.0,0,1876,0,0.0
case_0015,medformer_lcc_t0.70,0.4233755619108158,0.9071803852730791,0.27611940298360277,571,1876,518,1.0
case_0015,union_t0.70,0.4233755619108158,0.9071803852730791,0.27611940298360277,571,1876,518,1.0
case_0015,intersection_t0.70,0.0,0.0,0.0,0,1876,0,0.0
case_0015,medformer_lcc_t0.75,0.3924369747882671,0.9265873015689169,0.2489339019176496,504,1876,467,1.0
case_0015,union_t0.75,0.3924369747882671,0.9265873015689169,0.2489339019176496,504,1876,467,1.0
case_0015,intersection_t0.75,0.0,0.0,0.0,0,1876,0,0.0
case_0015,fusion_w0.40_t0.35,0.26837060702752913,0.9333333333037037,0.15671641790961238,315,1876,294,1.0
case_0015,fusion_w0.40_t0.40,0.0,0.0,0.0,0,1876,0,0.0
case_0015,fusion_w0.40_t0.45,0.0,0.0,0.0,0,1876,0,0.0
case_0015,fusion_w0.40_t0.50,0.0,0.0,0.0,0,1876,0,0.0
case_0015,fusion_w0.40_t0.55,0.0,0.0,0.0,0,1876,0,0.0
case_0015,fusion_w0.40_t0.60,0.0,0.0,0.0,0,1876,0,0.0
case_0015,fusion_w0.40_t0.65,0.0,0.0,0.0,0,1876,0,0.0
case_0015,fusion_w0.50_t0.35,0.4233755619108158,0.9071803852730791,0.27611940298360277,571,1876,518,1.0
case_0015,fusion_w0.50_t0.40,0.3447676943102702,0.9297423887370083,0.2116204690820276,427,1876,397,1.0
case_0015,fusion_w0.50_t0.45,0.22002820874367643,0.932270916297519,0.12473347547907926,251,1876,234,1.0
case_0015,fusion_w0.50_t0.50,0.0,0.0,0.0,0,1876,0,0.0
case_0015,fusion_w0.50_t0.55,0.0,0.0,0.0,0,1876,0,0.0
case_0015,fusion_w0.50_t0.60,0.0,0.0,0.0,0,1876,0,0.0
case_0015,fusion_w0.50_t0.65,0.0,0.0,0.0,0,1876,0,0.0
case_0015,fusion_w0.60_t0.35,0.4903772132390671,0.8822714681318244,0.3395522388041602,722,1876,637,1.0
case_0015,fusion_w0.60_t0.40,0.4448897795573351,0.8966074313263875,0.29584221748243156,619,1876,555,1.0
case_0015,fusion_w0.60_t0.45,0.3924369747882671,0.9265873015689169,0.2489339019176496,504,1876,467,1.0
case_0015,fusion_w0.60_t0.50,0.31457687195252737,0.9317585301592715,0.18923240938065441,381,1876,355,1.0
case_0015,fusion_w0.60_t0.55,0.18887823585719618,0.9380952380505668,0.10501066098025048,210,1876,197,1.0
case_0015,fusion_w0.60_t0.60,0.0,0.0,0.0,0,1876,0,0.0
case_0015,fusion_w0.60_t0.65,0.0,0.0,0.0,0,1876,0,0.0
case_0015,fusion_w0.70_t0.35,0.5359380759287286,0.8685782556646526,0.3875266524499599,837,1876,727,1.0
case_0015,fusion_w0.70_t0.40,0.4961715160777329,0.8804347825967332,0.34541577824975794,736,1876,648,1.0
case_0015,fusion_w0.70_t0.45,0.45983379501203075,0.8924731182658606,0.3097014925356626,651,1876,581,1.0
case_0015,fusion_w0.70_t0.50,0.41529605262987135,0.9082733812786281,0.26918976545698725,556,1876,505,1.0
case_0015,fusion_w0.70_t0.55,0.3585554600156554,0.9266666666460741,0.22228144989220533,450,1876,417,1.0
case_0015,fusion_w0.70_t0.60,0.28468142792460605,0.9347181008624712,0.16791044776029898,337,1876,315,1.0
case_0015,fusion_w0.70_t0.65,0.1689320388341314,0.9456521738616493,0.09275053304854611,184,1876,174,1.0
case_0015,fusion_w0.80_t0.35,0.5670688431491587,0.8481953290780446,0.4259061833665997,942,1876,799,1.0
case_0015,fusion_w0.80_t0.40,0.5359380759287286,0.8685782556646526,0.3875266524499599,837,1876,727,1.0
case_0015,fusion_w0.80_t0.45,0.498470948010327,0.8810810810691746,0.34754797441179347,740,1876,652,1.0
case_0015,fusion_w0.80_t0.50,0.4671647660225436,0.890554722625329,0.3166311300622781,667,1876,594,1.0
case_0015,fusion_w0.80_t0.55,0.43181818181642934,0.9047619047465176,0.28358208955072717,588,1876,532,1.0
case_0015,fusion_w0.80_t0.60,0.3924369747882671,0.9265873015689169,0.2489339019176496,504,1876,467,1.0
case_0015,fusion_w0.80_t0.65,0.33201927288509847,0.9312039311810515,0.2020255863528677,407,1876,379,1.0
case_0017,nnunet,0.0,0.0,0.0,110,4181,0,0.0
case_0017,medformer_lcc_t0.25,0.4038037805863344,0.39194056731113924,0.4164075579994824,4442,4181,1741,1.0
case_0017,union_t0.25,0.4038037805863344,0.39194056731113924,0.4164075579994824,4442,4181,1741,1.0
case_0017,intersection_t0.25,0.0,0.0,0.0,110,4181,0,0.0
case_0017,medformer_lcc_t0.30,0.38282691597935437,0.39412360688856607,0.37215977038896875,3948,4181,1556,1.0
case_0017,union_t0.30,0.38282691597935437,0.39412360688856607,0.37215977038896875,3948,4181,1556,1.0
case_0017,intersection_t0.30,0.0,0.0,0.0,110,4181,0,0.0
case_0017,medformer_lcc_t0.35,0.3532091652145877,0.4015843997550226,0.3152355895711188,3282,4181,1318,1.0
case_0017,union_t0.35,0.3532091652145877,0.4015843997550226,0.3152355895711188,3282,4181,1318,1.0
case_0017,intersection_t0.35,0.0,0.0,0.0,110,4181,0,0.0
case_0017,medformer_lcc_t0.40,0.3306202638221574,0.3999999999986418,0.28175077732532466,2945,4181,1178,1.0
case_0017,union_t0.40,0.3306202638221574,0.3999999999986418,0.28175077732532466,2945,4181,1178,1.0
case_0017,intersection_t0.40,0.0,0.0,0.0,110,4181,0,0.0
case_0017,medformer_lcc_t0.45,0.3025062289311117,0.39061317183803707,0.24683090169756797,2642,4181,1032,1.0
case_0017,union_t0.45,0.3025062289311117,0.39061317183803707,0.24683090169756797,2642,4181,1032,1.0
case_0017,intersection_t0.45,0.0,0.0,0.0,110,4181,0,0.0
case_0017,medformer_lcc_t0.50,0.13975317225770945,0.25572519083806794,0.0961492465914945,1572,4181,402,1.0
case_0017,union_t0.50,0.13963181660274465,0.254914394418168,0.0961492465914945,1577,4181,402,1.0
case_0017,intersection_t0.50,0.0,0.0,0.0,105,4181,0,0.0
case_0017,medformer_lcc_t0.55,0.07804878048765845,0.18102697998101805,0.049748863908036955,1149,4181,208,1.0
case_0017,union_t0.55,0.07790262172270056,0.1794650560812816,0.049748863908036955,1159,4181,208,1.0
case_0017,intersection_t0.55,0.0,0.0,0.0,100,4181,0,0.0
case_0017,medformer_lcc_t0.60,0.04115552037981568,0.11912943871570299,0.024874431954018478,873,4181,104,1.0
case_0017,union_t0.60,0.0409932991721699,0.11646136618010682,0.024874431954018478,893,4181,104,1.0
case_0017,intersection_t0.60,0.0,0.0,0.0,90,4181,0,0.0
case_0017,medformer_lcc_t0.65,0.013375130616481976,0.05298013244945397,0.0076536713704672245,604,4181,32,1.0
case_0017,union_t0.65,0.013283520132807631,0.05023547880611875,0.0076536713704672245,637,4181,32,1.0
case_0017,intersection_t0.65,0.0,0.0,0.0,77,4181,0,0.0
case_0017,medformer_lcc_t0.70,0.004476275738575479,0.03484320557369884,0.0023917723032710076,287,4181,10,1.0
case_0017,union_t0.70,0.004389815627733999,0.026666666665955557,0.0023917723032710076,375,4181,10,1.0
case_0017,intersection_t0.70,0.0,0.0,0.0,18,4181,0,0.0
case_0017,medformer_lcc_t0.75,0.0,0.0,0.0,67,4181,0,0.0
case_0017,union_t0.75,0.0,0.0,0.0,110,4181,0,0.0
case_0017,intersection_t0.75,0.0,0.0,0.0,0,4181,0,0.0
case_0017,fusion_w0.40_t0.35,0.0,0.0,0.0,110,4181,0,0.0
case_0017,fusion_w0.40_t0.40,0.0,0.0,0.0,110,4181,0,0.0
case_0017,fusion_w0.40_t0.45,0.0,0.0,0.0,110,4181,0,0.0
case_0017,fusion_w0.40_t0.50,0.0,0.0,0.0,110,4181,0,0.0
case_0017,fusion_w0.40_t0.55,0.0,0.0,0.0,110,4181,0,0.0
case_0017,fusion_w0.40_t0.60,0.0,0.0,0.0,110,4181,0,0.0
case_0017,fusion_w0.40_t0.65,0.0,0.0,0.0,110,4181,0,0.0
case_0017,fusion_w0.50_t0.35,0.004389815627733999,0.026666666665955557,0.0023917723032710076,375,4181,10,1.0
case_0017,fusion_w0.50_t0.40,0.0,0.0,0.0,134,4181,0,0.0
case_0017,fusion_w0.50_t0.45,0.0,0.0,0.0,110,4181,0,0.0
case_0017,fusion_w0.50_t0.50,0.0,0.0,0.0,110,4181,0,0.0
case_0017,fusion_w0.50_t0.55,0.0,0.0,0.0,110,4181,0,0.0
case_0017,fusion_w0.50_t0.60,0.0,0.0,0.0,110,4181,0,0.0
case_0017,fusion_w0.50_t0.65,0.0,0.0,0.0,110,4181,0,0.0
case_0017,fusion_w0.60_t0.35,0.05195812330350532,0.13715455475806393,0.0320497488638315,977,4181,134,1.0
case_0017,fusion_w0.60_t0.40,0.007643312101894601,0.034026465027712165,0.0043051901458878135,529,4181,18,1.0
case_0017,fusion_w0.60_t0.45,0.001381533502184247,0.0185185185173754,0.0007175316909813022,162,4181,3,1.0
case_0017,fusion_w0.60_t0.50,0.0,0.0,0.0,118,4181,0,0.0
case_0017,fusion_w0.60_t0.55,0.0,0.0,0.0,110,4181,0,0.0
case_0017,fusion_w0.60_t0.60,0.0,0.0,0.0,110,4181,0,0.0
case_0017,fusion_w0.60_t0.65,0.0,0.0,0.0,110,4181,0,0.0
case_0017,fusion_w0.70_t0.35,0.13963181660274465,0.254914394418168,0.0961492465914945,1577,4181,402,1.0
case_0017,fusion_w0.70_t0.40,0.0597014925371992,0.1492822966492892,0.03731164793102772,1045,4181,156,1.0
case_0017,fusion_w0.70_t0.45,0.01648125257516176,0.05943536404072161,0.00956708921308403,673,4181,40,1.0
case_0017,fusion_w0.70_t0.50,0.0031035247173506904,0.02121212121147842,0.0016742406122897053,330,4181,7,1.0
case_0017,fusion_w0.70_t0.55,0.0,0.0,0.0,139,4181,0,0.0
case_0017,fusion_w0.70_t0.60,0.0,0.0,0.0,110,4181,0,0.0
case_0017,fusion_w0.70_t0.65,0.0,0.0,0.0,105,4181,0,0.0
case_0017,fusion_w0.80_t0.35,0.3115228720319752,0.3945727906109477,0.2573546998319604,2727,4181,1076,1.0
case_0017,fusion_w0.80_t0.40,0.13963181660274465,0.254914394418168,0.0961492465914945,1577,4181,402,1.0
case_0017,fusion_w0.80_t0.45,0.06793168880442518,0.16437098255129137,0.042812724228551036,1089,4181,179,1.0
case_0017,fusion_w0.80_t0.50,0.024656426839077088,0.07953063885163585,0.014589811049953145,767,4181,61,1.0
case_0017,fusion_w0.80_t0.55,0.004776378636550637,0.025882352940567472,0.0026309495335981085,425,4181,11,1.0
case_0017,fusion_w0.80_t0.60,0.001383125864450477,0.01910828025355998,0.0007175316909813022,157,4181,3,1.0
case_0017,fusion_w0.80_t0.65,0.0,0.0,0.0,116,4181,0,0.0
case_0018,nnunet,0.8996568750515527,0.8491311216416285,0.9565759031839178,6330,5619,5375,1.0
case_0018,medformer_lcc_t0.25,0.7441037735843572,0.6350484337644546,0.8983804947483567,7949,5619,5048,1.0
case_0018,union_t0.25,0.7773083050489871,0.636312088908328,0.9985762591190629,8818,5619,5611,1.0
case_0018,intersection_t0.25,0.8685920577609488,0.8811572971967018,0.8563801388132116,5461,5619,4812,1.0
case_0018,medformer_lcc_t0.30,0.7543164661030314,0.6502577319579249,0.8980245595285673,7760,5619,5046,1.0
case_0018,union_t0.30,0.7868162692841607,0.6492304131458752,0.9983982915091683,8641,5619,5610,1.0
case_0018,intersection_t0.30,0.8693530899883724,0.8829142961995176,0.856202171203317,5449,5619,4811,1.0
case_0018,medformer_lcc_t0.35,0.7651699029120409,0.6667547918034809,0.8976686243087779,7565,5619,5044,1.0
case_0018,union_t0.35,0.7971859010795926,0.6635514018683738,0.9982203238992735,8453,5619,5609,1.0
case_0018,intersection_t0.35,0.8697224482407832,0.8838662256507096,0.8560242035934222,5442,5619,4810,1.0
case_0018,medformer_lcc_t0.40,0.7740547187205855,0.6811849046386025,0.8962448834296205,7393,5619,5036,1.0
case_0018,union_t0.40,0.8059229442202372,0.6759918003127022,0.9976864210695895,8293,5619,5606,1.0
case_0018,intersection_t0.40,0.869761969408209,0.884898710863932,0.8551343655439488,5430,5619,4805,1.0
case_0018,medformer_lcc_t0.45,0.7843657356835821,0.6982914293642196,0.8946431749405683,7199,5619,5027,1.0
case_0018,union_t0.45,0.8159580663942807,0.6904028581979914,0.9973304858498001,8117,5619,5604,1.0
case_0018,intersection_t0.45,0.8699120659950412,0.8865484109370168,0.853888592274686,5412,5619,4798,1.0
case_0018,medformer_lcc_t0.50,0.792354474369487,0.7122976427141262,0.8926855312317269,7042,5619,5016,1.0
case_0018,union_t0.50,0.8240570546277303,0.7020796792774968,0.9973304858498001,7982,5619,5604,1.0
case_0018,intersection_t0.50,0.8696521028241714,0.8881261595530833,0.8519309485658446,5390,5619,4787,1.0
case_0018,medformer_lcc_t0.55,0.800480384306805,0.7275505748788713,0.8896600818635173,6871,5619,4999,1.0
case_0018,union_t0.55,0.8324661810607756,0.7147415443513533,0.9966186154102213,7835,5619,5600,1.0
case_0018,intersection_t0.55,0.869185252616414,0.8896757361146298,0.8496173696372137,5366,5619,4774,1.0
case_0018,medformer_lcc_t0.60,0.8106614659509095,0.7459249289655362,0.8877024381546758,6687,5619,4988,1.0
case_0018,union_t0.60,0.84197066566315,0.729155810316924,0.9960847125805373,7676,5619,5597,1.0
case_0018,intersection_t0.60,0.8697080291962866,0.8923422580024484,0.8481936287580563,5341,5619,4766,1.0
case_0018,medformer_lcc_t0.65,0.817875072009861,0.7607164727483762,0.8843210535666768,6532,5619,4969,1.0
case_0018,union_t0.65,0.8492485198111057,0.7404367968223158,0.9955508097508533,7555,5619,5594,1.0
case_0018,intersection_t0.65,0.8694856306050983,0.895044281136433,0.8453461469997413,5307,5619,4750,1.0
case_0018,medformer_lcc_t0.70,0.8252613969043703,0.7785669191906904,0.8779142196104682,6336,5619,4933,1.0
case_0018,union_t0.70,0.856420084322839,0.7522219229723239,0.9941270688716958,7426,5619,5586,1.0
case_0018,intersection_t0.70,0.8696933419275534,0.9011450381662192,0.8403630539226903,5240,5619,4722,1.0
case_0018,medformer_lcc_t0.75,0.8302047056817886,0.7941176470575332,0.8697277095553129,6154,5619,4887,1.0
case_0018,union_t0.75,0.8630423014454697,0.7631291028435953,0.9930592632123277,7312,5619,5580,1.0
case_0018,intersection_t0.75,0.8677601705116599,0.9052590873919079,0.833244349526903,5172,5619,4682,1.0
case_0018,fusion_w0.40_t0.35,0.879714738509604,0.7928867304659436,0.987898202525382,7001,5619,5551,1.0
case_0018,fusion_w0.40_t0.40,0.8996568750515527,0.8491311216416285,0.9565759031839178,6330,5619,5375,1.0
case_0018,fusion_w0.40_t0.45,0.8996568750515527,0.8491311216416285,0.9565759031839178,6330,5619,5375,1.0
case_0018,fusion_w0.40_t0.50,0.8996568750515527,0.8491311216416285,0.9565759031839178,6330,5619,5375,1.0
case_0018,fusion_w0.40_t0.55,0.8996568750515527,0.8491311216416285,0.9565759031839178,6330,5619,5375,1.0
case_0018,fusion_w0.40_t0.60,0.8996568750515527,0.8491311216416285,0.9565759031839178,6330,5619,5375,1.0
case_0018,fusion_w0.40_t0.65,0.8679653679645851,0.8798683488738712,0.8563801388132116,5469,5619,4812,1.0
case_0018,fusion_w0.50_t0.35,0.856420084322839,0.7522219229723239,0.9941270688716958,7426,5619,5586,1.0
case_0018,fusion_w0.50_t0.40,0.8694973462372233,0.7743639649648626,0.9912795871133809,7193,5619,5570,1.0
case_0018,fusion_w0.50_t0.45,0.8823904382463088,0.7988746212656199,0.9854066559868564,6931,5619,5537,1.0
case_0018,fusion_w0.50_t0.50,0.8996568750515527,0.8491311216416285,0.9565759031839178,6330,5619,5375,1.0
case_0018,fusion_w0.50_t0.55,0.8678870953189035,0.8797074954280079,0.8563801388132116,5470,5619,4812,1.0
case_0018,fusion_w0.50_t0.60,0.8682785997826883,0.8805123513250128,0.8563801388132116,5465,5619,4812,1.0
case_0018,fusion_w0.50_t0.65,0.8693530899883724,0.8829142961995176,0.856202171203317,5449,5619,4811,1.0
case_0018,fusion_w0.60_t0.35,0.8392415498757106,0.7248834800612055,0.9964406478003267,7724,5619,5599,1.0
case_0018,fusion_w0.60_t0.40,0.8517023383343348,0.7444740346195147,0.9950169069211693,7510,5619,5591,1.0
case_0018,fusion_w0.60_t0.45,0.8312484466897263,0.7775883446981129,0.8928634988416215,6452,5619,5017,1.0
case_0018,fusion_w0.60_t0.50,0.8423803101813533,0.8001601281012007,0.8893041466437279,6245,5619,4997,1.0
case_0018,fusion_w0.60_t0.55,0.8547832071568695,0.8273105745198546,0.8841430859567821,6005,5619,4968,1.0
case_0018,fusion_w0.60_t0.60,0.8695652173905183,0.8835415135913234,0.8560242035934222,5444,5619,4810,1.0
case_0018,fusion_w0.60_t0.65,0.8697935530596977,0.8853456221181837,0.8547784303241596,5425,5619,4803,1.0
case_0018,fusion_w0.70_t0.35,0.7913036653317703,0.7078067958428702,0.8971347214790939,7122,5619,5041,1.0
case_0018,fusion_w0.70_t0.40,0.804825437404486,0.7302116555512754,0.8964228510395152,6898,5619,5037,1.0
case_0018,fusion_w0.70_t0.45,0.816353017520428,0.7500372633764346,0.8955330129900417,6709,5619,5032,1.0
case_0018,fusion_w0.70_t0.50,0.8278249402449288,0.7709548664403271,0.8937533368910949,6514,5619,5022,1.0
case_0018,fusion_w0.70_t0.55,0.8375982605779916,0.7900299731806436,0.8912617903525694,6339,5619,5008,1.0
case_0018,fusion_w0.70_t0.60,0.8464349451849694,0.810019518541298,0.8862786972755183,6148,5619,4980,1.0
case_0018,fusion_w0.70_t0.65,0.8577634894422992,0.838030560270224,0.8784481224401522,5890,5619,4936,1.0
case_0018,fusion_w0.80_t0.35,0.7804009598260079,0.6905479452045336,0.8971347214790939,7300,5619,5041,1.0
case_0018,fusion_w0.80_t0.40,0.7918630223053786,0.7087023759303969,0.8971347214790939,7113,5619,5041,1.0
case_0018,fusion_w0.80_t0.45,0.8040874980035094,0.7291153901828158,0.8962448834296205,6907,5619,5036,1.0
case_0018,fusion_w0.80_t0.50,0.8150790433718564,0.7485110184622565,0.8946431749405683,6716,5619,5027,1.0
case_0018,fusion_w0.80_t0.55,0.8239453992263597,0.7658208498918285,0.8916177255723587,6542,5619,5010,1.0
case_0018,fusion_w0.80_t0.60,0.832624468350569,0.7834274952906726,0.8884143085942545,6372,5619,4992,1.0
case_0018,fusion_w0.80_t0.65,0.8407686447127395,0.8017436228595387,0.8837871507369928,6194,5619,4966,1.0
case_0020,nnunet,0.7018436109340738,0.8997555012210273,0.575299635226081,6135,9595,5520,1.0
case_0020,medformer_lcc_t0.25,0.0,0.0,0.0,6475,9595,0,0.0
case_0020,union_t0.25,0.0,0.0,0.0,6475,9595,0,0.0
case_0020,intersection_t0.25,0.0,0.0,0.0,0,9595,0,0.0
case_0020,medformer_lcc_t0.30,0.0,0.0,0.0,5770,9595,0,0.0
case_0020,union_t0.30,0.7018436109340738,0.8997555012210273,0.575299635226081,6135,9595,5520,1.0
case_0020,intersection_t0.30,0.0,0.0,0.0,0,9595,0,0.0
case_0020,medformer_lcc_t0.35,0.0,0.0,0.0,5014,9595,0,0.0
case_0020,union_t0.35,0.7018436109340738,0.8997555012210273,0.575299635226081,6135,9595,5520,1.0
case_0020,intersection_t0.35,0.0,0.0,0.0,0,9595,0,0.0
case_0020,medformer_lcc_t0.40,0.0,0.0,0.0,4354,9595,0,0.0
case_0020,union_t0.40,0.7018436109340738,0.8997555012210273,0.575299635226081,6135,9595,5520,1.0
case_0020,intersection_t0.40,0.0,0.0,0.0,0,9595,0,0.0
case_0020,medformer_lcc_t0.45,0.4834023334584242,0.8701897018946607,0.33465346534618584,3690,9595,3211,1.0
case_0020,union_t0.45,0.7722667232503462,0.7864088159023482,0.758624283480189,9256,9595,7279,1.0
case_0020,intersection_t0.45,0.4065718489452292,0.9424024251574749,0.259197498696968,2639,9595,2487,1.0
case_0020,medformer_lcc_t0.50,0.4692248656941909,0.8899563318751385,0.31860343929096546,3435,9595,3057,1.0
case_0020,union_t0.50,0.7442390782520738,0.8772103550701977,0.6462741010936464,7069,9595,6201,1.0
case_0020,intersection_t0.50,0.39285714285681805,0.9500199919994002,0.24762897342340004,2501,9595,2376,1.0
case_0020,medformer_lcc_t0.55,0.44880345233389657,0.9079365079336257,0.29807191245409265,3150,9595,2860,1.0
case_0020,union_t0.55,0.7411800302567375,0.8836940836928086,0.6382490880660362,6930,9595,6124,1.0
case_0020,intersection_t0.55,0.3775732217570062,0.9579617834354227,0.2351224596141374,2355,9595,2256,1.0
case_0020,medformer_lcc_t0.60,0.41673409936849265,0.9319580166451974,0.2683689421570939,2763,9595,2575,1.0
case_0020,union_t0.60,0.7392389649919395,0.8888726207893282,0.6327253778002785,6830,9595,6071,1.0
case_0020,intersection_t0.60,0.3470805110174508,0.9787234042505865,0.21094319958289634,2068,9595,2024,1.0
case_0020,medformer_lcc_t0.65,0.3583981074684366,0.9464524765687352,0.22105263157871696,2241,9595,2121,1.0
case_0020,union_t0.65,0.7351696214951627,0.8935281837147427,0.6244919228758473,6706,9595,5992,1.0
case_0020,intersection_t0.65,0.29276520195269173,0.9874251496946861,0.17186034392895064,1670,9595,1649,1.0
case_0020,medformer_lcc_t0.70,0.2861189801697184,0.9500293944682539,0.1684210526314034,1701,9595,1616,1.0
case_0020,union_t0.70,0.728857566765128,0.8957605227155512,0.6143824908800266,6581,9595,5895,1.0
case_0020,intersection_t0.70,0.22810252627675814,0.9888089528298257,0.1289213131838156,1251,9595,1237,1.0
case_0020,medformer_lcc_t0.75,0.0,0.0,0.0,1060,9595,0,0.0
case_0020,union_t0.75,0.7018436109340738,0.8997555012210273,0.575299635226081,6135,9595,5520,1.0
case_0020,intersection_t0.75,0.0,0.0,0.0,0,9595,0,0.0
case_0020,fusion_w0.40_t0.35,0.7031824521359812,0.8975562388721515,0.5780093798847545,6179,9595,5546,1.0
case_0020,fusion_w0.40_t0.40,0.7018436109340738,0.8997555012210273,0.575299635226081,6135,9595,5520,1.0
case_0020,fusion_w0.40_t0.45,0.7018436109340738,0.8997555012210273,0.575299635226081,6135,9595,5520,1.0
case_0020,fusion_w0.40_t0.50,0.7018436109340738,0.8997555012210273,0.575299635226081,6135,9595,5520,1.0
case_0020,fusion_w0.40_t0.55,0.7018436109340738,0.8997555012210273,0.575299635226081,6135,9595,5520,1.0
case_0020,fusion_w0.40_t0.60,0.7018436109340738,0.8997555012210273,0.575299635226081,6135,9595,5520,1.0
case_0020,fusion_w0.40_t0.65,0.5108931646323943,0.9069643806461803,0.35560187597670073,3762,9595,3412,1.0
case_0020,fusion_w0.50_t0.35,0.728857566765128,0.8957605227155512,0.6143824908800266,6581,9595,5895,1.0
case_0020,fusion_w0.50_t0.40,0.7076108203539266,0.8957535121313925,0.5847837415314384,6264,9595,5611,1.0
case_0020,fusion_w0.50_t0.45,0.7032479066222385,0.8985248824754442,0.577696717039523,6169,9595,5543,1.0
case_0020,fusion_w0.50_t0.50,0.7018436109340738,0.8997555012210273,0.575299635226081,6135,9595,5520,1.0
case_0020,fusion_w0.50_t0.55,0.5125177490467734,0.9057052297915856,0.35737363209967965,3786,9595,3429,1.0
case_0020,fusion_w0.50_t0.60,0.5035851762393361,0.9129720853833799,0.3476810838975011,3654,9595,3336,1.0
case_0020,fusion_w0.50_t0.65,0.4819537831358822,0.9324162679397955,0.3249609171440073,3344,9595,3118,1.0
case_0020,fusion_w0.60_t0.35,0.7400388726914844,0.8868830979751247,0.6349140177168995,6869,9595,6092,1.0
case_0020,fusion_w0.60_t0.40,0.7336121018320417,0.8947052647354212,0.6216779572687632,6667,9595,5965,1.0
case_0020,fusion_w0.60_t0.45,0.5348752104219169,0.8982300884933672,0.38082334549204705,4068,9595,3654,1.0
case_0020,fusion_w0.60_t0.50,0.5091671031950092,0.9028662420358204,0.3545596664925955,3768,9595,3402,1.0
case_0020,fusion_w0.60_t0.55,0.5005313496276753,0.9212070410703515,0.3436164669094907,3579,9595,3297,1.0
case_0020,fusion_w0.60_t0.60,0.4678088085735212,0.937892095354649,0.3116206357474605,3188,9595,2990,1.0
case_0020,fusion_w0.60_t0.65,0.4279961340202738,0.9418645870225386,0.2769150599267567,2821,9595,2657,1.0
case_0020,fusion_w0.70_t0.35,0.5753138075309795,0.869336143306914,0.4299114121934029,4745,9595,4125,1.0
case_0020,fusion_w0.70_t0.40,0.5656522664392667,0.8856063971548521,0.4155289213127508,4502,9595,3987,1.0
case_0020,fusion_w0.70_t0.45,0.5499855114455592,0.9018769303851226,0.39562272016634115,4209,9595,3796,1.0
case_0020,fusion_w0.70_t0.50,0.52275779734329,0.9201470974496451,0.36508598228205824,3807,9595,3503,1.0
case_0020,fusion_w0.70_t0.55,0.46583899429962844,0.9287048567841573,0.31089108910858687,3212,9595,2983,1.0
case_0020,fusion_w0.70_t0.60,0.425326244562248,0.9365023057788702,0.27514330380377783,2819,9595,2640,1.0
case_0020,fusion_w0.70_t0.65,0.3954140547670773,0.9478054566985061,0.249817613340021,2529,9595,2397,1.0
case_0020,fusion_w0.80_t0.35,0.5719644345647596,0.8575296813146063,0.4290776446061187,4801,9595,4117,1.0
case_0020,fusion_w0.80_t0.40,0.5619094977619081,0.882418563139486,0.41219385096361416,4482,9595,3955,1.0
case_0020,fusion_w0.80_t0.45,0.5371035089000533,0.9038461538439254,0.38207399687297333,4056,9595,3666,1.0
case_0020,fusion_w0.80_t0.50,0.5029487373351709,0.916001101622374,0.34663887441339586,3631,9595,3326,1.0
case_0020,fusion_w0.80_t0.55,0.46583899429962844,0.9287048567841573,0.31089108910858687,3212,9595,2983,1.0
case_0020,fusion_w0.80_t0.60,0.418965935754981,0.936685962369983,0.26982803543484124,2764,9595,2589,1.0
case_0020,fusion_w0.80_t0.65,0.37952309488045727,0.9487286369281004,0.23720687858234787,2399,9595,2276,1.0
case_0021,nnunet,0.0,0.0,0.0,1184,1912,0,0.0
case_0021,medformer_lcc_t0.25,0.3053189779844041,0.22036650429083654,0.49686192468359386,4311,1912,950,1.0
case_0021,union_t0.25,0.2884031572551785,0.20316509837424473,0.49686192468359386,4676,1912,950,1.0
case_0021,intersection_t0.25,0.0,0.0,0.0,819,1912,0,0.0
case_0021,medformer_lcc_t0.30,0.3006255585338684,0.2283464566922934,0.4398535564830552,3683,1912,841,1.0
case_0021,union_t0.30,0.27705485093019755,0.2022120702086987,0.4398535564830552,4159,1912,841,1.0
case_0021,intersection_t0.30,0.0,0.0,0.0,708,1912,0,0.0
case_0021,medformer_lcc_t0.35,0.30139643134154115,0.23951911220641334,0.4063807531359499,3244,1912,777,1.0
case_0021,union_t0.35,0.27139364303131086,0.20372312532720577,0.4063807531359499,3814,1912,777,1.0
case_0021,intersection_t0.35,0.0,0.0,0.0,614,1912,0,0.0
case_0021,medformer_lcc_t0.40,0.29389473684148654,0.24594785059814678,0.36506276150436684,2838,1912,698,1.0
case_0021,union_t0.40,0.25899814471194993,0.2006900517533045,0.36506276150436684,3478,1912,698,1.0
case_0021,intersection_t0.40,0.0,0.0,0.0,544,1912,0,0.0
case_0021,medformer_lcc_t0.45,0.284547311095338,0.2513026052094136,0.32792887029117196,2495,1912,627,1.0
case_0021,union_t0.45,0.24544920728078792,0.19612136377792894,0.32792887029117196,3197,1912,627,1.0
case_0021,intersection_t0.45,0.0,0.0,0.0,482,1912,0,0.0
case_0021,medformer_lcc_t0.50,0.27791321306611916,0.2602739726015513,0.2981171548101563,2190,1912,570,1.0
case_0021,union_t0.50,0.23500309214546486,0.19394351820281067,0.2981171548101563,2939,1912,570,1.0
case_0021,intersection_t0.50,0.0,0.0,0.0,435,1912,0,0.0
case_0021,medformer_lcc_t0.55,0.26787564766769983,0.26540041067625564,0.27039748953833476,1948,1912,517,1.0
case_0021,union_t0.55,0.22241342224086383,0.1888929484830512,0.27039748953833476,2737,1912,517,1.0
case_0021,intersection_t0.55,0.0,0.0,0.0,395,1912,0,0.0
case_0021,medformer_lcc_t0.60,0.25874514158728834,0.2757396449687826,0.24372384937111025,1690,1912,466,1.0
case_0021,union_t0.60,0.20995719756654663,0.18440838939380924,0.24372384937111025,2527,1912,466,1.0
case_0021,intersection_t0.60,0.0,0.0,0.0,347,1912,0,0.0
case_0021,medformer_lcc_t0.65,0.2436949255538022,0.2907904278441567,0.20972803347170646,1379,1912,401,1.0
case_0021,union_t0.65,0.1908160837492486,0.17503273679539488,0.20972803347170646,2291,1912,401,1.0
case_0021,intersection_t0.65,0.0,0.0,0.0,272,1912,0,0.0
case_0021,medformer_lcc_t0.70,0.19915552427797623,0.3043010752655452,0.1480125523004811,930,1912,283,1.0
case_0021,union_t0.70,0.14535182331755175,0.14278506558959242,0.1480125523004811,1982,1912,283,1.0
case_0021,intersection_t0.70,0.0,0.0,0.0,132,1912,0,0.0
case_0021,medformer_lcc_t0.75,0.09058614564791037,0.29999999999117644,0.05334728033444902,340,1912,102,1.0
case_0021,union_t0.75,0.05949256342939781,0.06723796967655084,0.05334728033444902,1517,1912,102,1.0
case_0021,intersection_t0.75,0.0,0.0,0.0,7,1912,0,0.0
case_0021,fusion_w0.40_t0.35,0.0,0.0,0.0,1184,1912,0,0.0
case_0021,fusion_w0.40_t0.40,0.0,0.0,0.0,1184,1912,0,0.0
case_0021,fusion_w0.40_t0.45,0.0,0.0,0.0,1184,1912,0,0.0
case_0021,fusion_w0.40_t0.50,0.0,0.0,0.0,1184,1912,0,0.0
case_0021,fusion_w0.40_t0.55,0.0,0.0,0.0,1184,1912,0,0.0
case_0021,fusion_w0.40_t0.60,0.0,0.0,0.0,1184,1912,0,0.0
case_0021,fusion_w0.40_t0.65,0.0,0.0,0.0,1074,1912,0,0.0
case_0021,fusion_w0.50_t0.35,0.14535182331755175,0.14278506558959242,0.1480125523004811,1982,1912,283,1.0
case_0021,fusion_w0.50_t0.40,0.0,0.0,0.0,1184,1912,0,0.0
case_0021,fusion_w0.50_t0.45,0.0,0.0,0.0,1184,1912,0,0.0
case_0021,fusion_w0.50_t0.50,0.0,0.0,0.0,1184,1912,0,0.0
case_0021,fusion_w0.50_t0.55,0.0,0.0,0.0,1109,1912,0,0.0
case_0021,fusion_w0.50_t0.60,0.0,0.0,0.0,928,1912,0,0.0
case_0021,fusion_w0.50_t0.65,0.0,0.0,0.0,708,1912,0,0.0
case_0021,fusion_w0.60_t0.35,0.21414320549719765,0.18584070796388674,0.2526150627601851,2599,1912,483,1.0
case_0021,fusion_w0.60_t0.40,0.18088986141458574,0.16901408450627436,0.19456066945504938,2201,1912,372,1.0
case_0021,fusion_w0.60_t0.45,0.06049822064038998,0.06986301369815162,0.05334728033444902,1460,1912,102,1.0
case_0021,fusion_w0.60_t0.50,0.0,0.0,0.0,1014,1912,0,0.0
case_0021,fusion_w0.60_t0.55,0.0,0.0,0.0,819,1912,0,0.0
case_0021,fusion_w0.60_t0.60,0.0,0.0,0.0,637,1912,0,0.0
case_0021,fusion_w0.60_t0.65,0.0,0.0,0.0,520,1912,0,0.0
case_0021,fusion_w0.70_t0.35,0.23715415019713512,0.19689119170916447,0.2981171548101563,2895,1912,570,1.0
case_0021,fusion_w0.70_t0.40,0.22282363554302476,0.19587628865901716,0.2583682008354688,2522,1912,494,1.0
case_0021,fusion_w0.70_t0.45,0.2094081942331578,0.20274240940155366,0.2165271966515872,2042,1912,414,1.0
case_0021,fusion_w0.70_t0.50,0.1413533834582215,0.16631280962373454,0.12290794979015217,1413,1912,235,1.0
case_0021,fusion_w0.70_t0.55,0.03012048192759744,0.053763440859492424,0.020920502091940792,744,1912,40,1.0
case_0021,fusion_w0.70_t0.60,0.0,0.0,0.0,508,1912,0,0.0
case_0021,fusion_w0.70_t0.65,0.0,0.0,0.0,435,1912,0,0.0
case_0021,fusion_w0.80_t0.35,0.26023804720544635,0.21182266009782652,0.33734309623254527,3045,1912,645,1.0
case_0021,fusion_w0.80_t0.40,0.25412394114967873,0.22144522144436113,0.2981171548101563,2574,1912,570,1.0
case_0021,fusion_w0.80_t0.45,0.24328285295495047,0.22823098075055806,0.26046025104466286,2182,1912,498,1.0
case_0021,fusion_w0.80_t0.50,0.23238300161314582,0.2392026578059845,0.22594142259296057,1806,1912,432,1.0
case_0021,fusion_w0.80_t0.55,0.19715754460176246,0.23369175627072625,0.17050209204931746,1395,1912,326,1.0
case_0021,fusion_w0.80_t0.60,0.0761194029847906,0.13281249999827066,0.05334728033444902,768,1912,102,1.0
case_0021,fusion_w0.80_t0.65,0.0,0.0,0.0,378,1912,0,0.0
case_0028,nnunet,0.4884418563605286,0.9232821881192577,0.3320537428015066,1499,4168,1384,1.0
case_0028,medformer_lcc_t0.25,0.688224198328364,0.784880147508344,0.6127639155455548,3254,4168,2554,1.0
case_0028,union_t0.25,0.6445931666072037,0.6311795815115402,0.6585892514379592,4349,4168,2745,1.0
case_0028,intersection_t0.25,0.44087213599327263,0.9590032154263747,0.2862284069091022,1244,4168,1193,1.0
case_0028,medformer_lcc_t0.30,0.6662844036687696,0.8276353276323802,0.5575815738950154,2808,4168,2324,1.0
case_0028,union_t0.30,0.6327683615811438,0.6482133870139702,0.6180422264860412,3974,4168,2576,1.0
case_0028,intersection_t0.30,0.4232566834914503,0.9585097375024683,0.27159309021048084,1181,4168,1132,1.0
case_0028,medformer_lcc_t0.35,0.6214042684803257,0.874238468229442,0.4820057581562332,2298,4168,2009,1.0
case_0028,union_t0.35,0.6184295077745554,0.665928591196607,0.5772552783095556,3613,4168,2406,1.0
case_0028,intersection_t0.35,0.3793965020173373,0.9536231883965834,0.23680422264818426,1035,4168,987,1.0
case_0028,medformer_lcc_t0.40,0.5419181757200839,0.8997772828457696,0.3877159309011811,1796,4168,1616,1.0
case_0028,union_t0.40,0.5887550200795332,0.665960024225724,0.5275911708240701,3302,4168,2199,1.0
case_0028,intersection_t0.40,0.3194416749744378,0.9456906729522351,0.19217850287861762,847,4168,801,1.0
case_0028,medformer_lcc_t0.45,0.45029767273958093,0.9076363636297627,0.2994241842603181,1375,4168,1248,1.0
case_0028,union_t0.45,0.560683289708554,0.6583629893217136,0.4882437619949898,3091,4168,2035,1.0
case_0028,intersection_t0.45,0.24843945068612477,0.9357366771013207,0.14323416506683487,638,4168,597,1.0
case_0028,medformer_lcc_t0.50,0.3512572533842335,0.9061876247414552,0.2178502879073468,1002,4168,908,1.0
case_0028,union_t0.50,0.5303929884075058,0.6455609084630228,0.4500959692887474,2906,4168,1876,1.0
case_0028,intersection_t0.50,0.18016457340801179,0.9244444444239012,0.09980806142010602,450,4168,416,1.0
case_0028,medformer_lcc_t0.55,0.22324607329796178,0.8780889620942655,0.12787907869451084,607,4168,533,1.0
case_0028,union_t0.55,0.4958605664480815,0.6282664703694212,0.4095489443368293,2717,4168,1707,1.0
case_0028,intersection_t0.55,0.09519492293722757,0.8606557376696452,0.05038387715918814,244,4168,210,1.0
case_0028,medformer_lcc_t0.60,0.060815480303937304,0.7630057803027164,0.03166986564291826,173,4168,132,1.0
case_0028,union_t0.60,0.5046143130759105,0.9199999999941588,0.34764875239839815,1575,4168,1449,1.0
case_0028,intersection_t0.60,0.03141852286041871,0.6907216494133277,0.01607485604602669,97,4168,67,1.0
case_0028,medformer_lcc_t0.65,0.02511253257515965,0.9999999998113207,0.012715930902080817,53,4168,53,1.0
case_0028,union_t0.65,0.49745658656288816,0.924983692100946,0.34021113243680373,1533,4168,1418,1.0
case_0028,intersection_t0.65,0.009075710532579231,0.9999999994736841,0.004558541266783689,19,4168,19,1.0
case_0028,medformer_lcc_t0.70,0.015238095238058958,0.9999999996875,0.007677543186162002,32,4168,32,1.0
case_0028,union_t0.70,0.4942872209518469,0.9243918474626931,0.337332053741993,1521,4168,1406,1.0
case_0028,intersection_t0.70,0.004786979415977053,0.9999999989999999,0.0023992322456756255,10,4168,10,1.0
case_0028,medformer_lcc_t0.75,0.008124253285524196,0.9999999994117647,0.004078694817648563,17,4168,17,1.0
case_0028,union_t0.75,0.4916358513814199,0.9238914626014303,0.33493282149631737,1511,4168,1396,1.0
case_0028,intersection_t0.75,0.00239635753653871,0.9999999980000001,0.0011996161228378128,5,4168,5,1.0
case_0028,fusion_w0.40_t0.35,0.4884418563605286,0.9232821881192577,0.3320537428015066,1499,4168,1384,1.0
case_0028,fusion_w0.40_t0.40,0.4884418563605286,0.9232821881192577,0.3320537428015066,1499,4168,1384,1.0
case_0028,fusion_w0.40_t0.45,0.4884418563605286,0.9232821881192577,0.3320537428015066,1499,4168,1384,1.0
case_0028,fusion_w0.40_t0.50,0.4884418563605286,0.9232821881192577,0.3320537428015066,1499,4168,1384,1.0
case_0028,fusion_w0.40_t0.55,0.4884418563605286,0.9232821881192577,0.3320537428015066,1499,4168,1384,1.0
case_0028,fusion_w0.40_t0.60,0.4884418563605286,0.9232821881192577,0.3320537428015066,1499,4168,1384,1.0
case_0028,fusion_w0.40_t0.65,0.4511772221200015,0.9427917620065387,0.29654510556550734,1311,4168,1236,1.0
case_0028,fusion_w0.50_t0.35,0.4942872209518469,0.9243918474626931,0.337332053741993,1521,4168,1406,1.0
case_0028,fusion_w0.50_t0.40,0.48924162257409304,0.9234354194345977,0.3327735124752093,1502,4168,1387,1.0
case_0028,fusion_w0.50_t0.45,0.4884418563605286,0.9232821881192577,0.3320537428015066,1499,4168,1384,1.0
case_0028,fusion_w0.50_t0.50,0.4884418563605286,0.9232821881192577,0.3320537428015066,1499,4168,1384,1.0
case_0028,fusion_w0.50_t0.55,0.45229424617543285,0.9380664652497126,0.2979846449129127,1324,4168,1242,1.0
case_0028,fusion_w0.50_t0.60,0.4469766587016229,0.9552238805895112,0.2917466410741561,1273,4168,1216,1.0
case_0028,fusion_w0.50_t0.65,0.4232566834914503,0.9585097375024683,0.27159309021048084,1181,4168,1132,1.0
case_0028,fusion_w0.60_t0.35,0.5430888813779265,0.918285714280467,0.38555662188007306,1750,4168,1607,1.0
case_0028,fusion_w0.60_t0.40,0.496665496664625,0.924836601301145,0.33949136276310105,1530,4168,1415,1.0
case_0028,fusion_w0.60_t0.45,0.45601306003907854,0.9345724906993713,0.30158349328142614,1345,4168,1257,1.0
case_0028,fusion_w0.60_t0.50,0.4488001465461645,0.9488768396518291,0.29390595009526416,1291,4168,1225,1.0
case_0028,fusion_w0.60_t0.55,0.44087213599327263,0.9590032154263747,0.2862284069091022,1244,4168,1193,1.0
case_0028,fusion_w0.60_t0.60,0.40022761760166875,0.9556159420203296,0.2531190019187785,1104,4168,1055,1.0
case_0028,fusion_w0.60_t0.65,0.29806138933703946,0.9413265306002382,0.17706333973086116,784,4168,738,1.0
case_0028,fusion_w0.70_t0.35,0.5686723348584554,0.8927104722746781,0.4172264875229913,1948,4168,1739,1.0
case_0028,fusion_w0.70_t0.40,0.5187369882017371,0.9367167919740808,0.35868522072850606,1596,4168,1495,1.0
case_0028,fusion_w0.70_t0.45,0.4608378870665559,0.9568835098263474,0.30350287907796664,1322,4168,1265,1.0
case_0028,fusion_w0.70_t0.50,0.43371704418783197,0.9589490968722583,0.28023032629491307,1218,4168,1168,1.0
case_0028,fusion_w0.70_t0.55,0.37690086621679136,0.9532619279361904,0.23488483685164377,1027,4168,979,1.0
case_0028,fusion_w0.70_t0.60,0.28022875816936227,0.9423076922947485,0.1645873320533479,728,4168,686,1.0
case_0028,fusion_w0.70_t0.65,0.18016457340801179,0.9244444444239012,0.09980806142010602,450,4168,416,1.0
case_0028,fusion_w0.80_t0.35,0.6095846645357674,0.9120458890969788,0.4577735124749094,2092,4168,1908,1.0
case_0028,fusion_w0.80_t0.40,0.5636394045817634,0.9304251794537249,0.40427063339634295,1811,4168,1685,1.0
case_0028,fusion_w0.80_t0.45,0.49496199398887225,0.9402283411622551,0.3358925143945876,1489,4168,1400,1.0
case_0028,fusion_w0.80_t0.50,0.38808250572882336,0.9513108614143136,0.24376199616064356,1068,4168,1016,1.0
case_0028,fusion_w0.80_t0.55,0.2781186094063842,0.9418282548346008,0.16314779270594254,722,4168,680,1.0
case_0028,fusion_w0.80_t0.60,0.18488120950284043,0.9264069263868743,0.10268714011491678,462,4168,428,1.0
case_0028,fusion_w0.80_t0.65,0.05329008341044187,0.7770270269745252,0.027591170825269695,148,4168,115,1.0
case_0031,nnunet,0.0,0.0,0.0,0,2149,0,0.0
case_0031,medformer_lcc_t0.25,0.6733536851271842,0.6335658596609209,0.7184737086983785,2437,2149,1544,1.0
case_0031,union_t0.25,0.6733536851271842,0.6335658596609209,0.7184737086983785,2437,2149,1544,1.0
case_0031,intersection_t0.25,0.0,0.0,0.0,0,2149,0,0.0
case_0031,medformer_lcc_t0.30,0.657642940488547,0.6596441947534661,0.6556537924585591,2136,2149,1409,1.0
case_0031,union_t0.30,0.657642940488547,0.6596441947534661,0.6556537924585591,2136,2149,1409,1.0
case_0031,intersection_t0.30,0.0,0.0,0.0,0,2149,0,0.0
case_0031,medformer_lcc_t0.35,0.6626272418791502,0.6914516944830984,0.636109818517282,1977,2149,1367,1.0
case_0031,union_t0.35,0.6626272418791502,0.6914516944830984,0.636109818517282,1977,2149,1367,1.0
case_0031,intersection_t0.35,0.0,0.0,0.0,0,2149,0,0.0
case_0031,medformer_lcc_t0.40,0.6558116232448502,0.7102550189869221,0.609120521169804,1843,2149,1309,1.0
case_0031,union_t0.40,0.6558116232448502,0.7102550189869221,0.609120521169804,1843,2149,1309,1.0
case_0031,intersection_t0.40,0.0,0.0,0.0,0,2149,0,0.0
case_0031,medformer_lcc_t0.45,0.6480620155022014,0.7286461359632269,0.5835272219609887,1721,2149,1254,1.0
case_0031,union_t0.45,0.6480620155022014,0.7286461359632269,0.5835272219609887,1721,2149,1254,1.0
case_0031,intersection_t0.45,0.0,0.0,0.0,0,2149,0,0.0
case_0031,medformer_lcc_t0.50,0.6441848114693464,0.7501546072928253,0.5644485807325992,1617,2149,1213,1.0
case_0031,union_t0.50,0.6441848114693464,0.7501546072928253,0.5644485807325992,1617,2149,1213,1.0
case_0031,intersection_t0.50,0.0,0.0,0.0,0,2149,0,0.0
case_0031,medformer_lcc_t0.55,0.6366612111275596,0.7692814765934788,0.5430432759397719,1517,2149,1167,1.0
case_0031,union_t0.55,0.6366612111275596,0.7692814765934788,0.5430432759397719,1517,2149,1167,1.0
case_0031,intersection_t0.55,0.0,0.0,0.0,0,2149,0,0.0
case_0031,medformer_lcc_t0.60,0.6246498599422279,0.7846586910571102,0.5188459748696191,1421,2149,1115,1.0
case_0031,union_t0.60,0.6246498599422279,0.7846586910571102,0.5188459748696191,1421,2149,1115,1.0
case_0031,intersection_t0.60,0.0,0.0,0.0,0,2149,0,0.0
case_0031,medformer_lcc_t0.65,0.617368873600982,0.8037313432775841,0.5011633317798923,1340,2149,1077,1.0
case_0031,union_t0.65,0.617368873600982,0.8037313432775841,0.5011633317798923,1340,2149,1077,1.0
case_0031,intersection_t0.65,0.0,0.0,0.0,0,2149,0,0.0
case_0031,medformer_lcc_t0.70,0.6018326928743665,0.8249594813547411,0.4737087017195267,1234,2149,1018,1.0
case_0031,union_t0.70,0.6018326928743665,0.8249594813547411,0.4737087017195267,1234,2149,1018,1.0
case_0031,intersection_t0.70,0.0,0.0,0.0,0,2149,0,0.0
case_0031,medformer_lcc_t0.75,0.5834862385303258,0.851025869751552,0.4439274080947235,1121,2149,954,1.0
case_0031,union_t0.75,0.5834862385303258,0.851025869751552,0.4439274080947235,1121,2149,954,1.0
case_0031,intersection_t0.75,0.0,0.0,0.0,0,2149,0,0.0
case_0031,fusion_w0.40_t0.35,0.5084288604163573,0.9228886168797688,0.35086086551721335,817,2149,754,1.0
case_0031,fusion_w0.40_t0.40,0.0,0.0,0.0,0,2149,0,0.0
case_0031,fusion_w0.40_t0.45,0.0,0.0,0.0,0,2149,0,0.0
case_0031,fusion_w0.40_t0.50,0.0,0.0,0.0,0,2149,0,0.0
case_0031,fusion_w0.40_t0.55,0.0,0.0,0.0,0,2149,0,0.0
case_0031,fusion_w0.40_t0.60,0.0,0.0,0.0,0,2149,0,0.0
case_0031,fusion_w0.40_t0.65,0.0,0.0,0.0,0,2149,0,0.0
case_0031,fusion_w0.50_t0.35,0.6018326928743665,0.8249594813547411,0.4737087017195267,1234,2149,1018,1.0
case_0031,fusion_w0.50_t0.40,0.5641187618428171,0.8780727630198812,0.41554211260858287,1017,2149,893,1.0
case_0031,fusion_w0.50_t0.45,0.47267664462070075,0.9378453038544496,0.315960912050647,724,2149,679,1.0
case_0031,fusion_w0.50_t0.50,0.0,0.0,0.0,0,2149,0,0.0
case_0031,fusion_w0.50_t0.55,0.0,0.0,0.0,0,2149,0,0.0
case_0031,fusion_w0.50_t0.60,0.0,0.0,0.0,0,2149,0,0.0
case_0031,fusion_w0.50_t0.65,0.0,0.0,0.0,0,2149,0,0.0
case_0031,fusion_w0.60_t0.35,0.6286826014435001,0.780538302272046,0.52629129827582,1449,2149,1131,1.0
case_0031,fusion_w0.60_t0.40,0.611914401386316,0.8082505729502808,0.49232201023502875,1309,2149,1058,1.0
case_0031,fusion_w0.60_t0.45,0.5834862385303258,0.851025869751552,0.4439274080947235,1121,2149,954,1.0
case_0031,fusion_w0.60_t0.50,0.5474570780675495,0.9008528784552148,0.3932061423899805,938,2149,845,1.0
case_0031,fusion_w0.60_t0.55,0.4487908961577212,0.9517345399554791,0.2936249418320446,663,2149,631,1.0
case_0031,fusion_w0.60_t0.60,0.0,0.0,0.0,0,2149,0,0.0
case_0031,fusion_w0.60_t0.65,0.0,0.0,0.0,0,2149,0,0.0
case_0031,fusion_w0.70_t0.35,0.6441848114693464,0.7501546072928253,0.5644485807325992,1617,2149,1213,1.0
case_0031,fusion_w0.70_t0.40,0.631288004420588,0.7773995915535916,0.5314099581175831,1469,2149,1142,1.0
case_0031,fusion_w0.70_t0.45,0.618067467122304,0.8013343217138523,0.5030246626314424,1349,2149,1081,1.0
case_0031,fusion_w0.70_t0.50,0.5997019374050679,0.8341625207227682,0.46812470916487614,1206,2149,1006,1.0
case_0031,fusion_w0.70_t0.55,0.5683881064144964,0.8680688336437088,0.42252210330189616,1046,2149,908,1.0
case_0031,fusion_w0.70_t0.60,0.5290023201838615,0.9193548386990857,0.37133550488426553,868,2149,798,1.0
case_0031,fusion_w0.70_t0.65,0.4211670895236638,0.9524590163778285,0.27035830618766704,610,2149,581,1.0
case_0031,fusion_w0.80_t0.35,0.6487317448100212,0.7217787913299785,0.5891112145156393,1754,2149,1266,1.0
case_0031,fusion_w0.80_t0.40,0.6441848114693464,0.7501546072928253,0.5644485807325992,1617,2149,1213,1.0
case_0031,fusion_w0.80_t0.45,0.6339187705800386,0.7725752508309527,0.5374592833851212,1495,2149,1155,1.0
case_0031,fusion_w0.80_t0.50,0.6226628895166497,0.7958001448168299,0.5114006514634184,1381,2149,1099,1.0
case_0031,fusion_w0.80_t0.55,0.6039952996456992,0.8191235059695688,0.47836202884840223,1255,2149,1028,1.0
case_0031,fusion_w0.80_t0.60,0.5834862385303258,0.851025869751552,0.4439274080947235,1121,2149,954,1.0
case_0031,fusion_w0.80_t0.65,0.5614258434100527,0.8882175226496655,0.41042345276681985,993,2149,882,1.0
case_0034,nnunet,0.6351758793964529,0.937221947600254,0.4803648340505696,4046,7894,3792,1.0
case_0034,medformer_lcc_t0.25,0.7907560914338163,0.7840597758396214,0.7975677729911356,8030,7894,6296,1.0
case_0034,union_t0.25,0.7929289774496889,0.7821318545893011,0.8040283759807397,8115,7894,6347,1.0
case_0034,intersection_t0.25,0.6311261071272618,0.944458470080928,0.4739042310609654,3961,7894,3741,1.0
case_0034,medformer_lcc_t0.30,0.785893881760824,0.8001837993950371,0.7721053965026956,7617,7894,6095,1.0
case_0034,union_t0.30,0.7887900697416412,0.796897220425602,0.7808462123121601,7735,7894,6164,1.0
case_0034,intersection_t0.30,0.6298426662149975,0.9478105906289517,0.4716240182411051,3928,7894,3723,1.0
case_0034,medformer_lcc_t0.35,0.7785270395340614,0.8141592920342725,0.7458829490743022,7232,7894,5888,1.0
case_0034,union_t0.35,0.7841547914754973,0.8101026472166261,0.7598175829734485,7404,7894,5998,1.0
case_0034,intersection_t0.35,0.6257647858594274,0.950438822919591,0.46643020015142334,3874,7894,3682,1.0
case_0034,medformer_lcc_t0.40,0.7700853542875151,0.8276062900395638,0.7200405371158854,6868,7894,5684,1.0
case_0034,union_t0.40,0.7801106445372391,0.8231818821200968,0.7413225234345816,7109,7894,5852,1.0
case_0034,intersection_t0.40,0.6195401316346529,0.952431011824041,0.45908284773187347,3805,7894,3624,1.0
case_0034,medformer_lcc_t0.45,0.7606338615507641,0.8426239605776985,0.6931846972375308,6494,7894,5472,1.0
case_0034,union_t0.45,0.7747417074491743,0.83587562334873,0.721940714465769,6818,7894,5699,1.0
case_0034,intersection_t0.45,0.6138085399443751,0.9578183772139769,0.4516088168223314,3722,7894,3565,1.0
case_0034,medformer_lcc_t0.50,0.745876472687793,0.8546882670580025,0.6616417532294634,6111,7894,5223,1.0
case_0034,union_t0.50,0.7674176776424488,0.8474965548907556,0.7011654421070419,6531,7894,5535,1.0
case_0034,intersection_t0.50,0.6041666666661422,0.9597352454468844,0.4408411451729911,3626,7894,3480,1.0
case_0034,medformer_lcc_t0.55,0.725585505964998,0.8666432090062164,0.6240182417017685,5684,7894,4926,1.0
case_0034,union_t0.55,0.759225222677252,0.8589251439525609,0.6802634912583224,6252,7894,5370,1.0
case_0034,intersection_t0.55,0.5888146324300133,0.9626221966619821,0.42411958449401554,3478,7894,3348,1.0
case_0034,medformer_lcc_t0.60,0.6969974089310341,0.8747130833954194,0.5793007347345082,5228,7894,4573,1.0
case_0034,union_t0.60,0.7482335976923228,0.8683065595701669,0.6573346845697272,5976,7894,5189,1.0
case_0034,intersection_t0.60,0.5675482487485993,0.9630078835628775,0.40233088421535046,3298,7894,3176,1.0
case_0034,medformer_lcc_t0.65,0.6588291365472564,0.8832800851951368,0.5253356979978144,4695,7894,4147,1.0
case_0034,union_t0.65,0.7372214459066432,0.8788357005069634,0.6349125918411009,5703,7894,5012,1.0
case_0034,intersection_t0.65,0.5354921331864841,0.963462804473458,0.370787940207283,3038,7894,2927,1.0
case_0034,medformer_lcc_t0.70,0.6099999999994916,0.8913784705287594,0.46364327337159406,4106,7894,3660,1.0
case_0034,union_t0.70,0.7245702274598569,0.8892574166189622,0.6113503927025445,5427,7894,4826,1.0
case_0034,intersection_t0.70,0.49458517751154096,0.9636697247671059,0.33265771471961914,2725,7894,2626,1.0
case_0034,medformer_lcc_t0.75,0.5591604722338791,0.9028523016071651,0.4049911325051875,3541,7894,3197,1.0
case_0034,union_t0.75,0.7110668301649976,0.900077609621847,0.5876615150739959,5154,7894,4639,1.0
case_0034,intersection_t0.75,0.4551176527544736,0.9658857377683276,0.2976944514817612,2433,7894,2350,1.0
case_0034,fusion_w0.40_t0.35,0.6783597629339433,0.9222560975589672,0.5364834051171314,4592,7894,4235,1.0
case_0034,fusion_w0.40_t0.40,0.6351758793964529,0.937221947600254,0.4803648340505696,4046,7894,3792,1.0
case_0034,fusion_w0.40_t0.45,0.6351758793964529,0.937221947600254,0.4803648340505696,4046,7894,3792,1.0
case_0034,fusion_w0.40_t0.50,0.6351758793964529,0.937221947600254,0.4803648340505696,4046,7894,3792,1.0
case_0034,fusion_w0.40_t0.55,0.6351758793964529,0.937221947600254,0.4803648340505696,4046,7894,3792,1.0
case_0034,fusion_w0.40_t0.60,0.6351758793964529,0.937221947600254,0.4803648340505696,4046,7894,3792,1.0
case_0034,fusion_w0.40_t0.65,0.6325346784357859,0.9402649337642083,0.47656447935080243,4001,7894,3762,1.0
case_0034,fusion_w0.50_t0.35,0.7245702274598569,0.8892574166189622,0.6113503927025445,5427,7894,4826,1.0
case_0034,fusion_w0.50_t0.40,0.699687987518955,0.9104750304488216,0.5681530276151912,4926,7894,4485,1.0
case_0034,fusion_w0.50_t0.45,0.6712925609160308,0.9244444444423902,0.5269825183677135,4500,7894,4160,1.0
case_0034,fusion_w0.50_t0.50,0.6351758793964529,0.937221947600254,0.4803648340505696,4046,7894,3792,1.0
case_0034,fusion_w0.50_t0.55,0.6339293209093981,0.9395371983056992,0.4783379782106938,4019,7894,3776,1.0
case_0034,fusion_w0.50_t0.60,0.6317561879098907,0.9417670682707285,0.47529769445088005,3984,7894,3752,1.0
case_0034,fusion_w0.50_t0.65,0.6298426662149975,0.9478105906289517,0.4716240182411051,3928,7894,3723,1.0
case_0034,fusion_w0.60_t0.35,0.7530625402960434,0.8666117065113493,0.6658221433992072,6065,7894,5256,1.0
case_0034,fusion_w0.60_t0.40,0.733515873602654,0.882007474638046,0.6278185964015356,5619,7894,4956,1.0
case_0034,fusion_w0.60_t0.45,0.7102717641634344,0.9014029618065055,0.5860146947040967,5132,7894,4626,1.0
case_0034,fusion_w0.60_t0.50,0.6877627091754399,0.919618239658707,0.5492779326063475,4715,7894,4336,1.0
case_0034,fusion_w0.60_t0.55,0.6628534074189714,0.9337016574564142,0.5138079554085206,4344,7894,4056,1.0
case_0034,fusion_w0.60_t0.60,0.627427699091996,0.9491916859098045,0.46858373448129137,3897,7894,3699,1.0
case_0034,fusion_w0.60_t0.65,0.6172564476046463,0.9536669314245336,0.45629592095204424,3777,7894,3602,1.0
case_0034,fusion_w0.70_t0.35,0.7670415104812113,0.8484336609323581,0.6998986572071195,6512,7894,5525,1.0
case_0034,fusion_w0.70_t0.40,0.7535589097927222,0.8655710764159974,0.6672156067891218,6085,7894,5267,1.0
case_0034,fusion_w0.70_t0.45,0.7359811362458654,0.8796899770990317,0.6326323790212407,5677,7894,4994,1.0
case_0034,fusion_w0.70_t0.50,0.7177652610741987,0.8991228070158293,0.597289080313406,5244,7894,4715,1.0
case_0034,fusion_w0.70_t0.55,0.6950432730128284,0.9171511627887933,0.5595388902957189,4816,7894,4417,1.0
case_0034,fusion_w0.70_t0.60,0.6682946682941242,0.9348667729425305,0.5200152014181404,4391,7894,4105,1.0
case_0034,fusion_w0.70_t0.65,0.6348163127733107,0.9479114242552896,0.4771978718007636,3974,7894,3767,1.0
case_0034,fusion_w0.80_t0.35,0.7731937742127553,0.8341399032103913,0.7205472510758544,6819,7894,5688,1.0
case_0034,fusion_w0.80_t0.40,0.7648535564848222,0.8507601613390463,0.6947048391174376,6446,7894,5484,1.0
case_0034,fusion_w0.80_t0.45,0.7530288909593855,0.8673823286525725,0.6653154294392383,6055,7894,5252,1.0
case_0034,fusion_w0.80_t0.50,0.7341809580124673,0.8814341498031923,0.629085381301458,5634,7894,4966,1.0
case_0034,fusion_w0.80_t0.55,0.7131191330224276,0.8969091956212384,0.5918419052437398,5209,7894,4672,1.0
case_0034,fusion_w0.80_t0.60,0.6853025023751304,0.9140261934919434,0.5481378261964174,4734,7894,4327,1.0
case_0034,fusion_w0.80_t0.65,0.6504198913217104,0.928974600185962,0.5003800354693433,4252,7894,3950,1.0
case_0041,nnunet,0.9253444408837389,0.9863387978128602,0.871454435726166,7320,8285,7220,1.0
case_0041,medformer_lcc_t0.25,0.7267470351853735,0.6117482055930932,0.8949909474943935,12121,8285,7415,1.0
case_0041,union_t0.25,0.766353365612472,0.6315624755491498,0.9742908871442675,12781,8285,8072,1.0
case_0041,intersection_t0.25,0.8782870525253407,0.9854354354339558,0.7921544960762918,6660,8285,6563,1.0
case_0041,medformer_lcc_t0.30,0.7427098600087215,0.6388454181875858,0.8869040434509512,11502,8285,7348,1.0
case_0041,union_t0.30,0.7856724575440241,0.6594576882111416,0.97163548581657,12207,8285,8050,1.0
case_0041,intersection_t0.30,0.8748993288584732,0.9853363567634387,0.7867229933605471,6615,8285,6518,1.0
case_0041,medformer_lcc_t0.35,0.755587898949602,0.6635624942931949,0.8772480386229604,10953,8285,7268,1.0
case_0041,union_t0.35,0.8022406722012593,0.6849432060802075,0.9680144840060735,11709,8285,8020,1.0
case_0041,intersection_t0.35,0.8711697757418875,0.9853747714793032,0.7806879903430528,6564,8285,6468,1.0
case_0041,medformer_lcc_t0.40,0.7644425495625855,0.6844164519508689,0.8656608328293715,10479,8285,7172,1.0
case_0041,union_t0.40,0.815968145387301,0.707006369426126,0.9646348823162767,11304,8285,7992,1.0
case_0041,intersection_t0.40,0.8660351826787104,0.9853733641247339,0.7724803862392606,6495,8285,6400,1.0
case_0041,medformer_lcc_t0.45,0.7739673496215767,0.7085966496130919,0.852625226311584,9969,8285,7064,1.0
case_0041,union_t0.45,0.8313152400830733,0.7323218390797863,0.96125528062648,10875,8285,7964,1.0
case_0041,intersection_t0.45,0.8599224437030683,0.9853445587761376,0.7628243814112698,6414,8285,6320,1.0
case_0041,medformer_lcc_t0.50,0.7830140987469623,0.732296700986833,0.8412794206386948,9518,8285,6970,1.0
case_0041,union_t0.50,0.8449203558676442,0.7562464238024449,0.9571514785745839,10486,8285,7930,1.0
case_0041,intersection_t0.50,0.8553665368580614,0.9855163727944183,0.7555823777902768,6352,8285,6260,1.0
case_0041,medformer_lcc_t0.55,0.7878717874670587,0.7553709856027072,0.823295111646562,9030,8285,6821,1.0
case_0041,union_t0.55,0.8578263469793629,0.7804709141266516,0.9522027761002386,10108,8285,7889,1.0
case_0041,intersection_t0.55,0.8469745990219267,0.9855815443752234,0.7425467712724894,6242,8285,6152,1.0
case_0041,medformer_lcc_t0.60,0.7910323501422508,0.7796272418230222,0.8027761013870817,8531,8285,6651,1.0
case_0041,union_t0.60,0.8704289440092834,0.8055669679531577,0.9466505733241439,9736,8285,7843,1.0
case_0041,intersection_t0.60,0.8372222222216408,0.9857726901046839,0.7275799637891036,6115,8285,6028,1.0
case_0041,medformer_lcc_t0.65,0.7887323943657142,0.800497203230826,0.777308388653256,8045,8285,6440,1.0
case_0041,union_t0.65,0.880867649550426,0.8278827776589213,0.9410983705480492,9418,8285,7797,1.0
case_0041,intersection_t0.65,0.8239179314215683,0.9858752312073552,0.7076644538313727,5947,8285,5863,1.0
case_0041,medformer_lcc_t0.70,0.7803303588375543,0.8202501330484031,0.7441158720570378,7516,8285,6165,1.0
case_0041,union_t0.70,0.8895656170990062,0.8488869393564547,0.9343391671684558,9119,8285,7741,1.0
case_0041,intersection_t0.70,0.8061705470641293,0.9872310652422823,0.681231140614748,5717,8285,5644,1.0
case_0041,medformer_lcc_t0.75,0.7611437627941879,0.8403324584414693,0.6955944477963842,6858,8285,5763,1.0
case_0041,union_t0.75,0.8997897687450946,0.8715918090271845,0.92987326493551,8839,8285,7704,1.0
case_0041,intersection_t0.75,0.774955960069895,0.9887619404364324,0.6371756185870402,5339,8285,5279,1.0
case_0041,fusion_w0.40_t0.35,0.9179013845027216,0.923622143467037,0.9122510561244269,8183,8285,7558,1.0
case_0041,fusion_w0.40_t0.40,0.9253444408837389,0.9863387978128602,0.871454435726166,7320,8285,7220,1.0
case_0041,fusion_w0.40_t0.45,0.9253444408837389,0.9863387978128602,0.871454435726166,7320,8285,7220,1.0
case_0041,fusion_w0.40_t0.50,0.9253444408837389,0.9863387978128602,0.871454435726166,7320,8285,7220,1.0
case_0041,fusion_w0.40_t0.55,0.9253444408837389,0.9863387978128602,0.871454435726166,7320,8285,7220,1.0
case_0041,fusion_w0.40_t0.60,0.9253444408837389,0.9863387978128602,0.871454435726166,7320,8285,7220,1.0
case_0041,fusion_w0.40_t0.65,0.8834886817570682,0.9851521900505046,0.8008449004214835,6735,8285,6635,1.0
case_0041,fusion_w0.50_t0.35,0.8895656170990062,0.8488869393564547,0.9343391671684558,9119,8285,7741,1.0
case_0041,fusion_w0.50_t0.40,0.9074701372788331,0.8938187778027465,0.9215449607713679,8542,8285,7635,1.0
case_0041,fusion_w0.50_t0.45,0.9204101562494382,0.9309791332251748,0.910078455038129,8099,8285,7540,1.0
case_0041,fusion_w0.50_t0.50,0.9253444408837389,0.9863387978128602,0.871454435726166,7320,8285,7220,1.0
case_0041,fusion_w0.50_t0.55,0.8840087841878724,0.9851676060501555,0.8016898008439327,6742,8285,6642,1.0
case_0041,fusion_w0.50_t0.60,0.8814463940216949,0.9853818615737092,0.7973445986713369,6704,8285,6606,1.0
case_0041,fusion_w0.50_t0.65,0.8748993288584732,0.9853363567634387,0.7867229933605471,6615,8285,6518,1.0
case_0041,fusion_w0.60_t0.35,0.8663101604273299,0.7973411812453852,0.9483403741690424,9854,8285,7857,1.0
case_0041,fusion_w0.60_t0.40,0.8838504375492193,0.8350692580255179,0.9386843693410516,9313,8285,7777,1.0
case_0041,fusion_w0.60_t0.45,0.8616314199390563,0.8626739261937535,0.8605914302946763,8265,8285,7130,1.0
case_0041,fusion_w0.60_t0.50,0.8722939671839339,0.9027634297509004,0.8438141219060424,7744,8285,6991,1.0
case_0041,fusion_w0.60_t0.55,0.8771571008558883,0.9322102975126584,0.8282438141209073,7361,8285,6862,1.0
case_0041,fusion_w0.60_t0.60,0.8722502522698471,0.9852583586611167,0.7824984912483011,6580,8285,6483,1.0
case_0041,fusion_w0.60_t0.65,0.8644802818804279,0.9854781399644902,0.7699456849719131,6473,8285,6379,1.0
case_0041,fusion_w0.70_t0.35,0.8086813186808743,0.7422087745832151,0.8882317441147999,9915,8285,7359,1.0
case_0041,fusion_w0.70_t0.40,0.8259045026648373,0.778906834954777,0.8789378394678588,9349,8285,7282,1.0
case_0041,fusion_w0.70_t0.45,0.8388642206118024,0.8129317178113317,0.8665057332518207,8831,8285,7179,1.0
case_0041,fusion_w0.70_t0.50,0.8472130358963097,0.8441169422467719,0.8503319251649362,8346,8285,7045,1.0
case_0041,fusion_w0.70_t0.55,0.8538004456543365,0.8762546055127985,0.8324683162331532,7871,8285,6897,1.0
case_0041,fusion_w0.70_t0.60,0.8562308478033348,0.9087952297046906,0.8094146047063253,7379,8285,6706,1.0
case_0041,fusion_w0.70_t0.65,0.856955895824593,0.9358296412734947,0.7903439951710436,6997,8285,6548,1.0
case_0041,fusion_w0.80_t0.35,0.7899619282531021,0.7107294480888549,0.8890766445372491,10364,8285,7366,1.0
case_0041,fusion_w0.80_t0.40,0.8031583015842289,0.7401791166285974,0.8778515389247098,9826,8285,7273,1.0
case_0041,fusion_w0.80_t0.45,0.8144441285181606,0.769999999999172,0.8643331321655228,9300,8285,7161,1.0
case_0041,fusion_w0.80_t0.50,0.8253354426666518,0.8019813254374835,0.8500905250442364,8782,8285,7043,1.0
case_0041,fusion_w0.80_t0.55,0.8293975903609461,0.8279013830416981,0.8308992154486048,8315,8285,6884,1.0
case_0041,fusion_w0.80_t0.60,0.8348601138890598,0.8568161605884173,0.814001206999621,7871,8285,6744,1.0
case_0041,fusion_w0.80_t0.65,0.8339087073258957,0.8865026505356987,0.7872057936019465,7357,8285,6522,1.0
case_0048,nnunet,0.0,0.0,0.0,0,1307,0,0.0
case_0048,medformer_lcc_t0.25,0.6045526733689542,0.9810996563405309,0.4368783473570247,582,1307,571,1.0
case_0048,union_t0.25,0.6045526733689542,0.9810996563405309,0.4368783473570247,582,1307,571,1.0
case_0048,intersection_t0.25,0.0,0.0,0.0,0,1307,0,0.0
case_0048,medformer_lcc_t0.30,0.5518763796879036,0.9900990098813842,0.3825554705403018,505,1307,500,1.0
case_0048,union_t0.30,0.5518763796879036,0.9900990098813842,0.3825554705403018,505,1307,500,1.0
case_0048,intersection_t0.30,0.0,0.0,0.0,0,1307,0,0.0
case_0048,medformer_lcc_t0.35,0.5014310246107532,0.9954545454319215,0.3351185921933044,440,1307,438,1.0
case_0048,union_t0.35,0.5014310246107532,0.9954545454319215,0.3351185921933044,440,1307,438,1.0
case_0048,intersection_t0.35,0.0,0.0,0.0,0,1307,0,0.0
case_0048,medformer_lcc_t0.40,0.4388789505042405,0.9945945945677136,0.28156082631766216,370,1307,368,1.0
case_0048,union_t0.40,0.4388789505042405,0.9945945945677136,0.28156082631766216,370,1307,368,1.0
case_0048,intersection_t0.40,0.0,0.0,0.0,0,1307,0,0.0
case_0048,medformer_lcc_t0.45,0.3901538461514452,0.996855345880602,0.24254016832255135,318,1307,317,1.0
case_0048,union_t0.45,0.3901538461514452,0.996855345880602,0.24254016832255135,318,1307,317,1.0
case_0048,intersection_t0.45,0.0,0.0,0.0,0,1307,0,0.0
case_0048,medformer_lcc_t0.50,0.33503184713162404,0.9999999999619772,0.20122417750419877,263,1307,263,1.0
case_0048,union_t0.50,0.33503184713162404,0.9999999999619772,0.20122417750419877,263,1307,263,1.0
case_0048,intersection_t0.50,0.0,0.0,0.0,0,1307,0,0.0
case_0048,medformer_lcc_t0.55,0.27799736495205535,0.9999999999526066,0.16143840856800737,211,1307,211,1.0
case_0048,union_t0.55,0.27799736495205535,0.9999999999526066,0.16143840856800737,211,1307,211,1.0
case_0048,intersection_t0.55,0.0,0.0,0.0,0,1307,0,0.0
case_0048,medformer_lcc_t0.60,0.20220082530810043,0.9999999999319727,0.11247130833884873,147,1307,147,1.0
case_0048,union_t0.60,0.20220082530810043,0.9999999999319727,0.11247130833884873,147,1307,147,1.0
case_0048,intersection_t0.60,0.0,0.0,0.0,0,1307,0,0.0
case_0048,medformer_lcc_t0.65,0.11399711399629152,0.9999999998734178,0.06044376434536769,79,1307,79,1.0
case_0048,union_t0.65,0.11399711399629152,0.9999999998734178,0.06044376434536769,79,1307,79,1.0
case_0048,intersection_t0.65,0.0,0.0,0.0,0,1307,0,0.0
case_0048,medformer_lcc_t0.70,0.07084870848656201,0.9999999997916666,0.036725325171868974,48,1307,48,1.0
case_0048,union_t0.70,0.07084870848656201,0.9999999997916666,0.036725325171868974,48,1307,48,1.0
case_0048,intersection_t0.70,0.0,0.0,0.0,0,1307,0,0.0
case_0048,medformer_lcc_t0.75,0.04194756554275695,0.9999999996428571,0.0214231063502569,28,1307,28,1.0
case_0048,union_t0.75,0.04194756554275695,0.9999999996428571,0.0214231063502569,28,1307,28,1.0
case_0048,intersection_t0.75,0.0,0.0,0.0,0,1307,0,0.0
case_0048,fusion_w0.40_t0.35,0.0,0.0,0.0,0,1307,0,0.0
case_0048,fusion_w0.40_t0.40,0.0,0.0,0.0,0,1307,0,0.0
case_0048,fusion_w0.40_t0.45,0.0,0.0,0.0,0,1307,0,0.0
case_0048,fusion_w0.40_t0.50,0.0,0.0,0.0,0,1307,0,0.0
case_0048,fusion_w0.40_t0.55,0.0,0.0,0.0,0,1307,0,0.0
case_0048,fusion_w0.40_t0.60,0.0,0.0,0.0,0,1307,0,0.0
case_0048,fusion_w0.40_t0.65,0.0,0.0,0.0,0,1307,0,0.0
case_0048,fusion_w0.50_t0.35,0.07084870848656201,0.9999999997916666,0.036725325171868974,48,1307,48,1.0
case_0048,fusion_w0.50_t0.40,0.012167300380135611,0.9999999987499999,0.0061208875286448295,8,1307,8,1.0
case_0048,fusion_w0.50_t0.45,0.0,0.0,0.0,0,1307,0,0.0
case_0048,fusion_w0.50_t0.50,0.0,0.0,0.0,0,1307,0,0.0
case_0048,fusion_w0.50_t0.55,0.0,0.0,0.0,0,1307,0,0.0
case_0048,fusion_w0.50_t0.60,0.0,0.0,0.0,0,1307,0,0.0
case_0048,fusion_w0.50_t0.65,0.0,0.0,0.0,0,1307,0,0.0
case_0048,fusion_w0.60_t0.35,0.232589587557589,0.9999999999418604,0.13159908186586383,172,1307,172,1.0
case_0048,fusion_w0.60_t0.40,0.09613983976623351,0.999999999848485,0.05049732211131984,66,1307,66,1.0
case_0048,fusion_w0.60_t0.45,0.04194756554275695,0.9999999996428571,0.0214231063502569,28,1307,28,1.0
case_0048,fusion_w0.60_t0.50,0.0,0.0,0.0,0,1307,0,0.0
case_0048,fusion_w0.60_t0.55,0.0,0.0,0.0,0,1307,0,0.0
case_0048,fusion_w0.60_t0.60,0.0,0.0,0.0,0,1307,0,0.0
case_0048,fusion_w0.60_t0.65,0.0,0.0,0.0,0,1307,0,0.0
case_0048,fusion_w0.70_t0.35,0.33503184713162404,0.9999999999619772,0.20122417750419877,263,1307,263,1.0
case_0048,fusion_w0.70_t0.40,0.25500667556572093,0.999999999947644,0.1461361897463953,191,1307,191,1.0
case_0048,fusion_w0.70_t0.45,0.12616487455106692,0.9999999998863637,0.06732976281509312,88,1307,88,1.0
case_0048,fusion_w0.70_t0.50,0.059391239791689754,0.99999999975,0.030604437643224146,40,1307,40,1.0
case_0048,fusion_w0.70_t0.55,0.015186028853339514,0.9999999989999999,0.0076511094108060364,10,1307,10,1.0
case_0048,fusion_w0.70_t0.60,0.0,0.0,0.0,0,1307,0,0.0
case_0048,fusion_w0.70_t0.65,0.0,0.0,0.0,0,1307,0,0.0
case_0048,fusion_w0.80_t0.35,0.41262135922079723,0.9970674486511124,0.26013771996740526,341,1307,340,1.0
case_0048,fusion_w0.80_t0.40,0.33503184713162404,0.9999999999619772,0.20122417750419877,263,1307,263,1.0
case_0048,fusion_w0.80_t0.45,0.2631229235862916,0.999999999949495,0.15149196633395953,198,1307,198,1.0
case_0048,fusion_w0.80_t0.50,0.16432584269547526,0.9999999999145299,0.08951798010643063,117,1307,117,1.0
case_0048,fusion_w0.80_t0.55,0.07794117647001514,0.9999999998113207,0.040550879877271996,53,1307,53,1.0
case_0048,fusion_w0.80_t0.60,0.04194756554275695,0.9999999996428571,0.0214231063502569,28,1307,28,1.0
case_0048,fusion_w0.80_t0.65,0.0015290519877558942,0.9999999900000002,0.0007651109410806037,1,1307,1,1.0
case_0050,nnunet,0.0,0.0,0.0,0,10460,0,0.0
case_0050,medformer_lcc_t0.25,0.5869882576955969,0.8732766761078881,0.44206500955980677,5295,10460,4624,1.0
case_0050,union_t0.25,0.5869882576955969,0.8732766761078881,0.44206500955980677,5295,10460,4624,1.0
case_0050,intersection_t0.25,0.0,0.0,0.0,0,10460,0,0.0
case_0050,medformer_lcc_t0.30,0.5705847607793065,0.9099853464498431,0.41558317399577854,4777,10460,4347,1.0
case_0050,union_t0.30,0.5705847607793065,0.9099853464498431,0.41558317399577854,4777,10460,4347,1.0
case_0050,intersection_t0.30,0.0,0.0,0.0,0,10460,0,0.0
case_0050,medformer_lcc_t0.35,0.5336956521735504,0.922065727697366,0.3755258126191438,4260,10460,3928,1.0
case_0050,union_t0.35,0.5336956521735504,0.922065727697366,0.3755258126191438,4260,10460,3928,1.0
case_0050,intersection_t0.35,0.0,0.0,0.0,0,10460,0,0.0
case_0050,medformer_lcc_t0.40,0.43939062613861113,0.9248235655080552,0.2881453154872962,3259,10460,3014,1.0
case_0050,union_t0.40,0.43939062613861113,0.9248235655080552,0.2881453154872962,3259,10460,3014,1.0
case_0050,intersection_t0.40,0.0,0.0,0.0,0,10460,0,0.0
case_0050,medformer_lcc_t0.45,0.3953839191428606,0.9367405289459017,0.25057361376649084,2798,10460,2621,1.0
case_0050,union_t0.45,0.3953839191428606,0.9367405289459017,0.25057361376649084,2798,10460,2621,1.0
case_0050,intersection_t0.45,0.0,0.0,0.0,0,10460,0,0.0
case_0050,medformer_lcc_t0.50,0.22107839000909535,0.9417685118551994,0.12523900573601793,1391,10460,1310,1.0
case_0050,union_t0.50,0.22107839000909535,0.9417685118551994,0.12523900573601793,1391,10460,1310,1.0
case_0050,intersection_t0.50,0.0,0.0,0.0,0,10460,0,0.0
case_0050,medformer_lcc_t0.55,0.17843222174085885,0.9493087557516193,0.09847036328862478,1085,10460,1030,1.0
case_0050,union_t0.55,0.17843222174085885,0.9493087557516193,0.09847036328862478,1085,10460,1030,1.0
case_0050,intersection_t0.55,0.0,0.0,0.0,0,10460,0,0.0
case_0050,medformer_lcc_t0.60,0.12145604149886283,0.9417475728024722,0.06491395793492838,721,10460,679,1.0
case_0050,union_t0.60,0.12145604149886283,0.9417475728024722,0.06491395793492838,721,10460,679,1.0
case_0050,intersection_t0.60,0.0,0.0,0.0,0,10460,0,0.0
case_0050,medformer_lcc_t0.65,0.07437333578176993,0.9396751739921189,0.03871892925426509,431,10460,405,1.0
case_0050,union_t0.65,0.07437333578176993,0.9396751739921189,0.03871892925426509,431,10460,405,1.0
case_0050,intersection_t0.65,0.0,0.0,0.0,0,10460,0,0.0
case_0050,medformer_lcc_t0.70,0.04317353518358735,0.958506224026618,0.022084130019099344,241,10460,231,1.0
case_0050,union_t0.70,0.04317353518358735,0.958506224026618,0.022084130019099344,241,10460,231,1.0
case_0050,intersection_t0.70,0.0,0.0,0.0,0,10460,0,0.0
case_0050,medformer_lcc_t0.75,0.014238253440897733,0.9999999998666668,0.007170172084123164,75,10460,75,1.0
case_0050,union_t0.75,0.014238253440897733,0.9999999998666668,0.007170172084123164,75,10460,75,1.0
case_0050,intersection_t0.75,0.0,0.0,0.0,0,10460,0,0.0
case_0050,fusion_w0.40_t0.35,0.0,0.0,0.0,0,10460,0,0.0
case_0050,fusion_w0.40_t0.40,0.0,0.0,0.0,0,10460,0,0.0
case_0050,fusion_w0.40_t0.45,0.0,0.0,0.0,0,10460,0,0.0
case_0050,fusion_w0.40_t0.50,0.0,0.0,0.0,0,10460,0,0.0
case_0050,fusion_w0.40_t0.55,0.0,0.0,0.0,0,10460,0,0.0
case_0050,fusion_w0.40_t0.60,0.0,0.0,0.0,0,10460,0,0.0
case_0050,fusion_w0.40_t0.65,0.0,0.0,0.0,0,10460,0,0.0
case_0050,fusion_w0.50_t0.35,0.04317353518358735,0.958506224026618,0.022084130019099344,241,10460,231,1.0
case_0050,fusion_w0.50_t0.40,0.0019102196752608307,0.9999999989999999,0.0009560229445497552,10,10460,10,1.0
case_0050,fusion_w0.50_t0.45,0.0,0.0,0.0,0,10460,0,0.0
case_0050,fusion_w0.50_t0.50,0.0,0.0,0.0,0,10460,0,0.0
case_0050,fusion_w0.50_t0.55,0.0,0.0,0.0,0,10460,0,0.0
case_0050,fusion_w0.50_t0.60,0.0,0.0,0.0,0,10460,0,0.0
case_0050,fusion_w0.50_t0.65,0.0,0.0,0.0,0,10460,0,0.0
case_0050,fusion_w0.60_t0.35,0.14153029632893274,0.9467455621189734,0.07648183556398042,845,10460,800,1.0
case_0050,fusion_w0.60_t0.40,0.0624884451838949,0.944134078185918,0.03231357552578173,358,10460,338,1.0
case_0050,fusion_w0.60_t0.45,0.014238253440897733,0.9999999998666668,0.007170172084123164,75,10460,75,1.0
case_0050,fusion_w0.60_t0.50,0.0001911863110599453,0.9999999900000002,9.560229445497552e-05,1,10460,1,1.0
case_0050,fusion_w0.60_t0.55,0.0,0.0,0.0,0,10460,0,0.0
case_0050,fusion_w0.60_t0.60,0.0,0.0,0.0,0,10460,0,0.0
case_0050,fusion_w0.60_t0.65,0.0,0.0,0.0,0,10460,0,0.0
case_0050,fusion_w0.70_t0.35,0.22107839000909535,0.9417685118551994,0.12523900573601793,1391,10460,1310,1.0
case_0050,fusion_w0.70_t0.40,0.15580314062623404,0.9456869009483952,0.08489483747601825,939,10460,888,1.0
case_0050,fusion_w0.70_t0.45,0.08070271754041476,0.9402985074426375,0.0421606118546442,469,10460,441,1.0
case_0050,fusion_w0.70_t0.50,0.03473526098382019,0.9635416666164822,0.01768642447417047,192,10460,185,1.0
case_0050,fusion_w0.70_t0.55,0.0030546009927424067,0.999999999375,0.0015296367112796084,16,10460,16,1.0
case_0050,fusion_w0.70_t0.60,0.0,0.0,0.0,0,10460,0,0.0
case_0050,fusion_w0.70_t0.65,0.0,0.0,0.0,0,10460,0,0.0
case_0050,fusion_w0.80_t0.35,0.4079802734809774,0.9339719466269792,0.2609942638620832,2923,10460,2730,1.0
case_0050,fusion_w0.80_t0.40,0.22107839000909535,0.9417685118551994,0.12523900573601793,1391,10460,1310,1.0
case_0050,fusion_w0.80_t0.45,0.16430941155913714,0.9466800804733735,0.08996175908213196,994,10460,941,1.0
case_0050,fusion_w0.80_t0.50,0.09928435546689075,0.9464594127643099,0.052390057361326584,579,10460,548,1.0
case_0050,fusion_w0.80_t0.55,0.049711413144619514,0.946808510604723,0.025525812619478463,282,10460,267,1.0
case_0050,fusion_w0.80_t0.60,0.014238253440897733,0.9999999998666668,0.007170172084123164,75,10460,75,1.0
case_0050,fusion_w0.80_t0.65,0.0011465698452119753,0.9999999983333333,0.0005736137667298531,6,10460,6,1.0
case_0051,nnunet,0.7869820683775098,0.9894736842101476,0.6532891910332197,26125,39569,25850,1.0
case_0051,medformer_lcc_t0.25,0.411383219121381,0.753330641905024,0.2829487730293202,14862,39569,11196,1.0
case_0051,union_t0.25,0.7660114321553225,0.8785312581739214,0.6790416740375853,30584,39569,26869,1.0
case_0051,intersection_t0.25,0.40730809253173633,0.9782754974517174,0.2571962900249546,10403,39569,10177,1.0
case_0051,medformer_lcc_t0.30,0.39500546159923255,0.7751496784679022,0.26503070585552707,13529,39569,10487,1.0
case_0051,union_t0.30,0.7701333333332223,0.8962624974834273,0.675124466122299,29806,39569,26714,1.0
case_0051,intersection_t0.30,0.38946111661970795,0.9771527213637518,0.2431954307664477,9848,39569,9623,1.0
case_0051,medformer_lcc_t0.35,0.38079680202940813,0.7948491655962814,0.2503727665596173,12464,39569,9907,1.0
case_0051,union_t0.35,0.7728694235551393,0.9104523646329985,0.6714094366800598,29180,39569,26567,1.0
case_0051,intersection_t0.35,0.3752705296254696,0.9767244127952207,0.23225252091277712,9409,39569,9190,1.0
case_0051,medformer_lcc_t0.40,0.36745212111739506,0.8075338939413012,0.23783770123070136,11654,39569,9411,1.0
case_0051,union_t0.40,0.7742671915471626,0.9196912807673064,0.6685536657482706,28764,39569,26454,1.0
case_0051,intersection_t0.40,0.36254734068821787,0.9769273433156106,0.2225732265156505,9015,39569,8807,1.0
case_0051,medformer_lcc_t0.45,0.354477537998067,0.8210023866340912,0.22603553286658093,10894,39569,8944,1.0
case_0051,union_t0.45,0.7759059543600901,0.9285160926822563,0.6663802471630149,28398,39569,26368,1.0
case_0051,intersection_t0.45,0.3496991076986201,0.9773808142895517,0.21294447673678565,8621,39569,8426,1.0
case_0051,medformer_lcc_t0.50,0.3368726452158167,0.8306836248004464,0.21127650433414763,10064,39569,8360,1.0
case_0051,union_t0.50,0.7772968341432721,0.9354953417250069,0.6648639086151622,28122,39569,26308,1.0
case_0051,intersection_t0.50,0.33176589134261236,0.979546299738466,0.1997017867522051,8067,39569,7902,1.0
case_0051,medformer_lcc_t0.55,0.31427573597380404,0.8398111550276242,0.19330789254209274,9108,39569,7649,1.0
case_0051,union_t0.55,0.7780482013533215,0.9424411288869522,0.6624883115568596,27815,39569,26214,1.0
case_0051,intersection_t0.55,0.3100857684039607,0.9820706389849257,0.18410877201845283,7418,39569,7285,1.0
case_0051,medformer_lcc_t0.60,0.28711996972366866,0.8542474665321478,0.17255932674564115,7993,39569,6828,1.0
case_0051,union_t0.60,0.7792893582742954,0.9509264989621206,0.6601379868076879,27469,39569,26121,1.0
case_0051,intersection_t0.60,0.2837422649183687,0.9861633328305216,0.16571053097117297,6649,39569,6557,1.0
case_0051,medformer_lcc_t0.65,0.2534447123664628,0.8556476231998028,0.14875281154435324,6879,39569,5886,1.0
case_0051,union_t0.65,0.7794732034559562,0.956453035425196,0.6577623897493853,27212,39569,26027,1.0
case_0051,intersection_t0.65,0.25171402746847477,0.9856698895010607,0.14427961282818766,5792,39569,5709,1.0
case_0051,medformer_lcc_t0.70,0.2309628559545974,0.862373324614478,0.1333367029745171,6118,39569,5276,1.0
case_0051,union_t0.70,0.7806686984850271,0.9615726015234257,0.6570547650937206,27038,39569,25999,1.0
case_0051,intersection_t0.70,0.2290168401303817,0.9850144092200096,0.12957112891401615,5205,39569,5127,1.0
case_0051,medformer_lcc_t0.75,0.20609087260886297,0.8745506149463111,0.11680861280292229,5285,39569,4622,1.0
case_0051,union_t0.75,0.78232716430485,0.9678813622471988,0.6564735019837105,26838,39569,25976,1.0
case_0051,intersection_t0.75,0.20371083573090695,0.983377077863116,0.11362430185243155,4572,39569,4496,1.0
case_0051,fusion_w0.40_t0.35,0.7853628256951772,0.9794199833845708,0.6554878819276061,26482,39569,25937,1.0
case_0051,fusion_w0.40_t0.40,0.7869820683775098,0.9894736842101476,0.6532891910332197,26125,39569,25850,1.0
case_0051,fusion_w0.40_t0.45,0.7869820683775098,0.9894736842101476,0.6532891910332197,26125,39569,25850,1.0
case_0051,fusion_w0.40_t0.50,0.7869820683775098,0.9894736842101476,0.6532891910332197,26125,39569,25850,1.0
case_0051,fusion_w0.40_t0.55,0.7869820683775098,0.9894736842101476,0.6532891910332197,26125,39569,25850,1.0
case_0051,fusion_w0.40_t0.60,0.7869820683775098,0.9894736842101476,0.6532891910332197,26125,39569,25850,1.0
case_0051,fusion_w0.40_t0.65,0.4453080753831764,0.9798040563759196,0.2881295964011504,11636,39569,11401,1.0
case_0051,fusion_w0.50_t0.35,0.7806686984850271,0.9615726015234257,0.6570547650937206,27038,39569,25999,1.0
case_0051,fusion_w0.50_t0.40,0.7835602378723121,0.9727187558549849,0.6559933281102237,26685,39569,25957,1.0
case_0051,fusion_w0.50_t0.45,0.7858138829947279,0.9815607133387673,0.6551593419089047,26411,39569,25924,1.0
case_0051,fusion_w0.50_t0.50,0.7869820683775098,0.9894736842101476,0.6532891910332197,26125,39569,25850,1.0
case_0051,fusion_w0.50_t0.55,0.4490940970191995,0.9800187058915227,0.29128863504251024,11761,39569,11526,1.0
case_0051,fusion_w0.50_t0.60,0.4354867239243656,0.979402404525301,0.2799919128610074,11312,39569,11079,1.0
case_0051,fusion_w0.50_t0.65,0.38946111661970795,0.9771527213637518,0.2431954307664477,9848,39569,9623,1.0
case_0051,fusion_w0.60_t0.35,0.7789925228632401,0.9485291450538835,0.6608708837724834,27569,39569,26150,1.0
case_0051,fusion_w0.60_t0.40,0.7798759104395918,0.9580955186504554,0.6575602112763382,27157,39569,26019,1.0
case_0051,fusion_w0.60_t0.45,0.4501064829914142,0.9345124282975346,0.29644418610520956,12552,39569,11730,1.0
case_0051,fusion_w0.60_t0.50,0.44080492111842107,0.9493480441316037,0.2870428871085226,11964,39569,11358,1.0
case_0051,fusion_w0.60_t0.55,0.4079990439388902,0.9628654695863844,0.25883899011846173,10637,39569,10242,1.0
case_0051,fusion_w0.60_t0.60,0.3798452768728869,0.9767563605894913,0.2357653718819693,9551,39569,9329,1.0
case_0051,fusion_w0.60_t0.65,0.3589891696750162,0.9769818100146227,0.21989436174777735,8906,39569,8701,1.0
case_0051,fusion_w0.70_t0.35,0.4533108866441352,0.8722914117047927,0.3062245697388597,13891,39569,12117,1.0
case_0051,fusion_w0.70_t0.40,0.44268954781873976,0.8894652528790224,0.29467512446604804,13109,39569,11660,1.0
case_0051,fusion_w0.70_t0.45,0.4286926667437356,0.9051885639806914,0.28085117137145726,12277,39569,11113,1.0
case_0051,fusion_w0.70_t0.50,0.3927884329319517,0.9126267281097579,0.2502464050139629,10850,39569,9902,1.0
case_0051,fusion_w0.70_t0.55,0.3734195112097812,0.929886329342189,0.23361722560584458,9941,39569,9244,1.0
case_0051,fusion_w0.70_t0.60,0.3567871123772096,0.943829971805526,0.21997017867517,9222,39569,8704,1.0
case_0051,fusion_w0.70_t0.65,0.332831577186751,0.9633305094990156,0.20116758068179608,8263,39569,7960,1.0
case_0051,fusion_w0.80_t0.35,0.438550420167985,0.8506148584727856,0.2954332937399744,13743,39569,11690,1.0
case_0051,fusion_w0.80_t0.40,0.4092824568491968,0.857661290321889,0.26877100760689715,12400,39569,10635,1.0
case_0051,fusion_w0.80_t0.45,0.3866265935921609,0.8679661315921079,0.2487047941569793,11338,39569,9841,1.0
case_0051,fusion_w0.80_t0.50,0.3680608365018275,0.8841457552149945,0.2324041547675624,10401,39569,9196,1.0
case_0051,fusion_w0.80_t0.55,0.35274535674406726,0.896142739273003,0.21959109403820679,9696,39569,8689,1.0
case_0051,fusion_w0.80_t0.60,0.3321889477166752,0.914380052372863,0.20296191463008847,8783,39569,8031,1.0
case_0051,fusion_w0.80_t0.65,0.30623746701840504,0.9292851652563038,0.18332533043539556,7806,39569,7254,1.0
case_0053,nnunet,0.39452337897163803,0.9792254424186222,0.2470238095236497,3899,15456,3818,1.0
case_0053,medformer_lcc_t0.25,0.8029052258633116,0.8873835069301531,0.7331133540367927,12769,15456,11331,1.0
case_0053,union_t0.25,0.8088876388690729,0.8857406837073561,0.7443064182189801,12988,15456,11504,1.0
case_0053,intersection_t0.25,0.38095735785933266,0.9904891304320911,0.2358307453414623,3680,15456,3645,1.0
case_0053,medformer_lcc_t0.30,0.787834902244465,0.8944426175592778,0.7039337474115528,12164,15456,10880,1.0
case_0053,union_t0.30,0.7971206532246545,0.892676666398578,0.7200439958587473,12467,15456,11129,1.0
case_0053,intersection_t0.30,0.37465882846925536,0.992491657394348,0.23091356107645514,3596,15456,3569,1.0
case_0053,medformer_lcc_t0.35,0.7711111111108255,0.9017671517663706,0.6735248447200611,11544,15456,10410,1.0
case_0053,union_t0.35,0.7845929171227511,0.900368694485587,0.695199275361869,11934,15456,10745,1.0
case_0053,intersection_t0.35,0.36730819931433306,0.9925904816158662,0.22534937888184176,3509,15456,3483,1.0
case_0053,medformer_lcc_t0.40,0.7536550261340983,0.9089164991769514,0.6436982401652149,10946,15456,9949,1.0
case_0053,union_t0.40,0.7712573958989427,0.9076815275458459,0.6704839544509119,11417,15456,10363,1.0
case_0053,intersection_t0.40,0.36051683965242504,0.9929988331359598,0.22023809523795274,3428,15456,3404,1.0
case_0053,medformer_lcc_t0.45,0.7350572932793685,0.9149961449490024,0.6142598343681326,10376,15456,9494,1.0
case_0053,union_t0.45,0.757154228101142,0.9140660748596009,0.6462215320906791,10927,15456,9988,1.0
case_0053,intersection_t0.45,0.35354179961691473,0.9928315412156726,0.21506211180110307,3348,15456,3324,1.0
case_0053,medformer_lcc_t0.50,0.7086319477621004,0.9212215320901436,0.5757634575565632,9660,15456,8899,1.0
case_0053,union_t0.50,0.7362372855032471,0.9204038050854975,0.6134834368526051,10302,15456,9482,1.0
case_0053,intersection_t0.50,0.3457489445837943,0.9932453177740459,0.20930383022760785,3257,15456,3235,1.0
case_0053,medformer_lcc_t0.55,0.6762318602932376,0.9228015215921651,0.5336438923391992,8938,15456,8248,1.0
case_0053,union_t0.55,0.7113779120614171,0.9225613528553076,0.5788690476186731,9698,15456,8947,1.0
case_0053,intersection_t0.55,0.33546652325876014,0.9936285441191666,0.20179865424417584,3139,15456,3119,1.0
case_0053,medformer_lcc_t0.60,0.6424585728776452,0.9267073170720405,0.4916537267077564,8200,15456,7599,1.0
case_0053,union_t0.60,0.6865987780037937,0.9267648999330033,0.5452898550721109,9094,15456,8428,1.0
case_0053,intersection_t0.60,0.3238177780183501,0.994675540762081,0.19338768115929517,3005,15456,2989,1.0
case_0053,medformer_lcc_t0.65,0.6034046268002604,0.9272873624886943,0.44720496894381,7454,15456,6912,1.0
case_0053,union_t0.65,0.6608028679808825,0.9288644087648787,0.5128105590058794,8533,15456,7926,1.0
case_0053,intersection_t0.65,0.306850514335573,0.9943262411312258,0.18141821946158035,2820,15456,2804,1.0
case_0053,medformer_lcc_t0.70,0.5578847285731163,0.9291207962585898,0.3986154244303839,6631,15456,6161,1.0
case_0053,union_t0.70,0.631412313352744,0.9320449665265479,0.47741977225641985,7917,15456,7379,1.0
case_0053,intersection_t0.70,0.2877857103324546,0.9950248756180826,0.16821946169761373,2613,15456,2600,1.0
case_0053,medformer_lcc_t0.75,0.5168455086450884,0.9371282922668868,0.35681935817782295,5885,15456,5515,1.0
case_0053,union_t0.75,0.6069581982295124,0.9402660874274501,0.4481107660452587,7366,15456,6926,1.0
case_0053,intersection_t0.75,0.2693297527132878,0.9954507857692496,0.15573240165621394,2418,15456,2407,1.0
case_0053,fusion_w0.40_t0.35,0.5395616641899426,0.9555921052615862,0.37590579710120603,6080,15456,5810,1.0
case_0053,fusion_w0.40_t0.40,0.39452337897163803,0.9792254424186222,0.2470238095236497,3899,15456,3818,1.0
case_0053,fusion_w0.40_t0.45,0.39452337897163803,0.9792254424186222,0.2470238095236497,3899,15456,3818,1.0
case_0053,fusion_w0.40_t0.50,0.39452337897163803,0.9792254424186222,0.2470238095236497,3899,15456,3818,1.0
case_0053,fusion_w0.40_t0.55,0.39452337897163803,0.9792254424186222,0.2470238095236497,3899,15456,3818,1.0
case_0053,fusion_w0.40_t0.60,0.39452337897163803,0.9792254424186222,0.2470238095236497,3899,15456,3818,1.0
case_0053,fusion_w0.40_t0.65,0.3895726229421044,0.9868455669534679,0.2426889233952881,3801,15456,3751,1.0
case_0053,fusion_w0.50_t0.35,0.631412313352744,0.9320449665265479,0.47741977225641985,7917,15456,7379,1.0
case_0053,fusion_w0.50_t0.40,0.5829303241981986,0.9466259453156681,0.4211309523806799,6876,15456,6509,1.0
case_0053,fusion_w0.50_t0.45,0.5234154598455316,0.9576737783878911,0.3601190476188146,5812,15456,5566,1.0
case_0053,fusion_w0.50_t0.50,0.39452337897163803,0.9792254424186222,0.2470238095236497,3899,15456,3818,1.0
case_0053,fusion_w0.50_t0.55,0.39037044723441405,0.9853326348847948,0.24340062111785493,3818,15456,3762,1.0
case_0053,fusion_w0.50_t0.60,0.3849320064604882,0.9884934439363434,0.23900103519653274,3737,15456,3694,1.0
case_0053,fusion_w0.50_t0.65,0.37465882846925536,0.992491657394348,0.23091356107645514,3596,15456,3569,1.0
case_0053,fusion_w0.60_t0.35,0.6941828030882102,0.9251158280347751,0.555512422359889,9281,15456,8586,1.0
case_0053,fusion_w0.60_t0.40,0.6488421052628847,0.928984808294033,0.4985119047615822,8294,15456,7705,1.0
case_0053,fusion_w0.60_t0.45,0.6045980043076159,0.9429590017812383,0.4449404761901883,7293,15456,6877,1.0
case_0053,fusion_w0.60_t0.50,0.5610603290673852,0.9554794520533072,0.3971273291922896,6424,15456,6138,1.0
case_0053,fusion_w0.60_t0.55,0.4983436554801006,0.9659408151852485,0.33579192546562125,5373,15456,5190,1.0
case_0053,fusion_w0.60_t0.60,0.3692664173993526,0.992357769598097,0.22683747411993604,3533,15456,3506,1.0
case_0053,fusion_w0.60_t0.65,0.3586916185122416,0.9929556794805021,0.2188793995857797,3407,15456,3383,1.0
case_0053,fusion_w0.70_t0.35,0.7346748141514285,0.9219497899766318,0.6106366459623378,10237,15456,9438,1.0
case_0053,fusion_w0.70_t0.40,0.6977851293013685,0.9268031293527736,0.5595238095234475,9331,15456,8648,1.0
case_0053,fusion_w0.70_t0.45,0.6585498514703743,0.9319123741848052,0.5091873706000846,8445,15456,7870,1.0
case_0053,fusion_w0.70_t0.50,0.6124956430809461,0.937700106722335,0.45477484472020263,7496,15456,7029,1.0
case_0053,fusion_w0.70_t0.55,0.5695652173910464,0.9492753623174075,0.4068322981363827,6624,15456,6288,1.0
case_0053,fusion_w0.70_t0.60,0.5229465756646161,0.9595785109674217,0.3594073498962478,5789,15456,5555,1.0
case_0053,fusion_w0.70_t0.65,0.4594661272016285,0.9677821658678699,0.3012422360246498,4811,15456,4656,1.0
case_0053,fusion_w0.80_t0.35,0.7570068646411207,0.9146732655110303,0.6457039337469942,10911,15456,9980,1.0
case_0053,fusion_w0.80_t0.40,0.7290027017499788,0.9232371318050944,0.6022903726704177,10083,15456,9309,1.0
case_0053,fusion_w0.80_t0.45,0.6925477164968624,0.9266890792745616,0.5528597308485036,9221,15456,8545,1.0
case_0053,fusion_w0.80_t0.50,0.6551781970647148,0.9307838932559794,0.5054994824013292,8394,15456,7813,1.0
case_0053,fusion_w0.80_t0.55,0.6119448431856053,0.9337581308895079,0.45509834368500574,7533,15456,7034,1.0
case_0053,fusion_w0.80_t0.60,0.5719567177634932,0.9433372992252479,0.41039078674921686,6724,15456,6343,1.0
case_0053,fusion_w0.80_t0.65,0.5305703351066319,0.9520938023434639,0.36775362318816784,5970,15456,5684,1.0
case_0058,nnunet,0.746662428480462,0.9528928553313964,0.6138167564917152,19721,30615,18792,1.0
case_0058,medformer_lcc_t0.25,0.16587997302759805,0.8096737263857766,0.09240568348845585,3494,30615,2829,1.0
case_0058,union_t0.25,0.7452308298059366,0.9379088206140049,0.6182263596274316,20180,30615,18927,1.0
case_0058,intersection_t0.25,0.16011887072803563,0.8876441515621495,0.08799608035273951,3035,30615,2694,1.0
case_0058,medformer_lcc_t0.30,0.157265463154733,0.8368503936981517,0.08678752245628392,3175,30615,2657,1.0
case_0058,union_t0.30,0.7460737116248233,0.9420997558418744,0.6175730850888069,20069,30615,18907,1.0
case_0058,intersection_t0.30,0.15202440045447282,0.8991864166929636,0.08303119385919222,2827,30615,2542,1.0
case_0058,medformer_lcc_t0.35,0.14498563906170867,0.8625845496587305,0.07914421035437558,2809,30615,2423,1.0
case_0058,union_t0.35,0.7465955133905037,0.9452952952948221,0.6169198105501823,19980,30615,18887,1.0
case_0058,intersection_t0.35,0.14038896426951897,0.9129411764670081,0.07604115629590853,2550,30615,2328,1.0
case_0058,medformer_lcc_t0.40,0.12689939643925666,0.8879456706244145,0.06833251674013772,2356,30615,2092,1.0
case_0058,union_t0.40,0.7470108480479953,0.9480930606497422,0.6162991997384889,19901,30615,18868,1.0
case_0058,intersection_t0.40,0.1229605684486222,0.9264705882310365,0.06585007349336408,2176,30615,2016,1.0
case_0058,medformer_lcc_t0.45,0.10661256109929397,0.9059561128479313,0.05663890249875661,1914,30615,1734,1.0
case_0058,union_t0.45,0.7470318910667856,0.9499445508615032,0.6155479340190705,19838,30615,18845,1.0
case_0058,intersection_t0.45,0.10372701468588678,0.935447968831745,0.054907724971401305,1797,30615,1681,1.0
case_0058,medformer_lcc_t0.50,0.08660191756939155,0.9218025182178807,0.045435244161343966,1509,30615,1391,1.0
case_0058,union_t0.50,0.7470400412508683,0.9508279483032356,0.615188633022827,19808,30615,18834,1.0
case_0058,intersection_t0.50,0.08421512626023528,0.9486638537204736,0.04406336763023222,1422,30615,1349,1.0
case_0058,medformer_lcc_t0.55,0.06179509051272808,0.9421965317828306,0.03194512493874508,1038,30615,978,1.0
case_0058,union_t0.55,0.7470630258769752,0.9517621479491571,0.6148293320265834,19777,30615,18823,1.0
case_0058,intersection_t0.55,0.05994239959487928,0.9643584521286725,0.03093254940387688,982,30615,947,1.0
case_0058,medformer_lcc_t0.60,0.0,0.0,0.0,437,30615,0,0.0
case_0058,union_t0.60,0.746662428480462,0.9528928553313964,0.6138167564917152,19721,30615,18792,1.0
case_0058,intersection_t0.60,0.0,0.0,0.0,0,30615,0,0.0
case_0058,medformer_lcc_t0.65,0.0,0.0,0.0,389,30615,0,0.0
case_0058,union_t0.65,0.746662428480462,0.9528928553313964,0.6138167564917152,19721,30615,18792,1.0
case_0058,intersection_t0.65,0.0,0.0,0.0,0,30615,0,0.0
case_0058,medformer_lcc_t0.70,0.0,0.0,0.0,364,30615,0,0.0
case_0058,union_t0.70,0.746662428480462,0.9528928553313964,0.6138167564917152,19721,30615,18792,1.0
case_0058,intersection_t0.70,0.0,0.0,0.0,0,30615,0,0.0
case_0058,medformer_lcc_t0.75,0.0,0.0,0.0,317,30615,0,0.0
case_0058,union_t0.75,0.746662428480462,0.9528928553313964,0.6138167564917152,19721,30615,18792,1.0
case_0058,intersection_t0.75,0.0,0.0,0.0,0,30615,0,0.0
case_0058,fusion_w0.40_t0.35,0.746662428480462,0.9528928553313964,0.6138167564917152,19721,30615,18792,1.0
case_0058,fusion_w0.40_t0.40,0.746662428480462,0.9528928553313964,0.6138167564917152,19721,30615,18792,1.0
case_0058,fusion_w0.40_t0.45,0.746662428480462,0.9528928553313964,0.6138167564917152,19721,30615,18792,1.0
case_0058,fusion_w0.40_t0.50,0.746662428480462,0.9528928553313964,0.6138167564917152,19721,30615,18792,1.0
case_0058,fusion_w0.40_t0.55,0.746662428480462,0.9528928553313964,0.6138167564917152,19721,30615,18792,1.0
case_0058,fusion_w0.40_t0.60,0.746662428480462,0.9528928553313964,0.6138167564917152,19721,30615,18792,1.0
case_0058,fusion_w0.40_t0.65,0.1813765656092177,0.8712398088252145,0.10122488975988854,3557,30615,3099,1.0
case_0058,fusion_w0.50_t0.35,0.7467471842035822,0.9528541011857685,0.6139474113994401,19726,30615,18796,1.0
case_0058,fusion_w0.50_t0.40,0.746662428480462,0.9528928553313964,0.6138167564917152,19721,30615,18792,1.0
case_0058,fusion_w0.50_t0.45,0.746662428480462,0.9528928553313964,0.6138167564917152,19721,30615,18792,1.0
case_0058,fusion_w0.50_t0.50,0.746662428480462,0.9528928553313964,0.6138167564917152,19721,30615,18792,1.0
case_0058,fusion_w0.50_t0.55,0.18543162318327633,0.870172555461873,0.10377266046052465,3651,30615,3177,1.0
case_0058,fusion_w0.50_t0.60,0.16920623671150214,0.8818097876242481,0.09358157765798021,3249,30615,2865,1.0
case_0058,fusion_w0.50_t0.65,0.15202440045447282,0.8991864166929636,0.08303119385919222,2827,30615,2542,1.0
case_0058,fusion_w0.60_t0.35,0.7469975186102736,0.952176113359842,0.6145680222111336,19760,30615,18815,1.0
case_0058,fusion_w0.60_t0.40,0.7468419798203014,0.9527694724568222,0.6141107300340963,19733,30615,18801,1.0
case_0058,fusion_w0.60_t0.45,0.18792611153190728,0.8699757216054222,0.10534051935322379,3707,30615,3225,1.0
case_0058,fusion_w0.60_t0.50,0.17497648165564,0.8750367538933401,0.09720725134734698,3401,30615,2976,1.0
case_0058,fusion_w0.60_t0.55,0.16011887072803563,0.8876441515621495,0.08799608035273951,3035,30615,2694,1.0
case_0058,fusion_w0.60_t0.60,0.14567307692303316,0.9095684802967746,0.07917687408130682,2665,30615,2424,1.0
case_0058,fusion_w0.60_t0.65,0.11720423526528025,0.9282598157977302,0.06255103707330964,2063,30615,1915,1.0
case_0058,fusion_w0.70_t0.35,0.19162337096909077,0.8600833767564876,0.10782296259999744,3838,30615,3301,1.0
case_0058,fusion_w0.70_t0.40,0.18017332240303896,0.8689635696106497,0.10050628776740143,3541,30615,3077,1.0
case_0058,fusion_w0.70_t0.45,0.16673567161525799,0.8812128790219406,0.09207904621914353,3199,30615,2819,1.0
case_0058,fusion_w0.70_t0.50,0.15451642744168945,0.8939917127040954,0.08456638902496012,2896,30615,2589,1.0
case_0058,fusion_w0.70_t0.55,0.13829755110664063,0.9152677857677248,0.0747999346725217,2502,30615,2290,1.0
case_0058,fusion_w0.70_t0.60,0.1119842829076277,0.9301376848499229,0.059578637922567505,1961,30615,1824,1.0
case_0058,fusion_w0.70_t0.65,0.08421512626023528,0.9486638537204736,0.04406336763023222,1422,30615,1349,1.0
case_0058,fusion_w0.80_t0.35,0.17418881221548255,0.862209302323075,0.09688061407803467,3440,30615,2966,1.0
case_0058,fusion_w0.80_t0.40,0.1621958087559172,0.8763613068517734,0.08936795688385125,3122,30615,2736,1.0
case_0058,fusion_w0.80_t0.45,0.1512459241975078,0.8983653162725715,0.08257390168215496,2814,30615,2528,1.0
case_0058,fusion_w0.80_t0.50,0.1336240838330203,0.9180191427344236,0.0720561816102982,2403,30615,2206,1.0
case_0058,fusion_w0.80_t0.55,0.10864349430940982,0.931926121367114,0.057684141760556036,1895,30615,1766,1.0
case_0058,fusion_w0.80_t0.60,0.08421512626023528,0.9486638537204736,0.04406336763023222,1422,30615,1349,1.0
case_0058,fusion_w0.80_t0.65,0.0534239613771905,0.9677790563755146,0.02747019434916627,869,30615,841,1.0
case_0069,nnunet,0.0,0.0,0.0,0,2222,0,0.0
case_0069,medformer_lcc_t0.25,0.4624711316383878,0.6449275362266914,0.36048604860323813,1242,2222,801,1.0
case_0069,union_t0.25,0.4624711316383878,0.6449275362266914,0.36048604860323813,1242,2222,801,1.0
case_0069,intersection_t0.25,0.0,0.0,0.0,0,2222,0,0.0
case_0069,medformer_lcc_t0.30,0.33310946944146036,0.6560846560759777,0.22322232223121863,756,2222,496,1.0
case_0069,union_t0.30,0.33310946944146036,0.6560846560759777,0.22322232223121863,756,2222,496,1.0
case_0069,intersection_t0.30,0.0,0.0,0.0,0,2222,0,0.0
case_0069,medformer_lcc_t0.35,0.25975921196548796,0.685934489389481,0.1602160216014392,519,2222,356,1.0
case_0069,union_t0.35,0.25975921196548796,0.685934489389481,0.1602160216014392,519,2222,356,1.0
case_0069,intersection_t0.35,0.0,0.0,0.0,0,2222,0,0.0
case_0069,medformer_lcc_t0.40,0.2034951456302777,0.7422096317070196,0.11791179117858726,353,2222,262,1.0
case_0069,union_t0.40,0.2034951456302777,0.7422096317070196,0.11791179117858726,353,2222,262,1.0
case_0069,intersection_t0.40,0.0,0.0,0.0,0,2222,0,0.0
case_0069,medformer_lcc_t0.45,0.156275303643092,0.7782258064202328,0.08685868586819596,248,2222,193,1.0
case_0069,union_t0.45,0.156275303643092,0.7782258064202328,0.08685868586819596,248,2222,193,1.0
case_0069,intersection_t0.45,0.0,0.0,0.0,0,2222,0,0.0
case_0069,medformer_lcc_t0.50,0.11774530271349586,0.8150289016869925,0.06345634563427788,173,2222,141,1.0
case_0069,union_t0.50,0.11774530271349586,0.8150289016869925,0.06345634563427788,173,2222,141,1.0
case_0069,intersection_t0.50,0.0,0.0,0.0,0,2222,0,0.0
case_0069,medformer_lcc_t0.55,0.08639863130844141,0.8706896550973544,0.04545454545434089,116,2222,101,1.0
case_0069,union_t0.55,0.08639863130844141,0.8706896550973544,0.04545454545434089,116,2222,101,1.0
case_0069,intersection_t0.55,0.0,0.0,0.0,0,2222,0,0.0
case_0069,medformer_lcc_t0.60,0.06594360086739287,0.915662650492089,0.03420342034188027,83,2222,76,1.0
case_0069,union_t0.60,0.06594360086739287,0.915662650492089,0.03420342034188027,83,2222,76,1.0
case_0069,intersection_t0.60,0.0,0.0,0.0,0,2222,0,0.0
case_0069,medformer_lcc_t0.65,0.039682539682364716,0.978260869352552,0.020252025202429108,46,2222,45,1.0
case_0069,union_t0.65,0.039682539682364716,0.978260869352552,0.020252025202429108,46,2222,45,1.0
case_0069,intersection_t0.65,0.0,0.0,0.0,0,2222,0,0.0
case_0069,medformer_lcc_t0.70,0.025766326077184515,0.9999999996551724,0.013051305130454315,29,2222,29,1.0
case_0069,union_t0.70,0.025766326077184515,0.9999999996551724,0.013051305130454315,29,2222,29,1.0
case_0069,intersection_t0.70,0.0,0.0,0.0,0,2222,0,0.0
case_0069,medformer_lcc_t0.75,0.009852216748724352,0.999999999090909,0.0049504950494826715,11,2222,11,1.0
case_0069,union_t0.75,0.009852216748724352,0.999999999090909,0.0049504950494826715,11,2222,11,1.0
case_0069,intersection_t0.75,0.0,0.0,0.0,0,2222,0,0.0
case_0069,fusion_w0.40_t0.35,0.0,0.0,0.0,0,2222,0,0.0
case_0069,fusion_w0.40_t0.40,0.0,0.0,0.0,0,2222,0,0.0
case_0069,fusion_w0.40_t0.45,0.0,0.0,0.0,0,2222,0,0.0
case_0069,fusion_w0.40_t0.50,0.0,0.0,0.0,0,2222,0,0.0
case_0069,fusion_w0.40_t0.55,0.0,0.0,0.0,0,2222,0,0.0
case_0069,fusion_w0.40_t0.60,0.0,0.0,0.0,0,2222,0,0.0
case_0069,fusion_w0.40_t0.65,0.0,0.0,0.0,0,2222,0,0.0
case_0069,fusion_w0.50_t0.35,0.025766326077184515,0.9999999996551724,0.013051305130454315,29,2222,29,1.0
case_0069,fusion_w0.50_t0.40,0.0017985611510710497,0.999999995,0.0009000900089968494,2,2222,2,1.0
case_0069,fusion_w0.50_t0.45,0.0,0.0,0.0,0,2222,0,0.0
case_0069,fusion_w0.50_t0.50,0.0,0.0,0.0,0,2222,0,0.0
case_0069,fusion_w0.50_t0.55,0.0,0.0,0.0,0,2222,0,0.0
case_0069,fusion_w0.50_t0.60,0.0,0.0,0.0,0,2222,0,0.0
case_0069,fusion_w0.50_t0.65,0.0,0.0,0.0,0,2222,0,0.0
case_0069,fusion_w0.60_t0.35,0.07170626349861034,0.8924731181836051,0.037353735373369244,93,2222,83,1.0
case_0069,fusion_w0.60_t0.40,0.037969094922569675,0.9999999997674418,0.01935193519343226,43,2222,43,1.0
case_0069,fusion_w0.60_t0.45,0.009852216748724352,0.999999999090909,0.0049504950494826715,11,2222,11,1.0
case_0069,fusion_w0.60_t0.50,0.0,0.0,0.0,0,2222,0,0.0
case_0069,fusion_w0.60_t0.55,0.0,0.0,0.0,0,2222,0,0.0
case_0069,fusion_w0.60_t0.60,0.0,0.0,0.0,0,2222,0,0.0
case_0069,fusion_w0.60_t0.65,0.0,0.0,0.0,0,2222,0,0.0
case_0069,fusion_w0.70_t0.35,0.11774530271349586,0.8150289016869925,0.06345634563427788,173,2222,141,1.0
case_0069,fusion_w0.70_t0.40,0.07576409814861919,0.8712871286266053,0.03960396039586137,101,2222,88,1.0
case_0069,fusion_w0.70_t0.45,0.04313380281671156,0.979999999804,0.022052205220422807,50,2222,49,1.0
case_0069,fusion_w0.70_t0.50,0.019607843137167524,0.9999999995454545,0.009900990098965343,22,2222,22,1.0
case_0069,fusion_w0.70_t0.55,0.0026966292134710263,0.9999999966666667,0.001350135013495274,3,2222,3,1.0
case_0069,fusion_w0.70_t0.60,0.0,0.0,0.0,0,2222,0,0.0
case_0069,fusion_w0.70_t0.65,0.0,0.0,0.0,0,2222,0,0.0
case_0069,fusion_w0.80_t0.35,0.16686722823840006,0.7675276752484307,0.09360936093567233,271,2222,208,1.0
case_0069,fusion_w0.80_t0.40,0.11774530271349586,0.8150289016869925,0.06345634563427788,173,2222,141,1.0
case_0069,fusion_w0.80_t0.45,0.08068669527862367,0.8703703702897806,0.04230423042285192,108,2222,94,1.0
case_0069,fusion_w0.80_t0.50,0.04734765453727599,0.9152542371330078,0.02430243024291493,59,2222,54,1.0
case_0069,fusion_w0.80_t0.55,0.02839396628203907,0.9999999996875,0.01440144014394959,32,2222,32,1.0
case_0069,fusion_w0.80_t0.60,0.009852216748724352,0.999999999090909,0.0049504950494826715,11,2222,11,1.0
case_0069,fusion_w0.80_t0.65,0.0,0.0,0.0,0,2222,0,0.0
case_0074,nnunet,0.830470016206558,0.9531249999976361,0.7357840321640134,4032,5223,3843,1.0
case_0074,medformer_lcc_t0.25,0.7370187768795373,0.8150812064946286,0.6726019528993441,4310,5223,3513,1.0
case_0074,union_t0.25,0.8165235015917223,0.823277539897191,0.8098793796653075,5138,5223,4230,1.0
case_0074,intersection_t0.25,0.74190103239499,0.9756554307085654,0.59850660539805,3204,5223,3126,1.0
case_0074,medformer_lcc_t0.30,0.7302231237314719,0.8252895752875837,0.6547960941974827,4144,5223,3420,1.0
case_0074,union_t0.30,0.8188730746726273,0.8341608738811636,0.8041355542776103,5035,5223,4200,1.0
case_0074,intersection_t0.30,0.7324246771870726,0.9751671442184808,0.5864445720838858,3141,5223,3063,1.0
case_0074,medformer_lcc_t0.35,0.7223608549411713,0.8335002503734765,0.6373731571881345,3994,5223,3329,1.0
case_0074,union_t0.35,0.8206035584381985,0.8432323232306197,0.7991575722749394,4950,5223,4174,1.0
case_0074,intersection_t0.35,0.7224966863468821,0.9746423927146468,0.5739996170772085,3076,5223,2998,1.0
case_0074,medformer_lcc_t0.40,0.7120661157016946,0.8387850467267944,0.6186099942549902,3852,5223,3231,1.0
case_0074,union_t0.40,0.8210255394963165,0.8499692559933388,0.7939881294260119,4879,5223,4147,1.0
case_0074,intersection_t0.40,0.7114730189587852,0.9740432612280399,0.5604058969929918,3005,5223,2927,1.0
case_0074,medformer_lcc_t0.45,0.7024904644371747,0.8482795990223564,0.5994639096293328,3691,5223,3131,1.0
case_0074,union_t0.45,0.8236702923851674,0.8601500625242599,0.7901589125008804,4798,5223,4127,1.0
case_0074,intersection_t0.45,0.6988217967590834,0.9733333333300057,0.5450890292924658,2925,5223,2847,1.0
case_0074,medformer_lcc_t0.50,0.6900798175590762,0.8531153087091821,0.5793605207723925,3547,5223,3026,1.0
case_0074,union_t0.50,0.8241791344504225,0.8665540540522244,0.7857553130369792,4736,5223,4104,1.0
case_0074,intersection_t0.50,0.6855938507306154,0.972564192750712,0.5293892398994268,2843,5223,2765,1.0
case_0074,medformer_lcc_t0.55,0.6831866604901768,0.8643422209174793,0.5648094964568929,3413,5223,2950,1.0
case_0074,union_t0.55,0.8266720631378865,0.8766094420582047,0.7821175569581044,4660,5223,4085,1.0
case_0074,intersection_t0.55,0.6763236763228317,0.9723518850952519,0.5184759716628021,2785,5223,2708,1.0
case_0074,medformer_lcc_t0.60,0.6735556599334505,0.8709383540817767,0.5491097070638539,3293,5223,2868,1.0
case_0074,union_t0.60,0.8277195481827335,0.8833622936557703,0.778671261725486,4604,5223,4067,1.0
case_0074,intersection_t0.60,0.6656596173204108,0.9717015802977887,0.5062224775023814,2721,5223,2644,1.0
case_0074,medformer_lcc_t0.65,0.6627601052371886,0.8827652118480958,0.5305380049769662,3139,5223,2771,1.0
case_0074,union_t0.65,0.8293483837857061,0.8936311366632163,0.7736932797228151,4522,5223,4041,1.0
case_0074,intersection_t0.65,0.6537093495926655,0.971309928271154,0.4926287574181646,2649,5223,2573,1.0
case_0074,medformer_lcc_t0.70,0.6498660822977235,0.8923436977569631,0.5110089986587957,2991,5223,2669,1.0
case_0074,union_t0.70,0.8300599545164047,0.9020444843835047,0.7687152977201441,4451,5223,4015,1.0
case_0074,intersection_t0.70,0.6406670942903905,0.970839813371031,0.478077733102665,2572,5223,2497,1.0
case_0074,medformer_lcc_t0.75,0.6324680163946933,0.9002828854282169,0.48745931456923713,2828,5223,2546,1.0
case_0074,union_t0.75,0.8302632948269015,0.9094847241201335,0.7637373157174733,4386,5223,3989,1.0
case_0074,intersection_t0.75,0.62361959204804,0.9700889248141872,0.4595060310157773,2474,5223,2400,1.0
case_0074,fusion_w0.40_t0.35,0.834825234440713,0.941360249937656,0.749952134787,4161,5223,3917,1.0
case_0074,fusion_w0.40_t0.40,0.830470016206558,0.9531249999976361,0.7357840321640134,4032,5223,3843,1.0
case_0074,fusion_w0.40_t0.45,0.830470016206558,0.9531249999976361,0.7357840321640134,4032,5223,3843,1.0
case_0074,fusion_w0.40_t0.50,0.830470016206558,0.9531249999976361,0.7357840321640134,4032,5223,3843,1.0
case_0074,fusion_w0.40_t0.55,0.830470016206558,0.9531249999976361,0.7357840321640134,4032,5223,3843,1.0
case_0074,fusion_w0.40_t0.60,0.830470016206558,0.9531249999976361,0.7357840321640134,4032,5223,3843,1.0
case_0074,fusion_w0.40_t0.65,0.769195082346591,0.975581053248086,0.634884166186799,3399,5223,3316,1.0
case_0074,fusion_w0.50_t0.35,0.8300599545164047,0.9020444843835047,0.7687152977201441,4451,5223,4015,1.0
case_0074,fusion_w0.50_t0.40,0.8311851618979029,0.9180555555534304,0.759333716253572,4320,5223,3966,1.0
case_0074,fusion_w0.50_t0.45,0.8341536486188378,0.9454280863426014,0.746314378708125,4123,5223,3898,1.0
case_0074,fusion_w0.50_t0.50,0.830470016206558,0.9531249999976361,0.7357840321640134,4032,5223,3843,1.0
case_0074,fusion_w0.50_t0.55,0.7745064080351293,0.9755671902240385,0.6421596783445488,3438,5223,3354,1.0
case_0074,fusion_w0.50_t0.60,0.7518531591943147,0.9752747252717483,0.6117174037897536,3276,5223,3195,1.0
case_0074,fusion_w0.50_t0.65,0.7324246771870726,0.9751671442184808,0.5864445720838858,3141,5223,3063,1.0
case_0074,fusion_w0.60_t0.35,0.827327174905261,0.880509939496801,0.7802029484955386,4628,5223,4075,1.0
case_0074,fusion_w0.60_t0.40,0.8293736501071383,0.895999999998009,0.7719701321065059,4500,5223,4032,1.0
case_0074,fusion_w0.60_t0.45,0.7804068996010831,0.9235802146010899,0.6756653264394492,3821,5223,3529,1.0
case_0074,fusion_w0.60_t0.50,0.7643645465914616,0.9419517666827203,0.6431169825758317,3566,5223,3359,1.0
case_0074,fusion_w0.60_t0.55,0.746444104853948,0.9668087697899915,0.6078881868646221,3284,5223,3175,1.0
case_0074,fusion_w0.60_t0.60,0.7255679769194306,0.9748062015472391,0.57782883400234,3096,5223,3018,1.0
case_0074,fusion_w0.60_t0.65,0.7080185230310649,0.9738518270165141,0.5561937583753471,2983,5223,2905,1.0
case_0074,fusion_w0.70_t0.35,0.7794164456225151,0.8741075678227651,0.7032356883003958,4202,5223,3673,1.0
case_0074,fusion_w0.70_t0.40,0.7664891883073275,0.8861809045203866,0.6752824047469361,3980,5223,3527,1.0
case_0074,fusion_w0.70_t0.45,0.7508638947712062,0.8986125933807401,0.6448401301921408,3748,5223,3368,1.0
case_0074,fusion_w0.70_t0.50,0.7382932664911264,0.9116488463677219,0.6203331418712994,3554,5223,3240,1.0
case_0074,fusion_w0.70_t0.55,0.7261516984635572,0.9252890601810695,0.5975493011667671,3373,5223,3121,1.0
case_0074,fusion_w0.70_t0.60,0.710186513628993,0.945558739252004,0.5686387133820244,3141,5223,2970,1.0
case_0074,fusion_w0.70_t0.65,0.6900282798466864,0.9642611683815662,0.5372391345959463,2910,5223,2806,1.0
case_0074,fusion_w0.80_t0.35,0.7527944969897326,0.8581230090643026,0.6704958835905217,4081,5223,3502,1.0
case_0074,fusion_w0.80_t0.40,0.7418683605292499,0.8666837256886728,0.6484778862710158,3908,5223,3387,1.0
case_0074,fusion_w0.80_t0.45,0.7331771007691851,0.8788121990345671,0.6289488799528452,3738,5223,3285,1.0
case_0074,fusion_w0.80_t0.50,0.7234332425059906,0.888702928867814,0.6099942561734444,3585,5223,3186,1.0
case_0074,fusion_w0.80_t0.55,0.708396237369982,0.9002361275061976,0.5839555810825503,3388,5223,3050,1.0
case_0074,fusion_w0.80_t0.60,0.6914489311155683,0.9105411323086939,0.5573425234528866,3197,5223,2911,1.0
case_0074,fusion_w0.80_t0.65,0.6797528171565737,0.9257425742543706,0.5370476737496898,3030,5223,2805,1.0
case_0086,nnunet,0.36768591921433535,0.828701077703751,0.23625485122859596,1763,6184,1461,1.0
case_0086,medformer_lcc_t0.25,0.504281969122922,0.3941353246513121,0.699870633892788,10981,6184,4328,1.0
case_0086,union_t0.25,0.5313690916327106,0.40984469597226475,0.7553363518745871,11397,6184,4671,1.0
case_0086,intersection_t0.25,0.29690612136463035,0.8299925760888642,0.1807891332467969,1347,6184,1118,1.0
case_0086,medformer_lcc_t0.30,0.5095297029699817,0.41269045709661917,0.6657503234141886,9976,6184,4117,1.0
case_0086,union_t0.30,0.5404332129960647,0.43033729398195636,0.7262289780065876,10436,6184,4491,1.0
case_0086,intersection_t0.30,0.29036997462229147,0.8342287029866906,0.175776196636197,1303,6184,1087,1.0
case_0086,medformer_lcc_t0.35,0.5084879589416315,0.42866651874813766,0.6248382923663893,9014,6184,3864,1.0
case_0086,union_t0.35,0.5457898753494367,0.44979035639365844,0.6938874514865881,9540,6184,4291,1.0
case_0086,intersection_t0.35,0.27866864303964606,0.8358932902115127,0.16720569210839714,1237,6184,1034,1.0
case_0086,medformer_lcc_t0.40,0.5039682539678968,0.4485368314827844,0.5750323415255902,7928,6184,3556,1.0
case_0086,union_t0.40,0.5487771739126707,0.47317244611003606,0.6531371280713889,8536,6184,4039,1.0
case_0086,intersection_t0.40,0.26652132443075827,0.8467532467459157,0.1581500646827973,1155,6184,978,1.0
case_0086,medformer_lcc_t0.45,0.4891186911556651,0.4678181281363038,0.5124514877093913,6774,6184,3169,1.0
case_0086,union_t0.45,0.5428969155245491,0.4963161419953164,0.5991267787829898,7465,6184,3705,1.0
case_0086,intersection_t0.45,0.25496141124551414,0.8628731343203091,0.14957956015499746,1072,6184,925,1.0
case_0086,medformer_lcc_t0.50,0.4435871056237623,0.47208029196994145,0.41833764553619285,5480,6184,2587,1.0
case_0086,union_t0.50,0.5151102204404688,0.5107296137330938,0.5195666235437911,6291,6184,3213,1.0
case_0086,intersection_t0.50,0.23425196850360763,0.8976293103351548,0.1347024579557977,928,6184,833,1.0
case_0086,medformer_lcc_t0.55,0.42217047042345396,0.49791254669194046,0.36642949547159376,4551,6184,2266,1.0
case_0086,union_t0.55,0.5171206557932566,0.547855979734851,0.48965071151279166,5527,6184,3028,1.0
case_0086,intersection_t0.55,0.20080436656104453,0.8984575835360096,0.11303363518739808,778,6184,699,1.0
case_0086,medformer_lcc_t0.60,0.4111133893782949,0.5616246498583708,0.32422380336299444,3570,6184,2005,1.0
case_0086,union_t0.60,0.5270046082944451,0.6127303900544091,0.4623221216033921,4666,6184,2859,1.0
case_0086,intersection_t0.60,0.10228142704011288,0.9625360230270162,0.05401034928839908,347,6184,334,1.0
case_0086,medformer_lcc_t0.65,0.38314092790200044,0.5867244829867021,0.28444372574339516,2998,6184,1759,1.0
case_0086,union_t0.65,0.5198535080951042,0.6433683206091523,0.43612548512219257,4192,6184,2697,1.0
case_0086,intersection_t0.65,0.0864998455358565,0.9655172413460166,0.045278137127999225,290,6184,280,1.0
case_0086,medformer_lcc_t0.70,0.3387021475252816,0.6086409395947624,0.234637774902596,2384,6184,1451,1.0
case_0086,union_t0.70,0.5031918127464756,0.6738127544079409,0.40152005174579314,3685,6184,2483,1.0
case_0086,intersection_t0.70,0.06810760379401631,0.886639676077464,0.035413971539399396,247,6184,219,1.0
case_0086,medformer_lcc_t0.75,0.27903469079904597,0.6264108352109119,0.17949547218599693,1772,6184,1110,1.0
case_0086,union_t0.75,0.47762469293978677,0.7033658383117227,0.3615782664935938,3179,6184,2236,1.0
case_0086,intersection_t0.75,0.056086479711646424,0.899497487391985,0.028945666235399507,199,6184,179,1.0
case_0086,fusion_w0.40_t0.35,0.4136057635521275,0.766973280767556,0.2831500646825952,2283,6184,1751,1.0
case_0086,fusion_w0.40_t0.40,0.36768591921433535,0.828701077703751,0.23625485122859596,1763,6184,1461,1.0
case_0086,fusion_w0.40_t0.45,0.36768591921433535,0.828701077703751,0.23625485122859596,1763,6184,1461,1.0
case_0086,fusion_w0.40_t0.50,0.36768591921433535,0.828701077703751,0.23625485122859596,1763,6184,1461,1.0
case_0086,fusion_w0.40_t0.55,0.36768591921433535,0.828701077703751,0.23625485122859596,1763,6184,1461,1.0
case_0086,fusion_w0.40_t0.60,0.36768591921433535,0.828701077703751,0.23625485122859596,1763,6184,1461,1.0
case_0086,fusion_w0.40_t0.65,0.3146008403357214,0.8365921787651076,0.19372574385479668,1432,6184,1198,1.0
case_0086,fusion_w0.50_t0.35,0.5031918127464756,0.6738127544079409,0.40152005174579314,3685,6184,2483,1.0
case_0086,fusion_w0.50_t0.40,0.44840650768837925,0.7211469534024332,0.32535575679119444,2790,6184,2012,1.0
case_0086,fusion_w0.50_t0.45,0.4089495094515327,0.7861085556541578,0.27635834411339527,2174,6184,1709,1.0
case_0086,fusion_w0.50_t0.50,0.36768591921433535,0.828701077703751,0.23625485122859596,1763,6184,1461,1.0
case_0086,fusion_w0.50_t0.55,0.3179137727685521,0.8382861091856373,0.19615135834379666,1447,6184,1213,1.0
case_0086,fusion_w0.50_t0.60,0.3054161162479453,0.8340548340488164,0.1869340232855968,1386,6184,1156,1.0
case_0086,fusion_w0.50_t0.65,0.29036997462229147,0.8342287029866906,0.175776196636197,1303,6184,1087,1.0
case_0086,fusion_w0.60_t0.35,0.517697152487787,0.5733935940252046,0.47186287192679194,5089,6184,2918,1.0
case_0086,fusion_w0.60_t0.40,0.5180321442566463,0.6574626865655288,0.4273932729617927,4020,6184,2643,1.0
case_0086,fusion_w0.60_t0.45,0.440419657647222,0.6945315221153099,0.3224450194043945,2871,6184,1994,1.0
case_0086,fusion_w0.60_t0.50,0.378152264849554,0.724690792484083,0.2558214747731956,2183,6184,1582,1.0
case_0086,fusion_w0.60_t0.55,0.3407332233916774,0.7904649793949944,0.2171733505817963,1699,6184,1343,1.0
case_0086,fusion_w0.60_t0.60,0.2819513506245371,0.8345266507491287,0.1696313065973971,1257,6184,1049,1.0
case_0086,fusion_w0.60_t0.65,0.26217843459186896,0.8523131672522037,0.15491591203079735,1124,6184,958,1.0
case_0086,fusion_w0.70_t0.35,0.4896115627818924,0.49741364925663706,0.4820504527805918,5993,6184,2981,1.0
case_0086,fusion_w0.70_t0.40,0.4842790025293781,0.5487305487294252,0.43337645536799263,4884,6184,2680,1.0
case_0086,fusion_w0.70_t0.45,0.47775129121923143,0.6192070030880041,0.3889068564029934,3884,6184,2405,1.0
case_0086,fusion_w0.70_t0.50,0.44257703081184807,0.6630083925091576,0.33214747736039435,3098,6184,2054,1.0
case_0086,fusion_w0.70_t0.55,0.38407494145154086,0.6960950763977246,0.2652005174639955,2356,6184,1640,1.0
case_0086,fusion_w0.70_t0.60,0.32647912198772994,0.7423981640806518,0.20924967658439644,1743,6184,1294,1.0
case_0086,fusion_w0.70_t0.65,0.27867528271367975,0.8319935691251448,0.16736739974099715,1244,6184,1035,1.0
case_0086,fusion_w0.80_t0.35,0.5157112370295711,0.47319378798045486,0.5666235446303903,7405,6184,3504,1.0
case_0086,fusion_w0.80_t0.40,0.47599303424788453,0.48851063829704083,0.46410090556199207,5875,6184,2870,1.0
case_0086,fusion_w0.80_t0.45,0.4691536446567887,0.5314098629004882,0.41995472186219285,4887,6184,2597,1.0
case_0086,fusion_w0.80_t0.50,0.4614315496868247,0.597582926200572,0.37580853816239357,3889,6184,2324,1.0
case_0086,fusion_w0.80_t0.55,0.4361370716506218,0.6495999999979213,0.3282664941779944,3125,6184,2030,1.0
case_0086,fusion_w0.80_t0.60,0.3771106941834227,0.6860068259356399,0.26002587322079557,2344,6184,1608,1.0
case_0086,fusion_w0.80_t0.65,0.2964094728796837,0.6970059880197784,0.18822768434639678,1670,6184,1164,1.0
case_0094,nnunet,0.8586718559950636,0.8647721705025361,0.8526570048288583,4082,4140,3530,1.0
case_0094,medformer_lcc_t0.25,0.5095458490016563,0.36364574731589216,0.8509661835728237,9688,4140,3523,1.0
case_0094,union_t0.25,0.5532629222910028,0.3893866299100232,0.9553140096595283,10157,4140,3955,1.0
case_0094,intersection_t0.25,0.7991745130906757,0.8574591751982911,0.7483091787421539,3613,4140,3098,1.0
case_0094,medformer_lcc_t0.30,0.530766899059919,0.38670494699603936,0.8458937198047201,9056,4140,3502,1.0
case_0094,union_t0.30,0.5764594140421009,0.41321881219187884,0.952898550722336,9547,4140,3945,1.0
case_0094,intersection_t0.30,0.7986030267742872,0.8596491228046237,0.7456521739112424,3591,4140,3087,1.0
case_0094,medformer_lcc_t0.35,0.5495474222742625,0.40758902510168404,0.8432367149738086,8565,4140,3491,1.0
case_0094,union_t0.35,0.5958961156957705,0.43399139737461784,0.9504830917851438,9067,4140,3935,1.0
case_0094,intersection_t0.35,0.7994818652839385,0.8620111731819498,0.7454106280175232,3580,4140,3086,1.0
case_0094,medformer_lcc_t0.40,0.5704202232431299,0.4319990054693784,0.8393719806743011,8044,4140,3475,1.0
case_0094,union_t0.40,0.6174200661516637,0.45805094648228784,0.9468599033793554,8558,4140,3920,1.0
case_0094,intersection_t0.40,0.8004670472226253,0.8646300448406261,0.745169082123804,3568,4140,3085,1.0
case_0094,medformer_lcc_t0.45,0.5915733697969476,0.4577436846971859,0.8359903381622319,7561,4140,3461,1.0
case_0094,union_t0.45,0.6395814599847628,0.4833806993692285,0.9449275362296017,8093,4140,3912,1.0
case_0094,intersection_t0.45,0.8007802340691798,0.8673239436595287,0.7437198067614886,3550,4140,3079,1.0
case_0094,medformer_lcc_t0.50,0.6386412686491145,0.5221727788851892,0.821980676326517,6517,4140,3403,1.0
case_0094,union_t0.50,0.6914827616762461,0.5461290774176871,0.9422705313986902,7143,4140,3901,1.0
case_0094,intersection_t0.50,0.7983149025792544,0.8773148148122764,0.7323671497566852,3456,4140,3032,1.0
case_0094,medformer_lcc_t0.55,0.664055615391497,0.5583731269544568,0.8190821256018863,6073,4140,3391,1.0
case_0094,union_t0.55,0.7158495078643032,0.5780716089725478,0.9398550724614979,6731,4140,3891,1.0
case_0094,intersection_t0.55,0.8011634056044405,0.8849299065394716,0.7318840579692467,3424,4140,3030,1.0
case_0094,medformer_lcc_t0.60,0.6824740187663378,0.5860336163566349,0.8169082125584133,5771,4140,3382,1.0
case_0094,union_t0.60,0.7335849056596853,0.6018575851383873,0.9391304347803403,6460,4140,3888,1.0
case_0094,intersection_t0.60,0.802867383511479,0.891246684347506,0.7304347826069313,3393,4140,3024,1.0
case_0094,medformer_lcc_t0.65,0.6966338684612152,0.6097914777867456,0.8123188405777481,5515,4140,3363,1.0
case_0094,union_t0.65,0.747784200384636,0.6219551282041315,0.9374396135243057,6240,4140,3881,1.0
case_0094,intersection_t0.65,0.8035214085623535,0.8972296693449592,0.7275362318823007,3357,4140,3012,1.0
case_0094,medformer_lcc_t0.70,0.7102005975237833,0.6360856269100993,0.8038647342975752,5232,4140,3328,1.0
case_0094,union_t0.70,0.7633497536938292,0.6445923460887777,0.9357487922682711,6010,4140,3874,1.0
case_0094,intersection_t0.70,0.8017195056410509,0.9031476997551358,0.7207729468581624,3304,4140,2984,1.0
case_0094,medformer_lcc_t0.75,0.7215884159711259,0.6609726688089611,0.7944444444425255,4976,4140,3289,1.0
case_0094,union_t0.75,0.77692926044938,0.6651754989665086,0.9338164251185174,5812,4140,3866,1.0
case_0094,intersection_t0.75,0.7996209044126732,0.9097350585307772,0.7132850241528664,3246,4140,2953,1.0
case_0094,fusion_w0.40_t0.35,0.8086048718751359,0.7175743964051702,0.9260869565195022,5343,4140,3834,1.0
case_0094,fusion_w0.40_t0.40,0.8586718559950636,0.8647721705025361,0.8526570048288583,4082,4140,3530,1.0
case_0094,fusion_w0.40_t0.45,0.8586718559950636,0.8647721705025361,0.8526570048288583,4082,4140,3530,1.0
case_0094,fusion_w0.40_t0.50,0.8586718559950636,0.8647721705025361,0.8526570048288583,4082,4140,3530,1.0
case_0094,fusion_w0.40_t0.55,0.8586718559950636,0.8647721705025361,0.8526570048288583,4082,4140,3530,1.0
case_0094,fusion_w0.40_t0.60,0.8586718559950636,0.8647721705025361,0.8526570048288583,4082,4140,3530,1.0
case_0094,fusion_w0.40_t0.65,0.7968127490029601,0.8514144465782714,0.7487922705295923,3641,4140,3100,1.0
case_0094,fusion_w0.50_t0.35,0.7633497536938292,0.6445923460887777,0.9357487922682711,6010,4140,3874,1.0
case_0094,fusion_w0.50_t0.40,0.7883002659022414,0.6835757360754104,0.9309178743938867,5638,4140,3854,1.0
case_0094,fusion_w0.50_t0.45,0.8172686471459528,0.7328478344179133,0.92367149758231,5218,4140,3824,1.0
case_0094,fusion_w0.50_t0.50,0.8586718559950636,0.8647721705025361,0.8526570048288583,4082,4140,3530,1.0
case_0094,fusion_w0.50_t0.55,0.7963010531713379,0.8502468458561431,0.7487922705295923,3646,4140,3100,1.0
case_0094,fusion_w0.50_t0.60,0.7983517898521783,0.8549365692199258,0.7487922705295923,3626,4140,3100,1.0
case_0094,fusion_w0.50_t0.65,0.7986030267742872,0.8596491228046237,0.7456521739112424,3591,4140,3087,1.0
case_0094,fusion_w0.60_t0.35,0.7272387362116963,0.5931686489774426,0.9396135265677787,6558,4140,3890,1.0
case_0094,fusion_w0.60_t0.40,0.7522793404454391,0.628525121554897,0.936714975843148,6170,4140,3878,1.0
case_0094,fusion_w0.60_t0.45,0.7220004202555977,0.6388992190393475,0.8299516908192514,5378,4140,3436,1.0
case_0094,fusion_w0.60_t0.50,0.7430125067963642,0.6757665677533615,0.8251207729448669,5055,4140,3416,1.0
case_0094,fusion_w0.60_t0.55,0.7683217816148524,0.7253808195650604,0.816666666664694,4661,4140,3381,1.0
case_0094,fusion_w0.60_t0.60,0.7995337995327642,0.8618090452237247,0.7456521739112424,3582,4140,3087,1.0
case_0094,fusion_w0.60_t0.65,0.8003634475586704,0.8650392817035213,0.7446859903363655,3564,4140,3083,1.0
case_0094,fusion_w0.70_t0.35,0.6398156682021753,0.5172876304016136,0.8384057970994242,6710,4140,3471,1.0
case_0094,fusion_w0.70_t0.40,0.6706726109704684,0.560051796697054,0.8357487922685127,6178,4140,3460,1.0
case_0094,fusion_w0.70_t0.45,0.6939473155030224,0.5943851188415529,0.8335748792250397,5806,4140,3451,1.0
case_0094,fusion_w0.70_t0.50,0.7141369977090213,0.6275155506757638,0.828502415456936,5466,4140,3430,1.0
case_0094,fusion_w0.70_t0.55,0.7325182325174469,0.658757716048112,0.8248792270511477,5184,4140,3415,1.0
case_0094,fusion_w0.70_t0.60,0.7513567393944497,0.6938024135800904,0.8193236714956055,4889,4140,3392,1.0
case_0094,fusion_w0.70_t0.65,0.7713620488931648,0.7444943820207989,0.8002415458917869,4450,4140,3313,1.0
case_0094,fusion_w0.80_t0.35,0.5852716432944955,0.44857768052458674,0.8417874396114933,7769,4140,3485,1.0
case_0094,fusion_w0.80_t0.40,0.6415757351575351,0.5197782439308963,0.8379227053119858,6674,4140,3469,1.0
case_0094,fusion_w0.80_t0.45,0.6686063427401138,0.5585804569752737,0.8326086956501628,6171,4140,3447,1.0
case_0094,fusion_w0.80_t0.50,0.6893164962911512,0.5890715998619578,0.8306763285004091,5838,4140,3439,1.0
case_0094,fusion_w0.80_t0.55,0.7073397336629427,0.6176311519729266,0.8275362318820592,5547,4140,3426,1.0
case_0094,fusion_w0.80_t0.60,0.7222817928364547,0.6494408021584084,0.8135265700463442,5186,4140,3368,1.0
case_0094,fusion_w0.80_t0.65,0.7387228410712046,0.6797239699600574,0.8089371980656789,4927,4140,3349,1.0
case_0096,nnunet,0.7467891628379612,0.9476564358768793,0.616181930692116,4203,6464,3983,1.0
case_0096,medformer_lcc_t0.25,0.6580086580083063,0.5026537111125151,0.9523514851470416,12247,6464,6156,1.0
case_0096,union_t0.25,0.6652263266055408,0.5044353871969116,0.9764851485133409,12513,6464,6312,1.0
case_0096,intersection_t0.25,0.7358907797320104,0.9720599441174193,0.5920482673258167,3937,6464,3827,1.0
case_0096,medformer_lcc_t0.30,0.665869305207858,0.5133277451797876,0.9474009900975443,11930,6464,6124,1.0
case_0096,union_t0.30,0.6730975348335085,0.5149229255489383,0.9715346534638436,12196,6464,6280,1.0
case_0096,intersection_t0.30,0.7358907797320104,0.9720599441174193,0.5920482673258167,3937,6464,3827,1.0
case_0096,medformer_lcc_t0.35,0.6756157088968961,0.5266343825661305,0.9421410891074534,11564,6464,6090,1.0
case_0096,union_t0.35,0.6827721906423903,0.5278904665309939,0.9662747524737527,11832,6464,6246,1.0
case_0096,intersection_t0.35,0.7360323107984075,0.9725540025388245,0.5920482673258167,3935,6464,3827,1.0
case_0096,medformer_lcc_t0.40,0.6858858178518997,0.5410114367400455,0.9367264851470657,11192,6464,6055,1.0
case_0096,union_t0.40,0.6929986052994739,0.5419247884124055,0.960860148513365,11461,6464,6211,1.0
case_0096,intersection_t0.40,0.7361030967486669,0.9728012201297082,0.5920482673258167,3934,6464,3827,1.0
case_0096,medformer_lcc_t0.45,0.6961102106965176,0.5561413244537956,0.9302289603946006,10812,6464,6013,1.0
case_0096,union_t0.45,0.7033956244298636,0.5567279942274921,0.954981435642087,11088,6464,6173,1.0
case_0096,intersection_t0.45,0.7358290828594592,0.9735166793965533,0.5914294554446297,3927,6464,3823,1.0
case_0096,medformer_lcc_t0.50,0.706140871837091,0.5730672835930469,0.9197091584144188,10374,6464,5945,1.0
case_0096,union_t0.50,0.7136347704166879,0.5733058006377197,0.9449257425727956,10654,6464,6108,1.0
case_0096,intersection_t0.50,0.7355348031185756,0.97374458322464,0.5909653465337392,3923,6464,3820,1.0
case_0096,medformer_lcc_t0.55,0.7177021846280547,0.5915337546387887,0.9122834158401728,9969,6464,5897,1.0
case_0096,union_t0.55,0.7256637168137253,0.5914230019487413,0.938737623760924,10260,6464,6068,1.0
case_0096,intersection_t0.55,0.7347725520424684,0.97443762780937,0.5897277227713649,3912,6464,3812,1.0
case_0096,medformer_lcc_t0.60,0.730986091967967,0.6142345756995007,0.9025371287114751,9498,6464,5834,1.0
case_0096,union_t0.60,0.7394699624910905,0.6136340442896074,0.9302289603946006,9799,6464,6013,1.0
case_0096,intersection_t0.60,0.7339378738175439,0.9748846745233858,0.5884900990089906,3902,6464,3804,1.0
case_0096,medformer_lcc_t0.65,0.7396782322150677,0.6350826583816319,0.8855198019788281,9013,6464,5724,1.0
case_0096,union_t0.65,0.7504111321943387,0.6347100363785205,0.9176980198005605,9346,6464,5932,1.0
case_0096,intersection_t0.65,0.7305980259331036,0.9754521963799084,0.5840037128703837,3870,6464,3775,1.0
case_0096,medformer_lcc_t0.70,0.7476610531938334,0.6581176470580492,0.8654084158402454,8500,6464,5594,1.0
case_0096,union_t0.70,0.7626864699363151,0.6587149769318569,0.9056311881174108,8887,6464,5854,1.0
case_0096,intersection_t0.70,0.7243190661471552,0.9756289308150534,0.5759591584149506,3816,6464,3723,1.0
case_0096,medformer_lcc_t0.75,0.7575568928541484,0.6850994620284185,0.8471534653452241,7993,6464,5476,1.0
case_0096,union_t0.75,0.775065563848581,0.6855001784219275,0.891553217820403,8407,6464,5763,1.0
case_0096,intersection_t0.75,0.7209597191058997,0.9754552652389141,0.5717821782169372,3789,6464,3696,1.0
case_0096,fusion_w0.40_t0.35,0.7960184222249324,0.7656473278068511,0.8288985148502028,6998,6464,5358,1.0
case_0096,fusion_w0.40_t0.40,0.7467891628379612,0.9476564358768793,0.616181930692116,4203,6464,3983,1.0
case_0096,fusion_w0.40_t0.45,0.7467891628379612,0.9476564358768793,0.616181930692116,4203,6464,3983,1.0
case_0096,fusion_w0.40_t0.50,0.7467891628379612,0.9476564358768793,0.616181930692116,4203,6464,3983,1.0
case_0096,fusion_w0.40_t0.55,0.7467891628379612,0.9476564358768793,0.616181930692116,4203,6464,3983,1.0
case_0096,fusion_w0.40_t0.60,0.7467891628379612,0.9476564358768793,0.616181930692116,4203,6464,3983,1.0
case_0096,fusion_w0.40_t0.65,0.7358200346080217,0.9718131030955516,0.5920482673258167,3938,6464,3827,1.0
case_0096,fusion_w0.50_t0.35,0.7626864699363151,0.6587149769318569,0.9056311881174108,8887,6464,5854,1.0
case_0096,fusion_w0.50_t0.40,0.7854900592948828,0.7152839537533792,0.8709777227709298,7871,6464,5630,1.0
case_0096,fusion_w0.50_t0.45,0.7986572060724814,0.7878970344711909,0.8097153465334008,6643,6464,5234,1.0
case_0096,fusion_w0.50_t0.50,0.7467891628379612,0.9476564358768793,0.616181930692116,4203,6464,3983,1.0
case_0096,fusion_w0.50_t0.55,0.7358200346080217,0.9718131030955516,0.5920482673258167,3938,6464,3827,1.0
case_0096,fusion_w0.50_t0.60,0.7358200346080217,0.9718131030955516,0.5920482673258167,3938,6464,3827,1.0
case_0096,fusion_w0.50_t0.65,0.7358907797320104,0.9720599441174193,0.5920482673258167,3937,6464,3827,1.0
case_0096,fusion_w0.60_t0.35,0.735086437788693,0.6059815335200662,0.9340965346520202,9964,6464,6038,1.0
case_0096,fusion_w0.60_t0.40,0.7550811709058193,0.6433238945756443,0.9138304455431407,9182,6464,5907,1.0
case_0096,fusion_w0.60_t0.45,0.7677666712304753,0.688651436992522,0.8674195544541037,8142,6464,5607,1.0
case_0096,fusion_w0.60_t0.50,0.7836633301667394,0.7424892703852382,0.8296720297016867,7223,6464,5363,1.0
case_0096,fusion_w0.60_t0.55,0.7905276541633895,0.8127450980378876,0.7694925742562353,6120,6464,4974,1.0
case_0096,fusion_w0.60_t0.60,0.7359615384608308,0.9723069105666354,0.5920482673258167,3936,6464,3827,1.0
case_0096,fusion_w0.60_t0.65,0.736123136122428,0.9732892393768169,0.59189356435552,3931,6464,3826,1.0
case_0096,fusion_w0.70_t0.35,0.7063430843169131,0.5729136586768958,0.9207920792064963,10389,6464,5952,1.0
case_0096,fusion_w0.70_t0.40,0.7243562165812031,0.6008973182414592,0.9116646039589856,9807,6464,5893,1.0
case_0096,fusion_w0.70_t0.45,0.7419354838704928,0.632751091702366,0.896658415840197,9160,6464,5796,1.0
case_0096,fusion_w0.70_t0.50,0.7591055168714789,0.6691454202069532,0.8770111386125047,8472,6464,5669,1.0
case_0096,fusion_w0.70_t0.55,0.775691074065713,0.7112085644257562,0.8530321782165021,7753,6464,5514,1.0
case_0096,fusion_w0.70_t0.60,0.7862891207147643,0.7584818861403703,0.8162128712858661,6956,6464,5276,1.0
case_0096,fusion_w0.70_t0.65,0.7898615272485303,0.8287170773138,0.7544863861374467,5885,6464,4877,1.0
case_0096,fusion_w0.80_t0.35,0.6935251798557159,0.5521950325354668,0.932085396038162,10911,6464,6025,1.0
case_0096,fusion_w0.80_t0.40,0.706384998812778,0.5729688101650241,0.9207920792064963,10388,6464,5952,1.0
case_0096,fusion_w0.80_t0.45,0.7217364720264617,0.5967040744104775,0.9130569306916568,9891,6464,5902,1.0
case_0096,fusion_w0.80_t0.50,0.7367154347959106,0.6236997319028164,0.8997524752461328,9325,6464,5816,1.0
case_0096,fusion_w0.80_t0.55,0.7529458231842848,0.65532256216265,0.8847462871273442,8727,6464,5719,1.0
case_0096,fusion_w0.80_t0.60,0.7675964635729096,0.6890611541765854,0.8663366336620261,8127,6464,5600,1.0
case_0096,fusion_w0.80_t0.65,0.7793832219101579,0.7279441385783162,0.8386448019789007,7447,6464,5421,1.0
case_0100,nnunet,0.8587938192865391,0.7989169387586215,0.928373126040229,12557,10806,10032,1.0
case_0100,medformer_lcc_t0.25,0.6689052638122474,0.5036756098700643,0.9954654821386308,21357,10806,10757,1.0
case_0100,union_t0.25,0.6661937951024899,0.4995837187786773,0.9995372940949476,21620,10806,10801,1.0
case_0100,intersection_t0.25,0.8647619047615304,0.8124288270694546,0.9243013140839123,12294,10806,9988,1.0
case_0100,medformer_lcc_t0.30,0.6885046429712813,0.5263905209554806,0.9949102350536785,20424,10806,10751,1.0
case_0100,union_t0.30,0.6846526963190931,0.5207117712299172,0.9992596705524714,20737,10806,10798,1.0
case_0100,intersection_t0.30,0.8663774403466957,0.8155014701071418,0.9240236905414362,12244,10806,9985,1.0
case_0100,medformer_lcc_t0.35,0.707308236998746,0.5490617170319839,0.9937071997029485,19557,10806,10738,1.0
case_0100,union_t0.35,0.7022543183368458,0.5414597441682761,0.9988895058291699,19935,10806,10794,1.0
case_0100,intersection_t0.35,0.8680443767670794,0.8191148698572795,0.9231908199140078,12179,10806,9976,1.0
case_0100,medformer_lcc_t0.40,0.7244956577566571,0.5706073348589074,0.9920414584480917,18787,10806,10720,1.0
case_0100,union_t0.40,0.7179930795845362,0.5605194805191893,0.9985193411058684,19250,10806,10790,1.0
case_0100,intersection_t0.40,0.8699676884111126,0.8235780423273614,0.9218952433824523,12096,10806,9962,1.0
case_0100,medformer_lcc_t0.45,0.7452455590384028,0.5975201072382721,0.9900055524699333,17904,10806,10698,1.0
case_0100,union_t0.45,0.7368169398904587,0.5839016996857291,0.9982417175633923,18474,10806,10787,1.0
case_0100,intersection_t0.45,0.8723077597925726,0.8292052372605877,0.9201369609467701,11991,10806,9943,1.0
case_0100,medformer_lcc_t0.50,0.7650708266090137,0.6245681831485306,0.9871367758643464,17079,10806,10667,1.0
case_0100,union_t0.50,0.7521629919059614,0.6036510247504739,0.9975939292976146,17858,10806,10780,1.0
case_0100,intersection_t0.50,0.878137311318278,0.8416631310981403,0.917915972606961,11785,10806,9919,1.0
case_0100,medformer_lcc_t0.55,0.7776802049027524,0.6431251512946967,0.9834351286313312,16524,10806,10627,1.0
case_0100,union_t0.55,0.7638736215025127,0.6192009198041856,0.9967610586701862,17395,10806,10771,1.0
case_0100,intersection_t0.55,0.8787771062918242,0.8452726961866598,0.9150471960013741,11698,10806,9888,1.0
case_0100,medformer_lcc_t0.60,0.7890059003656774,0.6614074630599415,0.9776050342393321,15972,10806,10564,1.0
case_0100,union_t0.60,0.7752574350108824,0.6344884488445105,0.9962983527660593,16968,10806,10766,1.0
case_0100,intersection_t0.60,0.878305932808757,0.8490240110547166,0.909679807513502,11578,10806,9830,1.0
case_0100,medformer_lcc_t0.65,0.8014972690115727,0.6824065040645968,0.9709420692199047,15375,10806,10492,1.0
case_0100,union_t0.65,0.7868828459536702,0.6508445843672271,0.9948176938728531,16517,10806,10750,1.0
case_0100,intersection_t0.65,0.8788382862020057,0.854594736381171,0.9044975013872806,11437,10806,9774,1.0
case_0100,medformer_lcc_t0.70,0.8124241118636902,0.7043123938874674,0.9597445863400335,14725,10806,10371,1.0
case_0100,union_t0.70,0.7988383781969549,0.668286301625448,0.9927817878946947,16053,10806,10728,1.0
case_0100,intersection_t0.70,0.8771929824557426,0.8597707278051543,0.8953359244855679,11253,10806,9675,1.0
case_0100,medformer_lcc_t0.75,0.8211611240837341,0.7267673888250237,0.9437349620572425,14032,10806,10198,1.0
case_0100,union_t0.75,0.8095274159342587,0.685104473784973,0.9891726818425048,15602,10806,10689,1.0
case_0100,intersection_t0.75,0.8746390429477587,0.8664971392236249,0.8829354062549667,11011,10806,9541,1.0
case_0100,fusion_w0.40_t0.35,0.8372390115370525,0.7362213016915423,0.9703868221349524,14243,10806,10486,1.0
case_0100,fusion_w0.40_t0.40,0.8587938192865391,0.7989169387586215,0.928373126040229,12557,10806,10032,1.0
case_0100,fusion_w0.40_t0.45,0.8587938192865391,0.7989169387586215,0.928373126040229,12557,10806,10032,1.0
case_0100,fusion_w0.40_t0.50,0.8587938192865391,0.7989169387586215,0.928373126040229,12557,10806,10032,1.0
case_0100,fusion_w0.40_t0.55,0.8587938192865391,0.7989169387586215,0.928373126040229,12557,10806,10032,1.0
case_0100,fusion_w0.40_t0.60,0.8587938192865391,0.7989169387586215,0.928373126040229,12557,10806,10032,1.0
case_0100,fusion_w0.40_t0.65,0.8612654520390829,0.8055756989760651,0.9252267258921661,12411,10806,9998,1.0
case_0100,fusion_w0.50_t0.35,0.7988383781969549,0.668286301625448,0.9927817878946947,16053,10806,10728,1.0
case_0100,fusion_w0.50_t0.40,0.8202099737529642,0.7035491987811524,0.9832500462696804,15102,10806,10625,1.0
case_0100,fusion_w0.50_t0.45,0.8420073597796749,0.7477555124608577,0.9634462335730487,13923,10806,10411,1.0
case_0100,fusion_w0.50_t0.50,0.8587938192865391,0.7989169387586215,0.928373126040229,12557,10806,10032,1.0
case_0100,fusion_w0.50_t0.55,0.8606352758884133,0.8044737689082679,0.9252267258921661,12428,10806,9998,1.0
case_0100,fusion_w0.50_t0.60,0.8635735268701988,0.8098363312260494,0.92494910234969,12342,10806,9995,1.0
case_0100,fusion_w0.50_t0.65,0.8663774403466957,0.8155014701071418,0.9240236905414362,12244,10806,9985,1.0
case_0100,fusion_w0.60_t0.35,0.7711093604523487,0.6289135514015017,0.9963908939468846,17120,10806,10767,1.0
case_0100,fusion_w0.60_t0.40,0.790654893303609,0.6562232808106411,0.9943549879687262,16374,10806,10745,1.0
case_0100,fusion_w0.60_t0.45,0.8108046414301652,0.688416564377099,0.9861188228752673,15479,10806,10656,1.0
case_0100,fusion_w0.60_t0.50,0.8309692671391524,0.7235487855079432,0.9758467518036499,14574,10806,10545,1.0
case_0100,fusion_w0.60_t0.55,0.8519236320148234,0.7683153588688967,0.9559503979261929,13445,10806,10330,1.0
case_0100,fusion_w0.60_t0.60,0.8673127906467611,0.8176677866091799,0.9233759022756585,12203,10806,9978,1.0
case_0100,fusion_w0.60_t0.65,0.8707631751581584,0.8255245045187615,0.9212474551166747,12059,10806,9955,1.0
case_0100,fusion_w0.70_t0.35,0.7530128923764178,0.6058743939561361,0.994540070330377,17738,10806,10747,1.0
case_0100,fusion_w0.70_t0.40,0.770733108350409,0.6296339746594147,0.993337034979647,17048,10806,10734,1.0
case_0100,fusion_w0.70_t0.45,0.7885768961834215,0.6546098857453079,0.9914862113631394,16367,10806,10714,1.0
case_0100,fusion_w0.70_t0.50,0.8076428301169853,0.6831157194056048,0.9876920229492987,15624,10806,10673,1.0
case_0100,fusion_w0.70_t0.55,0.8252026184535438,0.7126800376896536,0.9799185637599667,14858,10806,10589,1.0
case_0100,fusion_w0.70_t0.60,0.8441894294485032,0.7492468799306059,0.9666851749019371,13942,10806,10446,1.0
case_0100,fusion_w0.70_t0.65,0.8669578862543504,0.800203554371878,0.9458634092162262,12773,10806,10221,1.0
case_0100,fusion_w0.80_t0.35,0.735538603632629,0.5834373473703894,0.9949102350536785,18427,10806,10751,1.0
case_0100,fusion_w0.80_t0.40,0.7560297172632104,0.6101733446998521,0.9935221173412978,17595,10806,10736,1.0
case_0100,fusion_w0.80_t0.45,0.7721281958945725,0.631985380806041,0.992133999628917,16964,10806,10721,1.0
case_0100,fusion_w0.80_t0.50,0.7880016214022227,0.654705774293886,0.989450305384981,16331,10806,10692,1.0
case_0100,fusion_w0.80_t0.55,0.8058560944235432,0.6815331456356017,0.9856561169711403,15628,10806,10651,1.0
case_0100,fusion_w0.80_t0.60,0.8253150727688067,0.7134857990955181,0.9787155284092367,14823,10806,10576,1.0
case_0100,fusion_w0.80_t0.65,0.8399566038490618,0.7422768269293784,0.9672404219868894,14081,10806,10452,1.0
case_0101,nnunet,0.3994823123364992,0.9204771371586387,0.2550964187313769,503,1815,463,1.0
case_0101,medformer_lcc_t0.25,0.2829717496486008,0.1648331666513639,0.9988980716198408,10999,1815,1813,1.0
case_0101,union_t0.25,0.2829717496486008,0.1648331666513639,0.9988980716198408,10999,1815,1813,1.0
case_0101,intersection_t0.25,0.3994823123364992,0.9204771371586387,0.2550964187313769,503,1815,463,1.0
case_0101,medformer_lcc_t0.30,0.30958904109562535,0.18327420172307826,0.9961432506832169,9865,1815,1808,1.0
case_0101,union_t0.30,0.30958904109562535,0.18327420172307826,0.9961432506832169,9865,1815,1808,1.0
case_0101,intersection_t0.30,0.3994823123364992,0.9204771371586387,0.2550964187313769,503,1815,463,1.0
case_0101,medformer_lcc_t0.35,0.3330562482679107,0.20006657789591648,0.9933884297465929,9012,1815,1803,1.0
case_0101,union_t0.35,0.3330562482679107,0.20006657789591648,0.9933884297465929,9012,1815,1803,1.0
case_0101,intersection_t0.35,0.3994823123364992,0.9204771371586387,0.2550964187313769,503,1815,463,1.0
case_0101,medformer_lcc_t0.40,0.3613072422832748,0.22113841214937507,0.9867768594986955,8099,1815,1791,1.0
case_0101,union_t0.40,0.3613072422832748,0.22113841214937507,0.9867768594986955,8099,1815,1791,1.0
case_0101,intersection_t0.40,0.3994823123364992,0.9204771371586387,0.2550964187313769,503,1815,463,1.0
case_0101,medformer_lcc_t0.45,0.397845843150008,0.24978867286524403,0.9768595041268493,7098,1815,1773,1.0
case_0101,union_t0.45,0.39775659001637936,0.24971830985880322,0.9768595041268493,7100,1815,1773,1.0
case_0101,intersection_t0.45,0.39982728842659837,0.9241516965883403,0.2550964187313769,501,1815,463,1.0
case_0101,medformer_lcc_t0.50,0.4202811486237891,0.26874615857364975,0.9636363636310544,6508,1815,1749,1.0
case_0101,union_t0.50,0.4201801801796754,0.2686635944696334,0.9636363636310544,6510,1815,1749,1.0
case_0101,intersection_t0.50,0.39982728842659837,0.9241516965883403,0.2550964187313769,501,1815,463,1.0
case_0101,medformer_lcc_t0.55,0.43742838956023244,0.28443708609224433,0.946556473823986,6040,1815,1718,1.0
case_0101,union_t0.55,0.4373170421274821,0.2843429328032368,0.946556473823986,6042,1815,1718,1.0
case_0101,intersection_t0.55,0.39982728842659837,0.9241516965883403,0.2550964187313769,501,1815,463,1.0
case_0101,medformer_lcc_t0.60,0.4566309216771323,0.3029538904893679,0.9267217630802936,5552,1815,1682,1.0
case_0101,union_t0.60,0.45728234336797224,0.3032919589848834,0.9289256198295928,5559,1815,1686,1.0
case_0101,intersection_t0.60,0.3972306360865546,0.9254032257877943,0.25289256198207777,496,1815,459,1.0
case_0101,medformer_lcc_t0.65,0.476121352880714,0.3232163973190319,0.9035812672126525,5074,1815,1640,1.0
case_0101,union_t0.65,0.4775557486236931,0.3239049302684661,0.9085399448985756,5091,1815,1649,1.0
case_0101,intersection_t0.65,0.39461103867712033,0.9341563785816017,0.2501377410454538,486,1815,454,1.0
case_0101,medformer_lcc_t0.70,0.49734789391498074,0.34689880304603504,0.8782369145957123,4595,1815,1594,1.0
case_0101,union_t0.70,0.4997667547807499,0.34813691507723543,0.8853994490309345,4616,1815,1607,1.0
case_0101,intersection_t0.70,0.39181541140447623,0.9336099584868546,0.24793388429615465,482,1815,450,1.0
case_0101,medformer_lcc_t0.75,0.5090421969181027,0.36564830406455223,0.837465564733678,4157,1815,1520,1.0
case_0101,union_t0.75,0.5133333333324778,0.36798088410903707,0.8484848484801737,4185,1815,1540,1.0
case_0101,intersection_t0.75,0.3868995633170878,0.9326315789277341,0.24407713498488112,475,1815,443,1.0
case_0101,fusion_w0.40_t0.35,0.5114090802152167,0.4462233169111403,0.5988980716220447,2436,1815,1087,1.0
case_0101,fusion_w0.40_t0.40,0.3994823123364992,0.9204771371586387,0.2550964187313769,503,1815,463,1.0
case_0101,fusion_w0.40_t0.45,0.3994823123364992,0.9204771371586387,0.2550964187313769,503,1815,463,1.0
case_0101,fusion_w0.40_t0.50,0.3994823123364992,0.9204771371586387,0.2550964187313769,503,1815,463,1.0
case_0101,fusion_w0.40_t0.55,0.3994823123364992,0.9204771371586387,0.2550964187313769,503,1815,463,1.0
case_0101,fusion_w0.40_t0.60,0.3994823123364992,0.9204771371586387,0.2550964187313769,503,1815,463,1.0
case_0101,fusion_w0.40_t0.65,0.3994823123364992,0.9204771371586387,0.2550964187313769,503,1815,463,1.0
case_0101,fusion_w0.50_t0.35,0.4997667547807499,0.34813691507723543,0.8853994490309345,4616,1815,1607,1.0
case_0101,fusion_w0.50_t0.40,0.5279299014229136,0.39475839475731705,0.7966942148716436,3663,1815,1446,1.0
case_0101,fusion_w0.50_t0.45,0.4042492104496002,0.42206235011737375,0.3878787878766508,1668,1815,704,1.0
case_0101,fusion_w0.50_t0.50,0.3994823123364992,0.9204771371586387,0.2550964187313769,503,1815,463,1.0
case_0101,fusion_w0.50_t0.55,0.3994823123364992,0.9204771371586387,0.2550964187313769,503,1815,463,1.0
case_0101,fusion_w0.50_t0.60,0.3994823123364992,0.9204771371586387,0.2550964187313769,503,1815,463,1.0
case_0101,fusion_w0.50_t0.65,0.3994823123364992,0.9204771371586387,0.2550964187313769,503,1815,463,1.0
case_0101,fusion_w0.60_t0.35,0.45003975616160874,0.29628337113890024,0.9355371900774903,5731,1815,1698,1.0
case_0101,fusion_w0.60_t0.40,0.4839425780664734,0.3308377175226005,0.9008264462760286,4942,1815,1635,1.0
case_0101,fusion_w0.60_t0.45,0.5133333333324778,0.36798088410903707,0.8484848484801737,4185,1815,1540,1.0
case_0101,fusion_w0.60_t0.50,0.5279872965452005,0.41265901334032684,0.7327823691419681,3223,1815,1330,1.0
case_0101,fusion_w0.60_t0.55,0.3330093942328053,0.40408805031128864,0.28319559228494107,1272,1815,514,1.0
case_0101,fusion_w0.60_t0.60,0.3994823123364992,0.9204771371586387,0.2550964187313769,503,1815,463,1.0
case_0101,fusion_w0.60_t0.65,0.3994823123364992,0.9204771371586387,0.2550964187313769,503,1815,463,1.0
case_0101,fusion_w0.70_t0.35,0.4201801801796754,0.2686635944696334,0.9636363636310544,6510,1815,1749,1.0
case_0101,fusion_w0.70_t0.40,0.44577998432134075,0.2921733173483607,0.9399449035760885,5839,1815,1706,1.0
case_0101,fusion_w0.70_t0.45,0.474241556954101,0.32031703073589735,0.9129476583971738,5173,1815,1657,1.0
case_0101,fusion_w0.70_t0.50,0.5049221975222214,0.35467320990329093,0.876033057846413,4483,1815,1590,1.0
case_0101,fusion_w0.70_t0.55,0.5249688999457527,0.38746065057610846,0.813774104678712,3812,1815,1477,1.0
case_0101,fusion_w0.70_t0.60,0.5286956521727637,0.4366247755819152,0.6699724517869423,2785,1815,1216,1.0
case_0101,fusion_w0.70_t0.65,0.3332197614980129,0.43660714285324465,0.2694214876018214,1120,1815,489,1.0
case_0101,fusion_w0.80_t0.35,0.3905442550847822,0.24395604395570886,0.9785123966888237,7280,1815,1776,1.0
case_0101,fusion_w0.80_t0.40,0.4201801801796754,0.2686635944696334,0.9636363636310544,6510,1815,1749,1.0
case_0101,fusion_w0.80_t0.45,0.4418304033086326,0.2886336767433058,0.9415977961380628,5921,1815,1709,1.0
case_0101,fusion_w0.80_t0.50,0.4671043441814959,0.3128742514964205,0.9212121212070458,5344,1815,1672,1.0
case_0101,fusion_w0.80_t0.55,0.49435459261444253,0.3418442709425156,0.8925619834661568,4739,1815,1620,1.0
case_0101,fusion_w0.80_t0.60,0.513504501499644,0.3681568252441593,0.8484848484801737,4183,1815,1540,1.0
case_0101,fusion_w0.80_t0.65,0.5294893536828161,0.4023482245120208,0.7741046831913273,3492,1815,1405,1.0
case_0110,nnunet,0.6712597322576959,0.9625702811237248,0.5153078775367581,12450,23256,11984,1.0
case_0110,medformer_lcc_t0.25,0.7409443974466007,0.67008624287082,0.8285603715166716,28756,23256,19269,1.0
case_0110,union_t0.25,0.7409116250455158,0.6700045200095024,0.8286033711726742,28761,23256,19270,1.0
case_0110,intersection_t0.25,0.6712977227526761,0.9628766572913114,0.5152648778807554,12445,23256,11983,1.0
case_0110,medformer_lcc_t0.30,0.748418529723636,0.688996599869533,0.8190574475400675,27646,23256,19048,1.0
case_0110,union_t0.30,0.7483696079200227,0.6888832634165019,0.8191004471960702,27652,23256,19049,1.0
case_0110,intersection_t0.30,0.6713165266104563,0.9629540340718715,0.5152648778807554,12444,23256,11983,1.0
case_0110,medformer_lcc_t0.35,0.7537217349318514,0.708188416754609,0.8055125558992065,26452,23256,18733,1.0
case_0110,union_t0.35,0.7537712699624375,0.7081097422716695,0.80572755417922,26462,23256,18738,1.0
case_0110,intersection_t0.35,0.6711676378303812,0.9629421221857211,0.5150928792567444,12440,23256,11979,1.0
case_0110,medformer_lcc_t0.40,0.7591012806543551,0.727186798471613,0.7939456484344711,25391,23256,18464,1.0
case_0110,union_t0.40,0.7592257746361554,0.7270187313077573,0.7944186446505012,25412,23256,18475,1.0
case_0110,intersection_t0.40,0.6710382513659322,0.9633116099437096,0.5148348813207281,12429,23256,11973,1.0
case_0110,medformer_lcc_t0.45,0.7622774902157214,0.7463535228674304,0.7788957688335144,24270,23256,18114,1.0
case_0110,union_t0.45,0.7625375864750169,0.7461421340682498,0.7796697626415636,24301,23256,18132,1.0
case_0110,intersection_t0.45,0.670833917308852,0.9635236331419892,0.5145338837287089,12419,23256,11966,1.0
case_0110,medformer_lcc_t0.50,0.7628731586492933,0.7710144927532846,0.7549019607839891,22770,23256,17556,1.0
case_0110,union_t0.50,0.7639274557443675,0.770884413309645,0.7570949432401285,22840,23256,17607,1.0
case_0110,intersection_t0.50,0.6697160175101948,0.9638933764127916,0.5131148950806187,12380,23256,11933,1.0
case_0110,medformer_lcc_t0.55,0.7582485900793201,0.7839041410335212,0.7342191262466743,21782,23256,17075,1.0
case_0110,union_t0.55,0.7608676405487471,0.783981025359978,0.7390780873749832,21924,23256,17188,1.0
case_0110,intersection_t0.55,0.667585198515165,0.9644946376332755,0.5104489164084492,12308,23256,11871,1.0
case_0110,medformer_lcc_t0.60,0.7516382848459783,0.7951067402250923,0.7126762985893048,20845,23256,16574,1.0
case_0110,union_t0.60,0.7560871036893251,0.7955268531265514,0.7203732370137941,21059,23256,16753,1.0
case_0110,intersection_t0.60,0.6652203313420869,0.9647760706105224,0.5076109391122688,12236,23256,11805,1.0
case_0110,medformer_lcc_t0.65,0.7466075879256101,0.8057381948591325,0.6955624355002169,20076,23256,16176,1.0
case_0110,union_t0.65,0.7517037240997794,0.8059040590401939,0.7043343653247746,20325,23256,16380,1.0
case_0110,intersection_t0.65,0.664466818963628,0.9654946315867834,0.5065359477122005,12201,23256,11780,1.0
case_0110,medformer_lcc_t0.70,0.7403382494764565,0.8172093264782587,0.6766855865150169,19257,23256,15737,1.0
case_0110,union_t0.70,0.7460977661461945,0.8170419651991724,0.6864895080836401,19540,23256,15965,1.0
case_0110,intersection_t0.70,0.6637495412583171,0.9662201035580125,0.5055039559681349,12167,23256,11756,1.0
case_0110,medformer_lcc_t0.75,0.7329702233844247,0.8291623690348899,0.6567767457857513,18421,23256,15274,1.0
case_0110,union_t0.75,0.740319394530609,0.8290069825697836,0.6687736498105139,18761,23256,15553,1.0
case_0110,intersection_t0.75,0.6619351919921219,0.9665565648216625,0.5033109735119955,12110,23256,11705,1.0
case_0110,fusion_w0.40_t0.35,0.7214323328065595,0.8653672622265142,0.6185500515993212,16623,23256,14385,1.0
case_0110,fusion_w0.40_t0.40,0.6712597322576959,0.9625702811237248,0.5153078775367581,12450,23256,11984,1.0
case_0110,fusion_w0.40_t0.45,0.6712597322576959,0.9625702811237248,0.5153078775367581,12450,23256,11984,1.0
case_0110,fusion_w0.40_t0.50,0.6712597322576959,0.9625702811237248,0.5153078775367581,12450,23256,11984,1.0
case_0110,fusion_w0.40_t0.55,0.6712597322576959,0.9625702811237248,0.5153078775367581,12450,23256,11984,1.0
case_0110,fusion_w0.40_t0.60,0.6712597322576959,0.9625702811237248,0.5153078775367581,12450,23256,11984,1.0
case_0110,fusion_w0.40_t0.65,0.671297333631898,0.9627249357318743,0.5153078775367581,12448,23256,11984,1.0
case_0110,fusion_w0.50_t0.35,0.7460977661461945,0.8170419651991724,0.6864895080836401,19540,23256,15965,1.0
case_0110,fusion_w0.50_t0.40,0.7349826746466513,0.8419474823733737,0.652132782937456,18013,23256,15166,1.0
case_0110,fusion_w0.50_t0.45,0.7165492509980629,0.8769843740267216,0.6057361541105066,16063,23256,14087,1.0
case_0110,fusion_w0.50_t0.50,0.6712597322576959,0.9625702811237248,0.5153078775367581,12450,23256,11984,1.0
case_0110,fusion_w0.50_t0.55,0.6712785324182409,0.9626476022162722,0.5153078775367581,12449,23256,11984,1.0
case_0110,fusion_w0.50_t0.60,0.671316135898756,0.9628022816735254,0.5153078775367581,12447,23256,11984,1.0
case_0110,fusion_w0.50_t0.65,0.6713165266104563,0.9629540340718715,0.5152648778807554,12444,23256,11983,1.0
case_0110,fusion_w0.60_t0.35,0.7585511274486129,0.7922558291971195,0.7275971792222533,21358,23256,16921,1.0
case_0110,fusion_w0.60_t0.40,0.7495614440031508,0.8090990631847672,0.6981854145163836,20068,23256,16237,1.0
case_0110,fusion_w0.60_t0.45,0.7403370144705017,0.8290511727074472,0.6687736498105139,18760,23256,15553,1.0
case_0110,fusion_w0.60_t0.50,0.7289127015334426,0.8506769160160333,0.6376418988645349,17432,23256,14829,1.0
case_0110,fusion_w0.60_t0.55,0.7128015223986235,0.88669225847672,0.5959322325418834,15630,23256,13859,1.0
case_0110,fusion_w0.60_t0.60,0.6712048631535784,0.9629451008753613,0.5151358789127471,12441,23256,11980,1.0
case_0110,fusion_w0.60_t0.65,0.6709825682415025,0.9633832287132115,0.5147488820087226,12426,23256,11971,1.0
case_0110,fusion_w0.70_t0.35,0.7639440286363459,0.7709181662941587,0.7570949432401285,22839,23256,17607,1.0
case_0110,fusion_w0.70_t0.40,0.7596179594749711,0.7895713490439833,0.7318541451665239,21556,23256,17020,1.0
case_0110,fusion_w0.70_t0.45,0.7526044647966222,0.8048876046815197,0.7066993464049248,20419,23256,16435,1.0
case_0110,fusion_w0.70_t0.50,0.7445313784918718,0.8207200207195956,0.6812865497073094,19305,23256,15844,1.0
case_0110,fusion_w0.70_t0.55,0.7361057506752374,0.8383516483511877,0.6560887512897076,18200,23256,15258,1.0
case_0110,fusion_w0.70_t0.60,0.7239517232796506,0.8592356311649482,0.6254729962157612,16929,23256,14546,1.0
case_0110,fusion_w0.70_t0.65,0.7077011016418865,0.8941045168061357,0.5856123151012274,15232,23256,13619,1.0
case_0110,fusion_w0.80_t0.35,0.7622611531545006,0.7417609244036366,0.7839267285858342,24578,23256,18231,1.0
case_0110,fusion_w0.80_t0.40,0.7639669349762939,0.7710094153708031,0.7570519435841258,22835,23256,17606,1.0
case_0110,fusion_w0.80_t0.45,0.7601129717346587,0.7871585832063068,0.7348641210867153,21711,23256,17090,1.0
case_0110,fusion_w0.80_t0.50,0.7542162641962915,0.8011701561816154,0.7124613003092911,20681,23256,16569,1.0
case_0110,fusion_w0.80_t0.55,0.7472010799988951,0.8144821636977649,0.6901874784998752,19707,23256,16051,1.0
case_0110,fusion_w0.80_t0.60,0.7391231792498298,0.8293831255680116,0.6665806673543745,18691,23256,15502,1.0
case_0110,fusion_w0.80_t0.65,0.7291620822023206,0.8451510514080115,0.6411678706567591,17643,23256,14911,1.0
case_0111,nnunet,0.12176560121728534,0.99999999995,0.06482982171778014,200,3085,200,1.0
case_0111,medformer_lcc_t0.25,0.6912972085376419,0.598152971819564,0.8188006482955631,4223,3085,2526,1.0
case_0111,union_t0.25,0.6932641071175116,0.5991969768526235,0.822366288490041,4234,3085,2537,1.0
case_0111,intersection_t0.25,0.11545510079378297,0.9999999999470899,0.06126418152330222,189,3085,189,1.0
case_0111,medformer_lcc_t0.30,0.6916996047421066,0.6126531632892908,0.7941653160428066,3999,3085,2450,1.0
case_0111,union_t0.30,0.6955665024620752,0.6146766169138939,0.8009724473231735,4020,3085,2471,1.0
case_0111,intersection_t0.30,0.10968137254868358,0.999999999944134,0.05802269043741322,179,3085,179,1.0
case_0111,medformer_lcc_t0.35,0.6888111888101853,0.6255623180719091,0.7662884927041612,3779,3085,2364,1.0
case_0111,union_t0.35,0.6947063089184994,0.6286089238828646,0.7763371150704171,3810,3085,2395,1.0
case_0111,intersection_t0.35,0.10387215734448718,0.9999999999408283,0.054781199351524215,169,3085,169,1.0
case_0111,medformer_lcc_t0.40,0.6813186813176557,0.6360314783568408,0.7335494327366822,3558,3085,2263,1.0
case_0111,union_t0.40,0.6903872028693521,0.6406770255254144,0.7484602917317716,3604,3085,2309,1.0
case_0111,intersection_t0.40,0.09509107749275983,0.9999999999350648,0.0499189627226907,154,3085,154,1.0
case_0111,medformer_lcc_t0.45,0.6715487690858967,0.6465646564637066,0.698541329009081,3333,3085,2155,1.0
case_0111,union_t0.45,0.6856790504074524,0.653733098175621,0.7209076175017151,3402,3085,2224,1.0
case_0111,intersection_t0.45,0.08206403481478998,0.9999999999242424,0.04278768233373489,132,3085,132,1.0
case_0111,medformer_lcc_t0.50,0.6619309008707428,0.6593760051442284,0.6645056726072464,3109,3085,2050,1.0
case_0111,union_t0.50,0.6815144766136152,0.6691658856586405,0.6943273905974252,3201,3085,2142,1.0
case_0111,intersection_t0.50,0.08206403481478998,0.9999999999242424,0.04278768233373489,132,3085,132,1.0
case_0111,medformer_lcc_t0.55,0.6458402940182997,0.6663219579432392,0.6265802269023449,2901,3085,1933,1.0
case_0111,union_t0.55,0.6698391860835743,0.6782984380170213,0.6615883306299463,3009,3085,2041,1.0
case_0111,intersection_t0.55,0.08146766169128897,0.9999999999236641,0.04246353322514599,131,3085,131,1.0
case_0111,medformer_lcc_t0.60,0.6222996515668601,0.6726930320125323,0.5789303079397766,2655,3085,1786,1.0
case_0111,union_t0.60,0.6505119453913814,0.6868468468443717,0.6178282009704447,2775,3085,1906,1.0
case_0111,intersection_t0.60,0.08146766169128897,0.9999999999236641,0.04246353322514599,131,3085,131,1.0
case_0111,medformer_lcc_t0.65,0.6012359142119207,0.6843194042172763,0.5361426256060416,2417,3085,1654,1.0
case_0111,union_t0.65,0.6340078097255343,0.7006669282043912,0.5789303079397766,2549,3085,1786,1.0
case_0111,intersection_t0.65,0.08027380211549386,0.9999999999224806,0.04181523500796819,129,3085,129,1.0
case_0111,medformer_lcc_t0.70,0.5848524713388745,0.695885509835886,0.5043760129643294,2236,3085,1556,1.0
case_0111,union_t0.70,0.6216364634804656,0.7140454163132295,0.5504051863839533,2378,3085,1698,1.0
case_0111,intersection_t0.70,0.07848022422896768,0.9999999999206349,0.04084278768220148,126,3085,126,1.0
case_0111,medformer_lcc_t0.75,0.5600938049627514,0.7052165354296004,0.46450567260789466,2032,3085,1433,1.0
case_0111,union_t0.75,0.6013667425956694,0.7256069628917746,0.5134521880048186,2183,3085,1584,1.0
case_0111,intersection_t0.75,0.07668329177033453,0.9999999999186993,0.03987034035643478,123,3085,123,1.0
case_0111,fusion_w0.40_t0.35,0.5410729253970221,0.765263781856756,0.41847649918827073,1687,3085,1291,1.0
case_0111,fusion_w0.40_t0.40,0.12176560121728534,0.99999999995,0.06482982171778014,200,3085,200,1.0
case_0111,fusion_w0.40_t0.45,0.12176560121728534,0.99999999995,0.06482982171778014,200,3085,200,1.0
case_0111,fusion_w0.40_t0.50,0.12176560121728534,0.99999999995,0.06482982171778014,200,3085,200,1.0
case_0111,fusion_w0.40_t0.55,0.12176560121728534,0.99999999995,0.06482982171778014,200,3085,200,1.0
case_0111,fusion_w0.40_t0.60,0.12176560121728534,0.99999999995,0.06482982171778014,200,3085,200,1.0
case_0111,fusion_w0.40_t0.65,0.11890243902402774,0.9999999999487179,0.06320907617483564,195,3085,195,1.0
case_0111,fusion_w0.50_t0.35,0.6216364634804656,0.7140454163132295,0.5504051863839533,2378,3085,1698,1.0
case_0111,fusion_w0.50_t0.40,0.5795275590539773,0.7378446115251236,0.47714748784286176,1995,3085,1472,1.0
case_0111,fusion_w0.50_t0.45,0.5244845360813478,0.7772119668951165,0.3957860615870477,1571,3085,1221,1.0
case_0111,fusion_w0.50_t0.50,0.12176560121728534,0.99999999995,0.06482982171778014,200,3085,200,1.0
case_0111,fusion_w0.50_t0.55,0.12176560121728534,0.99999999995,0.06482982171778014,200,3085,200,1.0
case_0111,fusion_w0.50_t0.60,0.11660561660526067,0.999999999947644,0.061912479740480024,191,3085,191,1.0
case_0111,fusion_w0.50_t0.65,0.10968137254868358,0.999999999944134,0.05802269043741322,179,3085,179,1.0
case_0111,fusion_w0.60_t0.35,0.658134051868208,0.6848930949853317,0.6333873581827119,2853,3085,1954,1.0
case_0111,fusion_w0.60_t0.40,0.6297292451127313,0.704654895663304,0.5692058346821096,2492,3085,1756,1.0
case_0111,fusion_w0.60_t0.45,0.6013667425956694,0.7256069628917746,0.5134521880048186,2183,3085,1584,1.0
case_0111,fusion_w0.60_t0.50,0.5658930373348822,0.7497326203168464,0.45445705024163874,1870,3085,1402,1.0
case_0111,fusion_w0.60_t0.55,0.5073707370725911,0.7897260273918513,0.37374392220300245,1460,3085,1153,1.0
case_0111,fusion_w0.60_t0.60,0.10561866748509174,0.9999999999418604,0.055753646677290915,172,3085,172,1.0
case_0111,fusion_w0.60_t0.65,0.0915558304977063,0.9999999999324324,0.0479740680711573,148,3085,148,1.0
case_0111,fusion_w0.70_t0.35,0.6815144766136152,0.6691658856586405,0.6943273905974252,3201,3085,2142,1.0
case_0111,fusion_w0.70_t0.40,0.6628857381139902,0.6828178694134611,0.6440842787661456,2910,3085,1987,1.0
case_0111,fusion_w0.70_t0.45,0.6344827586195677,0.6980544747054551,0.5815235008084878,2570,3085,1794,1.0
case_0111,fusion_w0.70_t0.50,0.6109563602588469,0.7152173913012382,0.5332252836287416,2300,3085,1645,1.0
case_0111,fusion_w0.70_t0.55,0.5764636773045302,0.7279920870389318,0.47714748784286176,2022,3085,1472,1.0
case_0111,fusion_w0.70_t0.60,0.5356993736940799,0.7524926686172875,0.41588330631955955,1705,3085,1283,1.0
case_0111,fusion_w0.70_t0.65,0.4666970802909063,0.7875288683542147,0.33160453808644536,1299,3085,1023,1.0
case_0111,fusion_w0.80_t0.35,0.6865717348021948,0.6506094022035676,0.7267423014563152,3446,3085,2242,1.0
case_0111,fusion_w0.80_t0.40,0.6792031872499137,0.6680250783678119,0.6907617504029473,3190,3085,2131,1.0
case_0111,fusion_w0.80_t0.45,0.66101131071081,0.6788520669604412,0.6440842787661456,2927,3085,1987,1.0
case_0111,fusion_w0.80_t0.50,0.6328493965355382,0.6873100303925255,0.5863857374373213,2632,3085,1809,1.0
case_0111,fusion_w0.80_t0.55,0.6088235294106455,0.7031847133728103,0.5367909238232195,2355,3085,1656,1.0
case_0111,fusion_w0.80_t0.60,0.5765069551766296,0.7135341941620587,0.48363047001463977,2091,3085,1492,1.0
case_0111,fusion_w0.80_t0.65,0.5425790754246906,0.7244179750908262,0.43371150729194907,1847,3085,1338,1.0
case_0113,nnunet,0.03493983263085032,0.8079096044969517,0.017856027970270427,354,16017,286,1.0
case_0113,medformer_lcc_t0.25,0.8292802150797907,0.8119653006276925,0.847349690952833,16715,16017,13572,1.0
case_0113,union_t0.25,0.8293591426737003,0.8115439770549644,0.8479740275951502,16736,16017,13582,1.0
case_0113,intersection_t0.25,0.033761467889887604,0.828828828803939,0.01723169132795328,333,16017,276,1.0
case_0113,medformer_lcc_t0.30,0.8277723720139276,0.8323444009589493,0.8232502965593911,15842,16017,13186,1.0
case_0113,union_t0.30,0.8277765580400753,0.8317156183027657,0.8238746332017082,15866,16017,13196,1.0
case_0113,intersection_t0.30,0.03376766379150072,0.836363636338292,0.01723169132795328,330,16017,276,1.0
case_0113,medformer_lcc_t0.35,0.8193217255714594,0.8539987810653118,0.7873509396261551,14767,16017,12611,1.0
case_0113,union_t0.35,0.8192497403943343,0.8529630380425346,0.7881001435969357,14799,16017,12623,1.0
case_0113,intersection_t0.35,0.033539384295223976,0.8509316769922071,0.01710682399948985,322,16017,274,1.0
case_0113,medformer_lcc_t0.40,0.8052537151752461,0.8794735285412012,0.7425860023720156,13524,16017,11894,1.0
case_0113,union_t0.40,0.8050982115687464,0.877967851348711,0.7433976400070279,13562,16017,11907,1.0
case_0113,intersection_t0.40,0.03342925365821745,0.863924050605572,0.017044390335258133,316,16017,273,1.0
case_0113,medformer_lcc_t0.45,0.7780006333788035,0.8913884857273896,0.6902041580816068,12402,16017,11055,1.0
case_0113,union_t0.45,0.7780627481288768,0.8896834324273745,0.6913279640377777,12446,16017,11073,1.0
case_0113,intersection_t0.45,0.03282905616461516,0.8645161290043705,0.01673222201409956,310,16017,268,1.0
case_0113,medformer_lcc_t0.50,0.7447815400415478,0.902953211171586,0.6337641256161367,11242,16017,10151,1.0
case_0113,union_t0.50,0.7449386783815687,0.900513365196583,0.6352000998934662,11298,16017,10174,1.0
case_0113,intersection_t0.50,0.03224026969044913,0.882550335540854,0.016420053692940986,298,16017,263,1.0
case_0113,medformer_lcc_t0.55,0.7059771349648177,0.9156134938790769,0.5744521445960077,10049,16017,9201,1.0
case_0113,union_t0.55,0.7065575024865305,0.9123604386909273,0.5765124555156542,10121,16017,9234,1.0
case_0113,intersection_t0.55,0.03104484937724336,0.8971631205355616,0.01579571705062384,282,16017,253,1.0
case_0113,medformer_lcc_t0.60,0.6583236087076342,0.9259678514818587,0.5107073734154269,8834,16017,8180,1.0
case_0113,union_t0.60,0.6596401234317879,0.9209937332129352,0.5138290566270126,8936,16017,8230,1.0
case_0113,intersection_t0.60,0.02901223185197061,0.9365079364707735,0.014734344758684688,252,16017,236,1.0
case_0113,medformer_lcc_t0.65,0.6007211028629477,0.9368880656245874,0.44209277642477235,7558,16017,7081,1.0
case_0113,union_t0.65,0.6040217528769428,0.9299065420548678,0.4472747705560047,7704,16017,7164,1.0
case_0113,intersection_t0.65,0.025023112480724176,0.9759615384146172,0.0126740338390381,208,16017,203,1.0
case_0113,medformer_lcc_t0.70,0.5383447906434522,0.9444009397009485,0.3764749953172401,6385,16017,6030,1.0
case_0113,union_t0.70,0.5447705041382088,0.9358272506068495,0.38421676968197277,6576,16017,6154,1.0
case_0113,intersection_t0.70,0.020024721878850415,0.9938650306138732,0.010114253605537794,163,16017,162,1.0
case_0113,medformer_lcc_t0.75,0.46252069047034167,0.9535881435238814,0.3053006180930853,5128,16017,4890,1.0
case_0113,union_t0.75,0.47277320359259317,0.9428997947360648,0.3154773053628548,5359,16017,5053,1.0
case_0113,intersection_t0.75,0.014134275618365796,0.9999999999122807,0.007117437722415485,114,16017,114,1.0
case_0113,fusion_w0.40_t0.35,0.0975696292353512,0.9228187919359864,0.05150777299116469,894,16017,825,1.0
case_0113,fusion_w0.40_t0.40,0.03493983263085032,0.8079096044969517,0.017856027970270427,354,16017,286,1.0
case_0113,fusion_w0.40_t0.45,0.03493983263085032,0.8079096044969517,0.017856027970270427,354,16017,286,1.0
case_0113,fusion_w0.40_t0.50,0.03493983263085032,0.8079096044969517,0.017856027970270427,354,16017,286,1.0
case_0113,fusion_w0.40_t0.55,0.03493983263085032,0.8079096044969517,0.017856027970270427,354,16017,286,1.0
case_0113,fusion_w0.40_t0.60,0.03493983263085032,0.8079096044969517,0.017856027970270427,354,16017,286,1.0
case_0113,fusion_w0.40_t0.65,0.03374083129582289,0.8046647230086104,0.01723169132795328,343,16017,276,1.0
case_0113,fusion_w0.50_t0.35,0.5447705041382088,0.9358272506068495,0.38421676968197277,6576,16017,6154,1.0
case_0113,fusion_w0.50_t0.40,0.3854487625482629,0.9447015834325343,0.2421177498905899,4105,16017,3878,1.0
case_0113,fusion_w0.50_t0.45,0.07607200526279763,0.9034090908962584,0.0397078104513706,704,16017,636,1.0
case_0113,fusion_w0.50_t0.50,0.03493983263085032,0.8079096044969517,0.017856027970270427,354,16017,286,1.0
case_0113,fusion_w0.50_t0.55,0.03374083129582289,0.8046647230086104,0.01723169132795328,343,16017,276,1.0
case_0113,fusion_w0.50_t0.60,0.03374701962460491,0.8117647058584775,0.01723169132795328,340,16017,276,1.0
case_0113,fusion_w0.50_t0.65,0.03376766379150072,0.836363636338292,0.01723169132795328,330,16017,276,1.0
case_0113,fusion_w0.60_t0.35,0.6757385713719576,0.9175235646948183,0.5348067678088688,9336,16017,8566,1.0
case_0113,fusion_w0.60_t0.40,0.5858378285809633,0.9320256095887045,0.4271711306733925,7341,16017,6842,1.0
case_0113,fusion_w0.60_t0.45,0.4722950205913177,0.9430013081649355,0.3150402697132328,5351,16017,5046,1.0
case_0113,fusion_w0.60_t0.50,0.30049261083728096,0.9353996737326741,0.17899731535232627,3065,16017,2867,1.0
case_0113,fusion_w0.60_t0.55,0.05822662478856111,0.8942486085177319,0.030093026159686523,539,16017,482,1.0
case_0113,fusion_w0.60_t0.60,0.033653551979420146,0.8435582821827129,0.017169257663721564,326,16017,275,1.0
case_0113,fusion_w0.60_t0.65,0.03330884153806434,0.863492063464651,0.01698195667102642,315,16017,272,1.0
case_0113,fusion_w0.70_t0.35,0.7445062994430323,0.9005050057580397,0.6345757632511491,11287,16017,10164,1.0
case_0113,fusion_w0.70_t0.40,0.6871658797359476,0.9162330905297437,0.5497284135602486,9610,16017,8805,1.0
case_0113,fusion_w0.70_t0.45,0.6111879321179086,0.9292813455645651,0.4553287132418959,7848,16017,7293,1.0
case_0113,fusion_w0.70_t0.50,0.5236894253285337,0.9397122999823182,0.3629893238431897,6187,16017,5814,1.0
case_0113,fusion_w0.70_t0.55,0.4140926169909656,0.9479445933848348,0.2649060373351658,4476,16017,4243,1.0
case_0113,fusion_w0.70_t0.60,0.20510528961615085,0.9734888653182743,0.11462820752942833,1886,16017,1836,1.0
case_0113,fusion_w0.70_t0.65,0.04422784038986035,0.9120603014846216,0.022663420116112463,398,16017,363,1.0
case_0113,fusion_w0.80_t0.35,0.7848762315911343,0.8871399338888027,0.703752263219889,12706,16017,11272,1.0
case_0113,fusion_w0.80_t0.40,0.7447790723233148,0.9013035381742472,0.6345757632511491,11277,16017,10164,1.0
case_0113,fusion_w0.80_t0.45,0.6946339950369514,0.9164194373392158,0.559280764187701,9775,16017,8958,1.0
case_0113,fusion_w0.80_t0.50,0.6324497859727394,0.9280106293019349,0.4796778422922646,8279,16017,7683,1.0
case_0113,fusion_w0.80_t0.55,0.5610641928847149,0.9378291398464924,0.40026222138952344,6836,16017,6411,1.0
case_0113,fusion_w0.80_t0.60,0.472072410073408,0.94854881266312,0.3142286320782205,5306,16017,5033,1.0
case_0113,fusion_w0.80_t0.65,0.35755946645008996,0.9527027027001279,0.2200786664167946,3700,16017,3525,1.0
case_0121,nnunet,0.6102776891152141,0.813847900111198,0.4881702127651265,3524,5875,2868,1.0
case_0121,medformer_lcc_t0.25,0.48142943184075415,0.3413766104346634,0.8163404255305254,14049,5875,4796,1.0
case_0121,union_t0.25,0.5026875092457701,0.35386003887784373,0.8675744680836297,14404,5875,5097,1.0
case_0121,intersection_t0.25,0.5690931183026962,0.8105726872221191,0.4384680851056367,3178,5875,2576,1.0
case_0121,medformer_lcc_t0.30,0.4960783281568163,0.35909160188968214,0.8020425531901242,13122,5875,4712,1.0
case_0121,union_t0.30,0.5186218296396928,0.3722930881041439,0.8544680851049286,13484,5875,5020,1.0
case_0121,intersection_t0.30,0.5690931183026962,0.8105726872221191,0.4384680851056367,3178,5875,2576,1.0
case_0121,medformer_lcc_t0.35,0.5081390233169225,0.3753351206431267,0.7863829787220658,12309,5875,4620,1.0
case_0121,union_t0.35,0.5314436600740791,0.388818798296492,0.8393191489347416,12682,5875,4931,1.0
case_0121,intersection_t0.35,0.5695964621331457,0.812618296527405,0.4384680851056367,3170,5875,2576,1.0
case_0121,medformer_lcc_t0.40,0.5231849039232981,0.3951507777870903,0.7739574468071933,11507,5875,4547,1.0
case_0121,union_t0.40,0.5470383275258249,0.4083396258071916,0.8284255319134836,11919,5875,4867,1.0
case_0121,intersection_t0.40,0.5711749694878828,0.8202676864218602,0.43812765957372235,3138,5875,2574,1.0
case_0121,medformer_lcc_t0.45,0.5334788937405789,0.41439743710504623,0.7485957446795769,10613,5875,4398,1.0
case_0121,union_t0.45,0.561188398962178,0.42925421588923324,0.8102127659560677,11089,5875,4760,1.0
case_0121,intersection_t0.45,0.5673141326182548,0.8241972105065709,0.43251063829713615,3083,5875,2541,1.0
case_0121,medformer_lcc_t0.50,0.5335433897856547,0.43423442675453117,0.6917446808498864,9359,5875,4064,1.0
case_0121,union_t0.50,0.574457408104018,0.4548524883277492,0.7794042553178223,10067,5875,4579,1.0
case_0121,intersection_t0.50,0.5488265598162005,0.8381118881089576,0.40799999999930553,2860,5875,2397,1.0
case_0121,medformer_lcc_t0.55,0.5305980528508132,0.44855967078136555,0.6493617021265543,8505,5875,3815,1.0
case_0121,union_t0.55,0.5849947534098996,0.4758348447663759,0.7591489361689207,9373,5875,4460,1.0
case_0121,intersection_t0.55,0.5300699300693122,0.8406654343776686,0.3870638297865752,2705,5875,2274,1.0
case_0121,medformer_lcc_t0.60,0.5253122459533476,0.4642110762794355,0.6049361702117363,7656,5875,3554,1.0
case_0121,union_t0.60,0.5938918695827529,0.49832621493651347,0.7348085106370471,8663,5875,4317,1.0
case_0121,intersection_t0.60,0.5119526627212876,0.8399999999967379,0.3681702127653308,2575,5875,2163,1.0
case_0121,medformer_lcc_t0.65,0.5091427214434345,0.47588043799870394,0.5474042553182172,6758,5875,3216,1.0
case_0121,union_t0.65,0.5951481696683649,0.5190675281888774,0.6973617021264726,7893,5875,4097,1.0
case_0121,intersection_t0.65,0.492736222835283,0.8361858190674972,0.34927659574408637,2454,5875,2052,1.0
case_0121,medformer_lcc_t0.70,0.4828522920199636,0.4816257408967288,0.48408510638215474,5905,5875,2844,1.0
case_0121,union_t0.70,0.594578083237423,0.5391966758995302,0.6626382978712125,7220,5875,3893,1.0
case_0121,intersection_t0.70,0.46408433439511637,0.8291721419148963,0.32221276595689835,2283,5875,1893,1.0
case_0121,medformer_lcc_t0.75,0.4488264717194605,0.5160362751592213,0.3971063829780475,4521,5875,2333,1.0
case_0121,union_t0.75,0.6041510377589362,0.5919634106491474,0.6168510638287373,6122,5875,3624,1.0
case_0121,intersection_t0.75,0.4194613821132883,0.826740110161108,0.2810212765952664,1997,5875,1651,1.0
case_0121,fusion_w0.40_t0.35,0.597038191737532,0.6981089086336338,0.5215319148927293,4389,5875,3064,1.0
case_0121,fusion_w0.40_t0.40,0.6102776891152141,0.813847900111198,0.4881702127651265,3524,5875,2868,1.0
case_0121,fusion_w0.40_t0.45,0.6102776891152141,0.813847900111198,0.4881702127651265,3524,5875,2868,1.0
case_0121,fusion_w0.40_t0.50,0.6102776891152141,0.813847900111198,0.4881702127651265,3524,5875,2868,1.0
case_0121,fusion_w0.40_t0.55,0.6102776891152141,0.813847900111198,0.4881702127651265,3524,5875,2868,1.0
case_0121,fusion_w0.40_t0.60,0.6102776891152141,0.813847900111198,0.4881702127651265,3524,5875,2868,1.0
case_0121,fusion_w0.40_t0.65,0.5690931183026962,0.8105726872221191,0.4384680851056367,3178,5875,2576,1.0
case_0121,fusion_w0.50_t0.35,0.594578083237423,0.5391966758995302,0.6626382978712125,7220,5875,3893,1.0
case_0121,fusion_w0.50_t0.40,0.583543313927723,0.5960241391540717,0.5715744680841335,5634,5875,3358,1.0
case_0121,fusion_w0.50_t0.45,0.6176105828848515,0.7861089187035356,0.5085957446799854,3801,5875,2988,1.0
case_0121,fusion_w0.50_t0.50,0.6102776891152141,0.813847900111198,0.4881702127651265,3524,5875,2868,1.0
case_0121,fusion_w0.50_t0.55,0.5690931183026962,0.8105726872221191,0.4384680851056367,3178,5875,2576,1.0
case_0121,fusion_w0.50_t0.60,0.5690931183026962,0.8105726872221191,0.4384680851056367,3178,5875,2576,1.0
case_0121,fusion_w0.50_t0.65,0.5690931183026962,0.8105726872221191,0.4384680851056367,3178,5875,2576,1.0
case_0121,fusion_w0.60_t0.35,0.5907800459641809,0.4899652427396681,0.7438297872327765,8919,5875,4370,1.0
case_0121,fusion_w0.60_t0.40,0.5946505098266627,0.5253949601768829,0.6849361702116001,7659,5875,4024,1.0
case_0121,fusion_w0.60_t0.45,0.5624169986715118,0.548841730114128,0.5766808510628482,6173,5875,3388,1.0
case_0121,fusion_w0.60_t0.50,0.5497175141237761,0.6151738672273653,0.49685106382894156,4745,5875,2919,1.0
case_0121,fusion_w0.60_t0.55,0.5733188720167317,0.79013452914562,0.4498723404247662,3345,5875,2643,1.0
case_0121,fusion_w0.60_t0.60,0.569281767955172,0.81133858267461,0.4384680851056367,3175,5875,2576,1.0
case_0121,fusion_w0.60_t0.65,0.570127706828906,0.8201277955245364,0.43693617021202225,3130,5875,2567,1.0
case_0121,fusion_w0.70_t0.35,0.5497563477811299,0.441004011932475,0.7297021276583324,9721,5875,4287,1.0
case_0121,fusion_w0.70_t0.40,0.5623803009572076,0.4700971983985476,0.6997446808498727,8745,5875,4111,1.0
case_0121,fusion_w0.70_t0.45,0.567135455217937,0.5017681728873585,0.6520851063818688,7635,5875,3831,1.0
case_0121,fusion_w0.70_t0.50,0.5623803446070816,0.5291998198460753,0.5999999999989787,6661,5875,3525,1.0
case_0121,fusion_w0.70_t0.55,0.5498770635752108,0.5679303464528063,0.5329361702118588,5513,5875,3131,1.0
case_0121,fusion_w0.70_t0.60,0.5528519357693302,0.6562207670704953,0.47761702127578276,4276,5875,2806,1.0
case_0121,fusion_w0.70_t0.65,0.551685139108175,0.8220424671357531,0.41514893616950616,2967,5875,2439,1.0
case_0121,fusion_w0.80_t0.35,0.5326531822762128,0.40877640203895776,0.7642553191476353,10984,5875,4490,1.0
case_0121,fusion_w0.80_t0.40,0.5489189709369674,0.4404859967046535,0.728170212764718,9712,5875,4278,1.0
case_0121,fusion_w0.80_t0.45,0.5598531710960778,0.4660479855132797,0.7009361702115728,8836,5875,4118,1.0
case_0121,fusion_w0.80_t0.50,0.5677306769427996,0.4955572480318665,0.6645106382967413,7878,5875,3904,1.0
case_0121,fusion_w0.80_t0.55,0.5611488332158268,0.5181608532710894,0.6119148936159797,6938,5875,3595,1.0
case_0121,fusion_w0.80_t0.60,0.541673797706194,0.5446566855953456,0.5387234042544021,5811,5875,3165,1.0
case_0121,fusion_w0.80_t0.65,0.5120902226889877,0.5839145597197386,0.45599999999922386,4588,5875,2679,1.0
case_0128,nnunet,0.0,0.0,0.0,0,5262,0,0.0
case_0128,medformer_lcc_t0.25,0.505182667799061,0.45682237246395696,0.5649942987446503,6508,5262,2973,1.0
case_0128,union_t0.25,0.505182667799061,0.45682237246395696,0.5649942987446503,6508,5262,2973,1.0
case_0128,intersection_t0.25,0.0,0.0,0.0,0,5262,0,0.0
case_0128,medformer_lcc_t0.30,0.5023580786021813,0.46477052359330195,0.5465602432524771,6188,5262,2876,1.0
case_0128,union_t0.30,0.5023580786021813,0.46477052359330195,0.5465602432524771,6188,5262,2876,1.0
case_0128,intersection_t0.30,0.0,0.0,0.0,0,5262,0,0.0
case_0128,medformer_lcc_t0.35,0.4929350742259945,0.4655405405397542,0.5237552261487576,5920,5262,2756,1.0
case_0128,union_t0.35,0.4929350742259945,0.4655405405397542,0.5237552261487576,5920,5262,2756,1.0
case_0128,intersection_t0.35,0.0,0.0,0.0,0,5262,0,0.0
case_0128,medformer_lcc_t0.40,0.4848206915523389,0.4685339478807507,0.5022805017094217,5641,5262,2643,1.0
case_0128,union_t0.40,0.4848206915523389,0.4685339478807507,0.5022805017094217,5641,5262,2643,1.0
case_0128,intersection_t0.40,0.0,0.0,0.0,0,5262,0,0.0
case_0128,medformer_lcc_t0.45,0.4769882352936687,0.47249673690010724,0.48156594450687656,5363,5262,2534,1.0
case_0128,union_t0.45,0.4769882352936687,0.47249673690010724,0.48156594450687656,5363,5262,2534,1.0
case_0128,intersection_t0.45,0.0,0.0,0.0,0,5262,0,0.0
case_0128,medformer_lcc_t0.50,0.46655696447539774,0.4754389425912893,0.4580007601663664,5069,5262,2410,1.0
case_0128,union_t0.50,0.46655696447539774,0.4754389425912893,0.4580007601663664,5069,5262,2410,1.0
case_0128,intersection_t0.50,0.0,0.0,0.0,0,5262,0,0.0
case_0128,medformer_lcc_t0.55,0.45642496784997877,0.4759645141314711,0.4384264538190072,4847,5262,2307,1.0
case_0128,union_t0.55,0.45642496784997877,0.4759645141314711,0.4384264538190072,4847,5262,2307,1.0
case_0128,intersection_t0.55,0.0,0.0,0.0,0,5262,0,0.0
case_0128,medformer_lcc_t0.60,0.44394936708815796,0.4751788424008776,0.416571645761276,4613,5262,2192,1.0
case_0128,union_t0.60,0.44394936708815796,0.4751788424008776,0.416571645761276,4613,5262,2192,1.0
case_0128,intersection_t0.60,0.0,0.0,0.0,0,5262,0,0.0
case_0128,medformer_lcc_t0.65,0.42674961119706917,0.4695414099920841,0.39110604332878923,4383,5262,2058,1.0
case_0128,union_t0.65,0.42674961119706917,0.4695414099920841,0.39110604332878923,4383,5262,2058,1.0
case_0128,intersection_t0.65,0.0,0.0,0.0,0,5262,0,0.0
case_0128,medformer_lcc_t0.70,0.4049014384652052,0.4608294930864399,0.3610794374755586,4123,5262,1900,1.0
case_0128,union_t0.70,0.4049014384652052,0.4608294930864399,0.3610794374755586,4123,5262,1900,1.0
case_0128,intersection_t0.70,0.0,0.0,0.0,0,5262,0,0.0
case_0128,medformer_lcc_t0.75,0.39809296781840053,0.4630703302231836,0.34910680349610584,3967,5262,1837,1.0
case_0128,union_t0.75,0.39809296781840053,0.4630703302231836,0.34910680349610584,3967,5262,1837,1.0
case_0128,intersection_t0.75,0.0,0.0,0.0,0,5262,0,0.0
case_0128,fusion_w0.40_t0.35,0.37946120193371,0.4813084112135476,0.31318890155774765,3424,5262,1648,1.0
case_0128,fusion_w0.40_t0.40,0.0,0.0,0.0,0,5262,0,0.0
case_0128,fusion_w0.40_t0.45,0.0,0.0,0.0,0,5262,0,0.0
case_0128,fusion_w0.40_t0.50,0.0,0.0,0.0,0,5262,0,0.0
case_0128,fusion_w0.40_t0.55,0.0,0.0,0.0,0,5262,0,0.0
case_0128,fusion_w0.40_t0.60,0.0,0.0,0.0,0,5262,0,0.0
case_0128,fusion_w0.40_t0.65,0.0,0.0,0.0,0,5262,0,0.0
case_0128,fusion_w0.50_t0.35,0.4049014384652052,0.4608294930864399,0.3610794374755586,4123,5262,1900,1.0
case_0128,fusion_w0.50_t0.40,0.391241844520191,0.4678656440082839,0.3361839604706648,3781,5262,1769,1.0
case_0128,fusion_w0.50_t0.45,0.375278005384086,0.4885705577552924,0.30463702014385285,3281,5262,1603,1.0
case_0128,fusion_w0.50_t0.50,0.0,0.0,0.0,0,5262,0,0.0
case_0128,fusion_w0.50_t0.55,0.0,0.0,0.0,0,5262,0,0.0
case_0128,fusion_w0.50_t0.60,0.0,0.0,0.0,0,5262,0,0.0
case_0128,fusion_w0.50_t0.65,0.0,0.0,0.0,0,5262,0,0.0
case_0128,fusion_w0.60_t0.35,0.4484422110548256,0.47589590443584495,0.42398327631998484,4688,5262,2231,1.0
case_0128,fusion_w0.60_t0.40,0.4085976187963243,0.45850082761773825,0.3684910680342674,4229,5262,1939,1.0
case_0128,fusion_w0.60_t0.45,0.39809296781840053,0.4630703302231836,0.34910680349610584,3967,5262,1837,1.0
case_0128,fusion_w0.60_t0.50,0.3862689926838646,0.473640629311417,0.3261117445831887,3623,5262,1716,1.0
case_0128,fusion_w0.60_t0.55,0.37068658840226404,0.49290444654527626,0.29703534777594637,3171,5262,1563,1.0
case_0128,fusion_w0.60_t0.60,0.0,0.0,0.0,0,5262,0,0.0
case_0128,fusion_w0.60_t0.65,0.0,0.0,0.0,0,5262,0,0.0
case_0128,fusion_w0.70_t0.35,0.46655696447539774,0.4754389425912893,0.4580007601663664,5069,5262,2410,1.0
case_0128,fusion_w0.70_t0.40,0.4522834016184148,0.4769230769220718,0.43006461421431,4745,5262,2263,1.0
case_0128,fusion_w0.70_t0.45,0.4306071871123186,0.4715061058333978,0.3962371721771261,4422,5262,2085,1.0
case_0128,fusion_w0.70_t0.50,0.40385232744740085,0.4621601763397939,0.358608893955989,4083,5262,1887,1.0
case_0128,fusion_w0.70_t0.55,0.39362637362594105,0.46664929650738235,0.34036488027301337,3838,5262,1791,1.0
case_0128,fusion_w0.70_t0.60,0.38281873077317663,0.47795163584501293,0.31927023945207283,3515,5262,1680,1.0
case_0128,fusion_w0.70_t0.65,0.36559655007143554,0.4944912508085078,0.2900038008356328,3086,5262,1526,1.0
case_0128,fusion_w0.80_t0.35,0.4788547904187136,0.47161813490513893,0.4863169897368181,5426,5262,2559,1.0
case_0128,fusion_w0.80_t0.40,0.46655696447539774,0.4754389425912893,0.4580007601663664,5069,5262,2410,1.0
case_0128,fusion_w0.80_t0.45,0.4537313432831306,0.4761904761894816,0.4332953249706703,4788,5262,2280,1.0
case_0128,fusion_w0.80_t0.50,0.4375704189281598,0.4745612086192523,0.4059293044462069,4501,5262,2136,1.0
case_0128,fusion_w0.80_t0.55,0.4063262923252241,0.46020678047496943,0.3637400228043259,4159,5262,1914,1.0
case_0128,fusion_w0.80_t0.60,0.39809296781840053,0.4630703302231836,0.34910680349610584,3967,5262,1837,1.0
case_0128,fusion_w0.80_t0.65,0.38842515303240016,0.46870803115640963,0.3316229570499209,3723,5262,1745,1.0
case_0129,nnunet,0.19302949061532823,0.8421052631086487,0.10900832702415589,171,1321,144,1.0
case_0129,medformer_lcc_t0.25,0.09967079123612252,0.05862713675205846,0.33232399696947523,7488,1321,439,1.0
case_0129,union_t0.25,0.10139503232380469,0.05963180362852237,0.3383800151374839,7496,1321,447,1.0
case_0129,intersection_t0.25,0.18328840970226895,0.8343558281696714,0.10295230885614723,163,1321,136,1.0
case_0129,medformer_lcc_t0.30,0.0936513946736165,0.05619509239615845,0.2808478425414016,6602,1321,371,1.0
case_0129,union_t0.30,0.09701398513279953,0.05819226118491809,0.2914458743354168,6616,1321,385,1.0
case_0129,intersection_t0.30,0.17591339648054188,0.8280254776542658,0.09841029523014073,157,1321,130,1.0
case_0129,medformer_lcc_t0.35,0.08712070128106929,0.05300295372488841,0.24451173353334968,6094,1321,323,1.0
case_0129,union_t0.35,0.09200968522990044,0.05594634385726166,0.2588947766823702,6113,1321,342,1.0
case_0129,intersection_t0.35,0.16972165648221507,0.8223684209985284,0.09462528387513532,152,1321,125,1.0
case_0129,medformer_lcc_t0.40,0.07686791911648233,0.047416843595103654,0.20287660862829013,5652,1321,268,1.0
case_0129,union_t0.40,0.08373821091728531,0.05161176677813702,0.2218016654033172,5677,1321,293,1.0
case_0129,intersection_t0.40,0.16223585548628333,0.8150684930948583,0.09008327024912882,146,1321,119,1.0
case_0129,medformer_lcc_t0.45,0.06741573033697629,0.04216524216516208,0.16805450416224033,5265,1321,222,1.0
case_0129,union_t0.45,0.07676035055896531,0.047951670756941754,0.19227857683427496,5297,1321,254,1.0
case_0129,intersection_t0.45,0.15342465753319573,0.8057553956254851,0.08478425435212125,139,1321,112,1.0
case_0129,medformer_lcc_t0.50,0.05924479166657024,0.037735849056525536,0.13777441332219703,4823,1321,182,1.0
case_0129,union_t0.50,0.07148633349495151,0.04545454545445197,0.16729750189123924,4862,1321,221,1.0
case_0129,intersection_t0.50,0.14452856159570182,0.7954545453942837,0.07948523845511367,132,1321,105,1.0
case_0129,medformer_lcc_t0.55,0.05094869992963642,0.033173186913673824,0.10976532929515698,4371,1321,145,1.0
case_0129,union_t0.55,0.06758404459141686,0.04389140271483283,0.14685844057421002,4420,1321,194,1.0
case_0129,intersection_t0.55,0.1316701316692192,0.7786885245263371,0.07191521574510285,122,1321,95,1.0
case_0129,medformer_lcc_t0.60,0.03950143815908053,0.02645095017969581,0.0779712339131115,3894,1321,103,1.0
case_0129,union_t0.60,0.06326955862840827,0.04219302678109603,0.12641937925718078,3958,1321,167,1.0
case_0129,intersection_t0.60,0.11204481792638625,0.7476635513319941,0.0605601816800866,107,1321,80,1.0
case_0129,medformer_lcc_t0.65,0.02787021630609844,0.01921422426148777,0.05071915215707253,3487,1321,67,1.0
case_0129,union_t0.65,0.060544078543545626,0.04147982062768644,0.11203633610816022,3568,1321,148,1.0
case_0129,intersection_t0.65,0.08929836994975693,0.6999999999222223,0.0476911430730682,90,1321,63,1.0
case_0129,medformer_lcc_t0.70,0.02320392681833288,0.016450490351102656,0.03936411809205629,3161,1321,52,1.0
case_0129,union_t0.70,0.06461471294463084,0.04539877300599571,0.11203633610816022,3260,1321,148,1.0
case_0129,intersection_t0.70,0.06891600861400635,0.6666666665740741,0.03633610900805196,72,1321,48,1.0
case_0129,medformer_lcc_t0.75,0.01837968561059642,0.013503909026249098,0.028766086298041137,2814,1321,38,1.0
case_0129,union_t0.75,0.06872205224742593,0.04986338797797178,0.11052233156615805,2928,1321,146,1.0
case_0129,intersection_t0.75,0.052249637154918364,0.6315789472576178,0.027252081756038972,57,1321,36,1.0
case_0129,fusion_w0.40_t0.35,0.08638272345504984,0.07153502235433913,0.10900832702415589,2013,1321,144,1.0
case_0129,fusion_w0.40_t0.40,0.19302949061532823,0.8421052631086487,0.10900832702415589,171,1321,144,1.0
case_0129,fusion_w0.40_t0.45,0.19302949061532823,0.8421052631086487,0.10900832702415589,171,1321,144,1.0
case_0129,fusion_w0.40_t0.50,0.19302949061532823,0.8421052631086487,0.10900832702415589,171,1321,144,1.0
case_0129,fusion_w0.40_t0.55,0.19302949061532823,0.8421052631086487,0.10900832702415589,171,1321,144,1.0
case_0129,fusion_w0.40_t0.60,0.19302949061532823,0.8421052631086487,0.10900832702415589,171,1321,144,1.0
case_0129,fusion_w0.40_t0.65,0.19302949061532823,0.8421052631086487,0.10900832702415589,171,1321,144,1.0
case_0129,fusion_w0.50_t0.35,0.06461471294463084,0.04539877300599571,0.11203633610816022,3260,1321,148,1.0
case_0129,fusion_w0.50_t0.40,0.07354805985271735,0.05530129671985011,0.10976532929515698,2622,1321,145,1.0
case_0129,fusion_w0.50_t0.45,0.09093779602118429,0.07800650054128924,0.10900832702415589,1846,1321,144,1.0
case_0129,fusion_w0.50_t0.50,0.19302949061532823,0.8421052631086487,0.10900832702415589,171,1321,144,1.0
case_0129,fusion_w0.50_t0.55,0.19302949061532823,0.8421052631086487,0.10900832702415589,171,1321,144,1.0
case_0129,fusion_w0.50_t0.60,0.19060402684435837,0.8402366863408144,0.10749432248215372,169,1321,142,1.0
case_0129,fusion_w0.50_t0.65,0.17591339648054188,0.8280254776542658,0.09841029523014073,157,1321,130,1.0
case_0129,fusion_w0.60_t0.35,0.06445672191516674,0.042589437819317136,0.13247539742518943,4109,1321,175,1.0
case_0129,fusion_w0.60_t0.40,0.06191173394674355,0.042774566473864815,0.11203633610816022,3460,1321,148,1.0
case_0129,fusion_w0.60_t0.45,0.06872205224742593,0.04986338797797178,0.11052233156615805,2928,1321,146,1.0
case_0129,fusion_w0.60_t0.50,0.07819712191127288,0.060965283657658915,0.10900832702415589,2362,1321,144,1.0
case_0129,fusion_w0.60_t0.55,0.08891794704122616,0.07825086306053941,0.10295230885614723,1738,1321,136,1.0
case_0129,fusion_w0.60_t0.60,0.172203389829341,0.8246753246217743,0.09613928841713748,154,1321,127,1.0
case_0129,fusion_w0.60_t0.65,0.1597269624562476,0.8124999999435764,0.08856926570712666,144,1321,117,1.0
case_0129,fusion_w0.70_t0.35,0.07148633349495151,0.04545454545445197,0.16729750189123924,4862,1321,221,1.0
case_0129,fusion_w0.70_t0.40,0.06536655832418677,0.04292150818106967,0.13701741105119594,4217,1321,181,1.0
case_0129,fusion_w0.70_t0.45,0.059301380990943744,0.040521787399276935,0.11052233156615805,3603,1321,146,1.0
case_0129,fusion_w0.70_t0.50,0.06071428571415019,0.043051598607017884,0.10295230885614723,3159,1321,136,1.0
case_0129,fusion_w0.70_t0.55,0.06181455633085291,0.04607952434022267,0.09386828160413424,2691,1321,124,1.0
case_0129,fusion_w0.70_t0.60,0.06707140792117065,0.05425631431218777,0.08781226343612558,2138,1321,116,1.0
case_0129,fusion_w0.70_t0.65,0.07056451612879515,0.06344410876094596,0.07948523845511367,1655,1321,105,1.0
case_0129,fusion_w0.80_t0.35,0.0785948198867541,0.04891606448017618,0.1998485995442858,5397,1321,264,1.0
case_0129,fusion_w0.80_t0.40,0.06898785425090043,0.04388133498136819,0.16124148372323058,4854,1321,213,1.0
case_0129,fusion_w0.80_t0.45,0.0616316351976102,0.040298159794921275,0.13096139288318728,4293,1321,173,1.0
case_0129,fusion_w0.80_t0.50,0.05236017453381127,0.03547433485612611,0.0999242997721429,3721,1321,132,1.0
case_0129,fusion_w0.80_t0.55,0.05139278773471952,0.035951661631311325,0.09008327024912882,3310,1321,119,1.0
case_0129,fusion_w0.80_t0.60,0.050831353919119165,0.03703703703690884,0.08099924299711583,2889,1321,107,1.0
case_0129,fusion_w0.80_t0.65,0.04845930998143677,0.03715670436172393,0.06964420893209959,2476,1321,92,1.0
case_0137,nnunet,0.43475783475659613,0.9819819819693438,0.27918038785115556,777,2733,763,1.0
case_0137,medformer_lcc_t0.25,0.08517647058803487,0.11931443638682061,0.06622758873009064,1517,2733,181,1.0
case_0137,union_t0.25,0.34775576223140364,0.3886127428812083,0.31467252103799975,2213,2733,860,1.0
case_0137,intersection_t0.25,0.06300884955729909,0.9673913042426749,0.032564946944630205,92,2733,89,1.0
case_0137,medformer_lcc_t0.30,0.06648337915504503,0.10488958990453558,0.04866447127680694,1268,2733,133,1.0
case_0137,union_t0.30,0.3498727735361538,0.41603630862120006,0.3018660812283137,1983,2733,825,1.0
case_0137,intersection_t0.30,0.05474582296461164,0.9624999998796876,0.02817416758130928,80,2733,77,1.0
case_0137,medformer_lcc_t0.35,0.04892315873424907,0.08949416342325396,0.03366264178546044,1028,2733,92,1.0
case_0137,union_t0.35,0.35550611790799663,0.4534619750258033,0.2923527259411184,1762,2733,799,1.0
case_0137,intersection_t0.35,0.04434907009998445,0.9841269839707735,0.02268569337715812,63,2733,62,1.0
case_0137,medformer_lcc_t0.40,0.03369503141052629,0.07672301690407382,0.02158799853632789,769,2733,59,1.0
case_0137,union_t0.40,0.3689549422024795,0.5192563080974817,0.2861324551764137,1506,2733,782,1.0
case_0137,intersection_t0.40,0.02884962134861576,0.99999999975,0.014635931211069755,40,2733,40,1.0
case_0137,medformer_lcc_t0.45,0.020091324200852082,0.05978260869456915,0.01207464324913255,552,2733,33,1.0
case_0137,union_t0.45,0.38356842365656135,0.592507645255409,0.2835711672144765,1308,2733,775,1.0
case_0137,intersection_t0.45,0.015250544662253993,0.9999999995238095,0.007683863885811622,21,2733,21,1.0
case_0137,medformer_lcc_t0.50,0.0,0.0,0.0,144,2733,0,0.0
case_0137,union_t0.50,0.43475783475659613,0.9819819819693438,0.27918038785115556,777,2733,763,1.0
case_0137,intersection_t0.50,0.0,0.0,0.0,0,2733,0,0.0
case_0137,medformer_lcc_t0.55,0.0,0.0,0.0,106,2733,0,0.0
case_0137,union_t0.55,0.43475783475659613,0.9819819819693438,0.27918038785115556,777,2733,763,1.0
case_0137,intersection_t0.55,0.0,0.0,0.0,0,2733,0,0.0
case_0137,medformer_lcc_t0.60,0.0,0.0,0.0,91,2733,0,0.0
case_0137,union_t0.60,0.43475783475659613,0.9819819819693438,0.27918038785115556,777,2733,763,1.0
case_0137,intersection_t0.60,0.0,0.0,0.0,0,2733,0,0.0
case_0137,medformer_lcc_t0.65,0.0,0.0,0.0,78,2733,0,0.0
case_0137,union_t0.65,0.43475783475659613,0.9819819819693438,0.27918038785115556,777,2733,763,1.0
case_0137,intersection_t0.65,0.0,0.0,0.0,0,2733,0,0.0
case_0137,medformer_lcc_t0.70,0.0,0.0,0.0,55,2733,0,0.0
case_0137,union_t0.70,0.43475783475659613,0.9819819819693438,0.27918038785115556,777,2733,763,1.0
case_0137,intersection_t0.70,0.0,0.0,0.0,0,2733,0,0.0
case_0137,medformer_lcc_t0.75,0.0,0.0,0.0,28,2733,0,0.0
case_0137,union_t0.75,0.43475783475659613,0.9819819819693438,0.27918038785115556,777,2733,763,1.0
case_0137,intersection_t0.75,0.0,0.0,0.0,0,2733,0,0.0
case_0137,fusion_w0.40_t0.35,0.43475783475659613,0.9819819819693438,0.27918038785115556,777,2733,763,1.0
case_0137,fusion_w0.40_t0.40,0.43475783475659613,0.9819819819693438,0.27918038785115556,777,2733,763,1.0
case_0137,fusion_w0.40_t0.45,0.43475783475659613,0.9819819819693438,0.27918038785115556,777,2733,763,1.0
case_0137,fusion_w0.40_t0.50,0.43475783475659613,0.9819819819693438,0.27918038785115556,777,2733,763,1.0
case_0137,fusion_w0.40_t0.55,0.43475783475659613,0.9819819819693438,0.27918038785115556,777,2733,763,1.0
case_0137,fusion_w0.40_t0.60,0.43475783475659613,0.9819819819693438,0.27918038785115556,777,2733,763,1.0
case_0137,fusion_w0.40_t0.65,0.08592385609470513,0.946153846081065,0.0450054884740395,130,2733,123,1.0
case_0137,fusion_w0.50_t0.35,0.43475783475659613,0.9819819819693438,0.27918038785115556,777,2733,763,1.0
case_0137,fusion_w0.50_t0.40,0.43475783475659613,0.9819819819693438,0.27918038785115556,777,2733,763,1.0
case_0137,fusion_w0.50_t0.45,0.43475783475659613,0.9819819819693438,0.27918038785115556,777,2733,763,1.0
case_0137,fusion_w0.50_t0.50,0.43475783475659613,0.9819819819693438,0.27918038785115556,777,2733,763,1.0
case_0137,fusion_w0.50_t0.55,0.092553931802044,0.9432624112806196,0.04866447127680694,141,2733,133,1.0
case_0137,fusion_w0.50_t0.60,0.07183098591524004,0.9532710279482924,0.037321624588227874,107,2733,102,1.0
case_0137,fusion_w0.50_t0.65,0.05474582296461164,0.9624999998796876,0.02817416758130928,80,2733,77,1.0
case_0137,fusion_w0.60_t0.35,0.43475783475659613,0.9819819819693438,0.27918038785115556,777,2733,763,1.0
case_0137,fusion_w0.60_t0.40,0.43475783475659613,0.9819819819693438,0.27918038785115556,777,2733,763,1.0
case_0137,fusion_w0.60_t0.45,0.0964942728216019,0.9391891891257305,0.0508598609584674,148,2733,139,1.0
case_0137,fusion_w0.60_t0.50,0.0785964912277944,0.9572649571831398,0.040980607390995315,117,2733,112,1.0
case_0137,fusion_w0.60_t0.55,0.06300884955729909,0.9673913042426749,0.032564946944630205,92,2733,89,1.0
case_0137,fusion_w0.60_t0.60,0.04780592222601568,0.9571428570061226,0.02451518477854184,70,2733,67,1.0
case_0137,fusion_w0.60_t0.65,0.023861171366508095,0.9999999996969696,0.01207464324913255,33,2733,33,1.0
case_0137,fusion_w0.70_t0.35,0.10173010380587637,0.936305732424439,0.05378704720068135,157,2733,147,1.0
case_0137,fusion_w0.70_t0.40,0.08056042031495425,0.942622950742408,0.04207830223182555,122,2733,115,1.0
case_0137,fusion_w0.70_t0.45,0.06911142454136421,0.9514563105872373,0.0358580314671209,103,2733,98,1.0
case_0137,fusion_w0.70_t0.50,0.05750798722024314,0.9642857141709185,0.029637760702416256,84,2733,81,1.0
case_0137,fusion_w0.70_t0.55,0.041547277936813946,0.9830508472910083,0.021222100256051146,59,2733,58,1.0
case_0137,fusion_w0.70_t0.60,0.023861171366508095,0.9999999996969696,0.01207464324913255,33,2733,33,1.0
case_0137,fusion_w0.70_t0.65,0.0,0.0,0.0,0,2733,0,0.0
case_0137,fusion_w0.80_t0.35,0.0677570093455965,0.1678726483333159,0.04244420051210229,691,2733,116,1.0
case_0137,fusion_w0.80_t0.40,0.0,0.0,0.0,144,2733,0,0.0
case_0137,fusion_w0.80_t0.45,0.0,0.0,0.0,101,2733,0,0.0
case_0137,fusion_w0.80_t0.50,0.0,0.0,0.0,82,2733,0,0.0
case_0137,fusion_w0.80_t0.55,0.0,0.0,0.0,60,2733,0,0.0
case_0137,fusion_w0.80_t0.60,0.0,0.0,0.0,28,2733,0,0.0
case_0137,fusion_w0.80_t0.65,0.0,0.0,0.0,2,2733,0,0.0
case_0142,nnunet,0.0,0.0,0.0,378,7173,0,0.0
case_0142,medformer_lcc_t0.25,0.7217417969943442,0.6443276390706917,0.8202983409998323,9132,7173,5884,1.0
case_0142,union_t0.25,0.7045019157083905,0.6173538978065078,0.8202983409998323,9531,7173,5884,1.0
case_0142,intersection_t0.25,0.0,0.0,0.0,267,7173,0,0.0
case_0142,medformer_lcc_t0.30,0.728724763608019,0.6726029012847357,0.7950648264313467,8479,7173,5703,1.0
case_0142,union_t0.30,0.7095931317651427,0.6407145264569815,0.7950648264313467,8901,7173,5703,1.0
case_0142,intersection_t0.30,0.0,0.0,0.0,251,7173,0,0.0
case_0142,medformer_lcc_t0.35,0.7351652727991934,0.7016343595582141,0.772061898786042,7893,7173,5538,1.0
case_0142,union_t0.35,0.7133840010300699,0.6629953310180019,0.772061898786042,8353,7173,5538,1.0
case_0142,intersection_t0.35,0.0,0.0,0.0,220,7173,0,0.0
case_0142,medformer_lcc_t0.40,0.7369885889223928,0.7356577302392893,0.7383242715729286,7199,7173,5296,1.0
case_0142,union_t0.40,0.7121151001743229,0.6877028957269345,0.7383242715729286,7701,7173,5296,1.0
case_0142,intersection_t0.40,0.0,0.0,0.0,188,7173,0,0.0
case_0142,medformer_lcc_t0.45,0.7270881670528371,0.7575162411228924,0.6990101770518625,6619,7173,5014,1.0
case_0142,union_t0.45,0.7000349040134729,0.7010626398200489,0.6990101770518625,7152,7173,5014,1.0
case_0142,intersection_t0.45,0.0,0.0,0.0,163,7173,0,0.0
case_0142,medformer_lcc_t0.50,0.7056482473590191,0.7822840658395006,0.642687857241541,5893,7173,4610,1.0
case_0142,union_t0.50,0.6763001540374999,0.7136222910205672,0.642687857241541,6460,7173,4610,1.0
case_0142,intersection_t0.50,0.0,0.0,0.0,71,7173,0,0.0
case_0142,medformer_lcc_t0.55,0.6739130434777142,0.8058195926269528,0.5791161299308809,5155,7173,4154,1.0
case_0142,union_t0.55,0.6427355717154242,0.7220580566648321,0.5791161299308809,5753,7173,4154,1.0
case_0142,intersection_t0.55,0.0,0.0,0.0,56,7173,0,0.0
case_0142,medformer_lcc_t0.60,0.47707336523078436,0.8370059461320847,0.33361215669826627,2859,7173,2393,1.0
case_0142,union_t0.60,0.47707336523078436,0.8370059461320847,0.33361215669826627,2859,7173,2393,1.0
case_0142,intersection_t0.60,0.0,0.0,0.0,0,7173,0,0.0
case_0142,medformer_lcc_t0.65,0.4658479650863028,0.8563432835788942,0.3199498117937823,2680,7173,2295,1.0
case_0142,union_t0.65,0.4658479650863028,0.8563432835788942,0.3199498117937823,2680,7173,2295,1.0
case_0142,intersection_t0.65,0.0,0.0,0.0,0,7173,0,0.0
case_0142,medformer_lcc_t0.70,0.4434954692214941,0.8768533772616275,0.2968074724657789,2428,7173,2129,1.0
case_0142,union_t0.70,0.4434954692214941,0.8768533772616275,0.2968074724657789,2428,7173,2129,1.0
case_0142,intersection_t0.70,0.0,0.0,0.0,0,7173,0,0.0
case_0142,medformer_lcc_t0.75,0.3986105080325677,0.9004413928352112,0.25595984943502587,2039,7173,1836,1.0
case_0142,union_t0.75,0.3986105080325677,0.9004413928352112,0.25595984943502587,2039,7173,1836,1.0
case_0142,intersection_t0.75,0.0,0.0,0.0,0,7173,0,0.0
case_0142,fusion_w0.40_t0.35,0.285410513880348,0.9349845201166024,0.1684093127001695,1292,7173,1208,1.0
case_0142,fusion_w0.40_t0.40,0.0,0.0,0.0,378,7173,0,0.0
case_0142,fusion_w0.40_t0.45,0.0,0.0,0.0,378,7173,0,0.0
case_0142,fusion_w0.40_t0.50,0.0,0.0,0.0,378,7173,0,0.0
case_0142,fusion_w0.40_t0.55,0.0,0.0,0.0,378,7173,0,0.0
case_0142,fusion_w0.40_t0.60,0.0,0.0,0.0,378,7173,0,0.0
case_0142,fusion_w0.40_t0.65,0.0,0.0,0.0,298,7173,0,0.0
case_0142,fusion_w0.50_t0.35,0.4434954692214941,0.8768533772616275,0.2968074724657789,2428,7173,2129,1.0
case_0142,fusion_w0.50_t0.40,0.35068307553308037,0.9222090261227898,0.21650634323126097,1684,7173,1553,1.0
case_0142,fusion_w0.50_t0.45,0.2578237843039747,0.9436123347934484,0.14930991217043174,1135,7173,1071,1.0
case_0142,fusion_w0.50_t0.50,0.0,0.0,0.0,378,7173,0,0.0
case_0142,fusion_w0.50_t0.55,0.0,0.0,0.0,306,7173,0,0.0
case_0142,fusion_w0.50_t0.60,0.0,0.0,0.0,283,7173,0,0.0
case_0142,fusion_w0.50_t0.65,0.0,0.0,0.0,251,7173,0,0.0
case_0142,fusion_w0.60_t0.35,0.6144481819633073,0.7220026350447544,0.5347832148326574,5313,7173,3836,1.0
case_0142,fusion_w0.60_t0.40,0.46232387175774725,0.8637924456281427,0.31562804963011903,2621,7173,2264,1.0
case_0142,fusion_w0.60_t0.45,0.3986105080325677,0.9004413928352112,0.25595984943502587,2039,7173,1836,1.0
case_0142,fusion_w0.60_t0.50,0.3172732524548616,0.9264507422339646,0.19141224034547413,1482,7173,1373,1.0
case_0142,fusion_w0.60_t0.55,0.23801975368828432,0.9494163424032159,0.13606580231404425,1028,7173,976,1.0
case_0142,fusion_w0.60_t0.60,0.0,0.0,0.0,226,7173,0,0.0
case_0142,fusion_w0.60_t0.65,0.0,0.0,0.0,178,7173,0,0.0
case_0142,fusion_w0.70_t0.35,0.6920363281538001,0.7495934959337405,0.642687857241541,6150,7173,4610,1.0
case_0142,fusion_w0.70_t0.40,0.6437900543517127,0.7698874660442959,0.5531855569489011,5154,7173,3968,1.0
case_0142,fusion_w0.70_t0.45,0.4685887708644728,0.8539823008818069,0.32287745713045746,2712,7173,2316,1.0
case_0142,fusion_w0.70_t0.50,0.4327054614327762,0.8824034334726077,0.28663041962876534,2330,7173,2056,1.0
case_0142,fusion_w0.70_t0.55,0.3624566506316562,0.917327293313039,0.22584692597208164,1766,7173,1620,1.0
case_0142,fusion_w0.70_t0.60,0.2983011130635052,0.9346549192295547,0.17747107207559254,1362,7173,1273,1.0
case_0142,fusion_w0.70_t0.65,0.22120950855989505,0.9492600422732637,0.12519169106353661,946,7173,898,1.0
case_0142,fusion_w0.80_t0.35,0.7243258546247262,0.735623921793077,0.7133695803698406,6956,7173,5117,1.0
case_0142,fusion_w0.80_t0.40,0.696690343055239,0.7606005609622825,0.642687857241541,6061,7173,4610,1.0
case_0142,fusion_w0.80_t0.45,0.6551668286356858,0.7816425120757843,0.56392025651671,5175,7173,4045,1.0
case_0142,fusion_w0.80_t0.50,0.47247890719116864,0.845131153428512,0.3278962777076148,2783,7173,2352,1.0
case_0142,fusion_w0.80_t0.55,0.4515529873073454,0.8689436060330861,0.30503276174500904,2518,7173,2188,1.0
case_0142,fusion_w0.80_t0.60,0.3986105080325677,0.9004413928352112,0.25595984943502587,2039,7173,1836,1.0
case_0142,fusion_w0.80_t0.65,0.3369044905398485,0.9231730168586936,0.2060504670288498,1601,7173,1478,1.0
case_0148,nnunet,0.0,0.0,0.0,492,1947,0,0.0
case_0148,medformer_lcc_t0.25,0.5127944416191954,0.3826504805250818,0.7770929635296503,3954,1947,1513,1.0
case_0148,union_t0.25,0.4733302049108817,0.3403058929367065,0.7770929635296503,4446,1947,1513,1.0
case_0148,intersection_t0.25,0.0,0.0,0.0,0,1947,0,0.0
case_0148,medformer_lcc_t0.30,0.5240021100746897,0.39839572192406847,0.7652799178183601,3740,1947,1490,1.0
case_0148,union_t0.30,0.5240021100746897,0.39839572192406847,0.7652799178183601,3740,1947,1490,1.0
case_0148,intersection_t0.30,0.0,0.0,0.0,0,1947,0,0.0
case_0148,medformer_lcc_t0.35,0.5346752058544654,0.41529277998744946,0.7503852080084726,3518,1947,1461,1.0
case_0148,union_t0.35,0.5346752058544654,0.41529277998744946,0.7503852080084726,3518,1947,1461,1.0
case_0148,intersection_t0.35,0.0,0.0,0.0,0,1947,0,0.0
case_0148,medformer_lcc_t0.40,0.5453853472872591,0.4331922611836965,0.7360041088816847,3308,1947,1433,1.0
case_0148,union_t0.40,0.5453853472872591,0.4331922611836965,0.7360041088816847,3308,1947,1433,1.0
case_0148,intersection_t0.40,0.0,0.0,0.0,0,1947,0,0.0
case_0148,medformer_lcc_t0.45,0.5545060999595544,0.44944178628245796,0.723677452487295,3135,1947,1409,1.0
case_0148,union_t0.45,0.5545060999595544,0.44944178628245796,0.723677452487295,3135,1947,1409,1.0
case_0148,intersection_t0.45,0.0,0.0,0.0,0,1947,0,0.0
case_0148,medformer_lcc_t0.50,0.5689548546679676,0.47520661156861155,0.7087827426774074,2904,1947,1380,1.0
case_0148,union_t0.50,0.5689548546679676,0.47520661156861155,0.7087827426774074,2904,1947,1380,1.0
case_0148,intersection_t0.50,0.0,0.0,0.0,0,1947,0,0.0
case_0148,medformer_lcc_t0.55,0.5679376448271162,0.4814285714268521,0.6923472008182212,2800,1947,1348,1.0
case_0148,union_t0.55,0.5679376448271162,0.4814285714268521,0.6923472008182212,2800,1947,1348,1.0
case_0148,intersection_t0.55,0.0,0.0,0.0,0,1947,0,0.0
case_0148,medformer_lcc_t0.60,0.5650301464242786,0.4864664441954525,0.6738572162266366,2697,1947,1312,1.0
case_0148,union_t0.60,0.5650301464242786,0.4864664441954525,0.6738572162266366,2697,1947,1312,1.0
case_0148,intersection_t0.60,0.0,0.0,0.0,0,1947,0,0.0
case_0148,medformer_lcc_t0.65,0.5642272827756706,0.4953416149049094,0.6553672316350521,2576,1947,1276,1.0
case_0148,union_t0.65,0.5642272827756706,0.4953416149049094,0.6553672316350521,2576,1947,1276,1.0
case_0148,intersection_t0.65,0.0,0.0,0.0,0,1947,0,0.0
case_0148,medformer_lcc_t0.70,0.5583503285734005,0.49959448499391895,0.632768361578671,2466,1947,1232,1.0
case_0148,union_t0.70,0.5583503285734005,0.49959448499391895,0.632768361578671,2466,1947,1232,1.0
case_0148,intersection_t0.70,0.0,0.0,0.0,0,1947,0,0.0
case_0148,medformer_lcc_t0.75,0.5550351288043208,0.5101162290120098,0.6086286594729912,2323,1947,1185,1.0
case_0148,union_t0.75,0.5550351288043208,0.5101162290120098,0.6086286594729912,2323,1947,1185,1.0
case_0148,intersection_t0.75,0.0,0.0,0.0,0,1947,0,0.0
case_0148,fusion_w0.40_t0.35,0.5255286230001921,0.5277058518874795,0.5233692860784624,1931,1947,1019,1.0
case_0148,fusion_w0.40_t0.40,0.0,0.0,0.0,492,1947,0,0.0
case_0148,fusion_w0.40_t0.45,0.0,0.0,0.0,492,1947,0,0.0
case_0148,fusion_w0.40_t0.50,0.0,0.0,0.0,492,1947,0,0.0
case_0148,fusion_w0.40_t0.55,0.0,0.0,0.0,492,1947,0,0.0
case_0148,fusion_w0.40_t0.60,0.0,0.0,0.0,492,1947,0,0.0
case_0148,fusion_w0.40_t0.65,0.0,0.0,0.0,0,1947,0,0.0
case_0148,fusion_w0.50_t0.35,0.5583503285734005,0.49959448499391895,0.632768361578671,2466,1947,1232,1.0
case_0148,fusion_w0.50_t0.40,0.5418384671342668,0.5133272058799939,0.5737031330222203,2176,1947,1117,1.0
case_0148,fusion_w0.50_t0.45,0.5120849933585336,0.5302530252996136,0.49512069850798607,1818,1947,964,1.0
case_0148,fusion_w0.50_t0.50,0.0,0.0,0.0,492,1947,0,0.0
case_0148,fusion_w0.50_t0.55,0.0,0.0,0.0,0,1947,0,0.0
case_0148,fusion_w0.50_t0.60,0.0,0.0,0.0,0,1947,0,0.0
case_0148,fusion_w0.50_t0.65,0.0,0.0,0.0,0,1947,0,0.0
case_0148,fusion_w0.60_t0.35,0.5649475711522257,0.4842259721185465,0.6779661016914332,2726,1947,1320,1.0
case_0148,fusion_w0.60_t0.40,0.5604811762072611,0.49488591659915465,0.6461222393392598,2542,1947,1258,1.0
case_0148,fusion_w0.60_t0.45,0.5550351288043208,0.5101162290120098,0.6086286594729912,2323,1947,1185,1.0
case_0148,fusion_w0.60_t0.50,0.5364518536936143,0.5202702702677593,0.5536723163813371,2072,1947,1078,1.0
case_0148,fusion_w0.60_t0.55,0.5039370078726475,0.5345622119784875,0.4766307139164015,1736,1947,928,1.0
case_0148,fusion_w0.60_t0.60,0.0,0.0,0.0,0,1947,0,0.0
case_0148,fusion_w0.60_t0.65,0.0,0.0,0.0,0,1947,0,0.0
case_0148,fusion_w0.70_t0.35,0.5689548546679676,0.47520661156861155,0.7087827426774074,2904,1947,1380,1.0
case_0148,fusion_w0.70_t0.40,0.5655319148924137,0.4827460951671531,0.6825885978393293,2753,1947,1329,1.0
case_0148,fusion_w0.70_t0.45,0.5628716141806588,0.49267540477836286,0.6563944530012512,2594,1947,1278,1.0
case_0148,fusion_w0.70_t0.50,0.5561913481333115,0.5016515276610172,0.6240369799659783,2422,1947,1215,1.0
case_0148,fusion_w0.70_t0.55,0.5465898174818766,0.5133062697315594,0.5844889573673113,2217,1947,1138,1.0
case_0148,fusion_w0.70_t0.60,0.5313690627367759,0.5256281407008763,0.5372367745221508,1990,1947,1046,1.0
case_0148,fusion_w0.70_t0.65,0.4979298923530281,0.5381861575146887,0.46327683615581267,1676,1947,902,1.0
case_0148,fusion_w0.80_t0.35,0.5507698304413354,0.4437814070337821,0.7257318952196933,3184,1947,1413,1.0
case_0148,fusion_w0.80_t0.40,0.5689548546679676,0.47520661156861155,0.7087827426774074,2904,1947,1380,1.0
case_0148,fusion_w0.80_t0.45,0.5661577608130489,0.48212351029078326,0.6856702619379268,2769,1947,1335,1.0
case_0148,fusion_w0.80_t0.50,0.5638228234768409,0.49013657055959736,0.6635850025646453,2636,1947,1292,1.0
case_0148,fusion_w0.80_t0.55,0.558863328821473,0.4981905910715795,0.636363636360368,2487,1947,1239,1.0
case_0148,fusion_w0.80_t0.60,0.5550351288043208,0.5101162290120098,0.6086286594729912,2323,1947,1185,1.0
case_0148,fusion_w0.80_t0.65,0.5409113179800565,0.517096018732941,0.5670261941419259,2135,1947,1104,1.0
case_0155,nnunet,0.0,0.0,0.0,0,6374,0,0.0
case_0155,medformer_lcc_t0.25,0.43741754947014294,0.29349283836688295,0.8583307185427388,18641,6374,5471,1.0
case_0155,union_t0.25,0.43741754947014294,0.29349283836688295,0.8583307185427388,18641,6374,5471,1.0
case_0155,intersection_t0.25,0.0,0.0,0.0,0,6374,0,0.0
case_0155,medformer_lcc_t0.30,0.4482930890922363,0.3051116400315623,0.84468151866827,17646,6374,5384,1.0
case_0155,union_t0.30,0.4482930890922363,0.3051116400315623,0.84468151866827,17646,6374,5384,1.0
case_0155,intersection_t0.30,0.0,0.0,0.0,0,6374,0,0.0
case_0155,medformer_lcc_t0.35,0.4603685033893358,0.3183675922584936,0.8310323187938014,16638,6374,5297,1.0
case_0155,union_t0.35,0.4603685033893358,0.3183675922584936,0.8310323187938014,16638,6374,5297,1.0
case_0155,intersection_t0.35,0.0,0.0,0.0,0,6374,0,0.0
case_0155,medformer_lcc_t0.40,0.4713248638836337,0.33154602323481963,0.8148729212412694,15666,6374,5194,1.0
case_0155,union_t0.40,0.4713248638836337,0.33154602323481963,0.8148729212412694,15666,6374,5194,1.0
case_0155,intersection_t0.40,0.0,0.0,0.0,0,6374,0,0.0
case_0155,medformer_lcc_t0.45,0.48104029234470075,0.34483227869609795,0.7951051145265217,14697,6374,5068,1.0
case_0155,union_t0.45,0.48104029234470075,0.34483227869609795,0.7951051145265217,14697,6374,5068,1.0
case_0155,intersection_t0.45,0.0,0.0,0.0,0,6374,0,0.0
case_0155,medformer_lcc_t0.50,0.4925730236265115,0.36097311513708286,0.775180420456895,13688,6374,4941,1.0
case_0155,union_t0.50,0.4925730236265115,0.36097311513708286,0.775180420456895,13688,6374,4941,1.0
case_0155,intersection_t0.50,0.0,0.0,0.0,0,6374,0,0.0
case_0155,medformer_lcc_t0.55,0.5050632911389741,0.38042269187956423,0.7511766551604155,12586,6374,4788,1.0
case_0155,union_t0.55,0.5050632911389741,0.38042269187956423,0.7511766551604155,12586,6374,4788,1.0
case_0155,intersection_t0.55,0.0,0.0,0.0,0,6374,0,0.0
case_0155,medformer_lcc_t0.60,0.5147288551659703,0.3993939393935936,0.7237213680565991,11550,6374,4613,1.0
case_0155,union_t0.60,0.5147288551659703,0.3993939393935936,0.7237213680565991,11550,6374,4613,1.0
case_0155,intersection_t0.60,0.0,0.0,0.0,0,6374,0,0.0
case_0155,medformer_lcc_t0.65,0.517607933962517,0.41643573817447066,0.6837150925624668,10465,6374,4358,1.0
case_0155,union_t0.65,0.517607933962517,0.41643573817447066,0.6837150925624668,10465,6374,4358,1.0
case_0155,intersection_t0.65,0.0,0.0,0.0,0,6374,0,0.0
case_0155,medformer_lcc_t0.70,0.5105469243397053,0.42727272727227555,0.6341386884207183,9460,6374,4042,1.0
case_0155,union_t0.70,0.5105469243397053,0.42727272727227555,0.6341386884207183,9460,6374,4042,1.0
case_0155,intersection_t0.70,0.0,0.0,0.0,0,6374,0,0.0
case_0155,medformer_lcc_t0.75,0.5080688542223587,0.44457519416280933,0.5927204267326753,8498,6374,3778,1.0
case_0155,union_t0.75,0.5080688542223587,0.44457519416280933,0.5927204267326753,8498,6374,3778,1.0
case_0155,intersection_t0.75,0.0,0.0,0.0,0,6374,0,0.0
case_0155,fusion_w0.40_t0.35,0.5064660637304484,0.5490196078421312,0.470034515217336,5457,6374,2996,1.0
case_0155,fusion_w0.40_t0.40,0.0,0.0,0.0,0,6374,0,0.0
case_0155,fusion_w0.40_t0.45,0.0,0.0,0.0,0,6374,0,0.0
case_0155,fusion_w0.40_t0.50,0.0,0.0,0.0,0,6374,0,0.0
case_0155,fusion_w0.40_t0.55,0.0,0.0,0.0,0,6374,0,0.0
case_0155,fusion_w0.40_t0.60,0.0,0.0,0.0,0,6374,0,0.0
case_0155,fusion_w0.40_t0.65,0.0,0.0,0.0,0,6374,0,0.0
case_0155,fusion_w0.50_t0.35,0.5105469243397053,0.42727272727227555,0.6341386884207183,9460,6374,4042,1.0
case_0155,fusion_w0.50_t0.40,0.5120093731689279,0.4800878879422136,0.5484781926568113,7282,6374,3496,1.0
case_0155,fusion_w0.50_t0.45,0.49630642954811094,0.5926813330416191,0.4268904926256246,4591,6374,2721,1.0
case_0155,fusion_w0.50_t0.50,0.0,0.0,0.0,0,6374,0,0.0
case_0155,fusion_w0.50_t0.55,0.0,0.0,0.0,0,6374,0,0.0
case_0155,fusion_w0.50_t0.60,0.0,0.0,0.0,0,6374,0,0.0
case_0155,fusion_w0.50_t0.65,0.0,0.0,0.0,0,6374,0,0.0
case_0155,fusion_w0.60_t0.35,0.5118825977436688,0.393169582772213,0.7332914967042151,11888,6374,4674,1.0
case_0155,fusion_w0.60_t0.40,0.5135955328960223,0.41882795486000907,0.66379039849284,10102,6374,4231,1.0
case_0155,fusion_w0.60_t0.45,0.5080688542223587,0.44457519416280933,0.5927204267326753,8498,6374,3778,1.0
case_0155,fusion_w0.60_t0.50,0.5108586444079829,0.5034272658027366,0.5185127078749318,6565,6374,3305,1.0
case_0155,fusion_w0.60_t0.55,0.48173207036489296,0.627391742193788,0.39096328835834493,3972,6374,2492,1.0
case_0155,fusion_w0.60_t0.60,0.0,0.0,0.0,0,6374,0,0.0
case_0155,fusion_w0.60_t0.65,0.0,0.0,0.0,0,6374,0,0.0
case_0155,fusion_w0.70_t0.35,0.4925730236265115,0.36097311513708286,0.775180420456895,13688,6374,4941,1.0
case_0155,fusion_w0.70_t0.40,0.5091458479466308,0.3880253310301932,0.740194540318889,12159,6374,4718,1.0
case_0155,fusion_w0.70_t0.45,0.5190453797316488,0.41502162060498676,0.6926576717905669,10638,6374,4415,1.0
case_0155,fusion_w0.70_t0.50,0.5096326740299835,0.431398130027798,0.622529024159676,9198,6374,3968,1.0
case_0155,fusion_w0.70_t0.55,0.5065570284252452,0.462045777834654,0.5605585189824905,7733,6374,3573,1.0
case_0155,fusion_w0.70_t0.60,0.5096863094751481,0.5272513835308951,0.4932538437394207,5963,6374,3144,1.0
case_0155,fusion_w0.70_t0.65,0.46203882508338034,0.6559884559865629,0.3566049576398547,3465,6374,2273,1.0
case_0155,fusion_w0.80_t0.35,0.47829962933398473,0.3411874958160913,0.7996548478180112,14939,6374,5097,1.0
case_0155,fusion_w0.80_t0.40,0.4925730236265115,0.36097311513708286,0.775180420456895,13688,6374,4941,1.0
case_0155,fusion_w0.80_t0.45,0.5076939516988097,0.3849457138224072,0.7453718230298944,12342,6374,4751,1.0
case_0155,fusion_w0.80_t0.50,0.5180985108817193,0.40799206205988814,0.7096015061174936,11086,6374,4523,1.0
case_0155,fusion_w0.80_t0.55,0.5128811449903466,0.4250206270622679,0.6465327894561554,9696,6374,4121,1.0
case_0155,fusion_w0.80_t0.60,0.5080688542223587,0.44457519416280933,0.5927204267326753,8498,6374,3778,1.0
case_0155,fusion_w0.80_t0.65,0.5117910447757374,0.4880444064894847,0.5379667398799216,7026,6374,3429,1.0
case_0160,nnunet,0.1873859257755147,0.17427385892083314,0.20263157894692405,5302,4560,924,1.0
case_0160,medformer_lcc_t0.25,0.10693027210872987,0.10375412541232724,0.11030701754361776,4848,4560,503,1.0
case_0160,union_t0.25,0.1637123745818029,0.13229729729711853,0.21469298245566953,7400,4560,979,1.0
case_0160,intersection_t0.25,0.12257181942527692,0.1629090909084985,0.09824561403487227,2750,4560,448,1.0
case_0160,medformer_lcc_t0.30,0.0772609528099141,0.07941653160435422,0.07521929824544908,4319,4560,343,1.0
case_0160,union_t0.30,0.16103059581306803,0.13123359580034366,0.20833333333287646,7239,4560,950,1.0
case_0160,intersection_t0.30,0.09132814750779124,0.1330814441640089,0.06951754385949667,2382,4560,317,1.0
case_0160,medformer_lcc_t0.35,0.042142857142806966,0.04609374999987997,0.03881578947359909,3840,4560,177,1.0
case_0160,union_t0.35,0.1601441812562992,0.13155668358695494,0.20460526315744604,7092,4560,933,1.0
case_0160,intersection_t0.35,0.0508936685852001,0.0822722820759928,0.0368421052630771,2042,4560,168,1.0
case_0160,medformer_lcc_t0.40,0.018453865336635344,0.021387283236932408,0.01622807017540301,3460,4560,74,1.0
case_0160,union_t0.40,0.16100738167593484,0.1332854061824108,0.2032894736837647,6955,4560,927,1.0
case_0160,intersection_t0.40,0.022306000628303006,0.039313399778298376,0.015570175438562346,1806,4560,71,1.0
case_0160,medformer_lcc_t0.45,0.009096816114348153,0.011164274322133448,0.0076754385964743965,3135,4560,35,1.0
case_0160,union_t0.45,0.16313242410896336,0.13622336517246697,0.2032894736837647,6805,4560,927,1.0
case_0160,intersection_t0.45,0.010337586819560108,0.01961986511330705,0.007017543859633733,1631,4560,32,1.0
case_0160,medformer_lcc_t0.50,0.00465944908866019,0.006211180124200909,0.003728070175430421,2737,4560,17,1.0
case_0160,union_t0.50,0.16454456415264487,0.13850996852025407,0.20263157894692405,6671,4560,924,1.0
case_0160,intersection_t0.50,0.005735492577588166,0.012426900584704482,0.003728070175430421,1368,4560,17,1.0
case_0160,medformer_lcc_t0.55,0.0014108352144449623,0.0019778481012579993,0.0010964912280677708,2528,4560,5,1.0
case_0160,union_t0.55,0.16560623711787292,0.14002121533544473,0.20263157894692405,6599,4560,924,1.0
case_0160,intersection_t0.55,0.001726817475389869,0.004061738424012497,0.0010964912280677708,1231,4560,5,1.0
case_0160,medformer_lcc_t0.60,0.0,0.0,0.0,2373,4560,0,0.0
case_0160,union_t0.60,0.1667719519897421,0.14169605888645653,0.20263157894692405,6521,4560,924,1.0
case_0160,intersection_t0.60,0.0,0.0,0.0,1154,4560,0,0.0
case_0160,medformer_lcc_t0.65,0.0,0.0,0.0,2259,4560,0,0.0
case_0160,union_t0.65,0.16754306436974836,0.14281298299823367,0.20263157894692405,6470,4560,924,1.0
case_0160,intersection_t0.65,0.0,0.0,0.0,1091,4560,0,0.0
case_0160,medformer_lcc_t0.70,0.0,0.0,0.0,2139,4560,0,0.0
case_0160,union_t0.70,0.16855162349492103,0.1442848219860333,0.20263157894692405,6404,4560,924,1.0
case_0160,intersection_t0.70,0.0,0.0,0.0,1037,4560,0,0.0
case_0160,medformer_lcc_t0.75,0.0,0.0,0.0,2018,4560,0,0.0
case_0160,union_t0.75,0.16969696969681386,0.14597156398081204,0.20263157894692405,6330,4560,924,1.0
case_0160,intersection_t0.75,0.0,0.0,0.0,990,4560,0,0.0
case_0160,fusion_w0.40_t0.35,0.17246850209969905,0.15012185215247748,0.20263157894692405,6155,4560,924,1.0
case_0160,fusion_w0.40_t0.40,0.1873859257755147,0.17427385892083314,0.20263157894692405,5302,4560,924,1.0
case_0160,fusion_w0.40_t0.45,0.1873859257755147,0.17427385892083314,0.20263157894692405,5302,4560,924,1.0
case_0160,fusion_w0.40_t0.50,0.1873859257755147,0.17427385892083314,0.20263157894692405,5302,4560,924,1.0
case_0160,fusion_w0.40_t0.55,0.1873859257755147,0.17427385892083314,0.20263157894692405,5302,4560,924,1.0
case_0160,fusion_w0.40_t0.60,0.1873859257755147,0.17427385892083314,0.20263157894692405,5302,4560,924,1.0
case_0160,fusion_w0.40_t0.65,0.18177458033551344,0.20052910052857004,0.16622807017507407,3780,4560,758,1.0
case_0160,fusion_w0.50_t0.35,0.16855162349492103,0.1442848219860333,0.20263157894692405,6404,4560,924,1.0
case_0160,fusion_w0.50_t0.40,0.17065287653507188,0.14739192853701166,0.20263157894692405,6269,4560,924,1.0
case_0160,fusion_w0.50_t0.45,0.1733746130029333,0.1515002459417093,0.20263157894692405,6099,4560,924,1.0
case_0160,fusion_w0.50_t0.50,0.1873859257755147,0.17427385892083314,0.20263157894692405,5302,4560,924,1.0
case_0160,fusion_w0.50_t0.55,0.19028671737836125,0.20401505646121953,0.17828947368381953,3985,4560,813,1.0
case_0160,fusion_w0.50_t0.60,0.1513850955909073,0.18600191754494727,0.12763157894708854,3129,4560,582,1.0
case_0160,fusion_w0.50_t0.65,0.09132814750779124,0.1330814441640089,0.06951754385949667,2382,4560,317,1.0
case_0160,fusion_w0.60_t0.35,0.1663366336632166,0.14106870228986096,0.20263157894692405,6550,4560,924,1.0
case_0160,fusion_w0.60_t0.40,0.16781692698858716,0.1432114073153391,0.20263157894692405,6452,4560,924,1.0
case_0160,fusion_w0.60_t0.45,0.17580612035307475,0.16531479335618904,0.18771929824520237,5178,4560,856,1.0
case_0160,fusion_w0.60_t0.50,0.14979757085003395,0.15373961218801077,0.14605263157862708,4332,4560,666,1.0
case_0160,fusion_w0.60_t0.55,0.11102850061944111,0.12763532763496402,0.09824561403487227,3510,4560,448,1.0
case_0160,fusion_w0.60_t0.60,0.06457372414809616,0.10041647385423223,0.047587719298141255,2161,4560,217,1.0
case_0160,fusion_w0.60_t0.65,0.018392262565374358,0.03319977103587178,0.012719298245586142,1747,4560,58,1.0
case_0160,fusion_w0.70_t0.35,0.1745782659864902,0.15791341376835005,0.1951754385960632,5636,4560,890,1.0
case_0160,fusion_w0.70_t0.40,0.15272650564270357,0.14712456817690078,0.15877192982421323,4921,4560,724,1.0
case_0160,fusion_w0.70_t0.45,0.12389987427120366,0.1293864884217489,0.11885964912254636,4189,4560,542,1.0
case_0160,fusion_w0.70_t0.50,0.08811978399596451,0.10005574135981032,0.07872807017526595,3588,4560,359,1.0
case_0160,fusion_w0.70_t0.55,0.036633926201172506,0.0464021519837041,0.030263157894670475,2974,4560,138,1.0
case_0160,fusion_w0.70_t0.60,0.012606807676127459,0.017448623497411987,0.009868421052609938,2579,4560,45,1.0
case_0160,fusion_w0.70_t0.65,0.005102040816318875,0.008079847908706845,0.003728070175430421,2104,4560,17,1.0
case_0160,fusion_w0.80_t0.35,0.1324914383560226,0.12938963210675294,0.13574561403479005,4784,4560,619,1.0
case_0160,fusion_w0.80_t0.40,0.10323770019575614,0.10876426317040844,0.09824561403487227,4119,4560,448,1.0
case_0160,fusion_w0.80_t0.45,0.06976172930475343,0.07928531546599865,0.062280701754249386,3582,4560,284,1.0
case_0160,fusion_w0.80_t0.50,0.02455590386621662,0.030361757105845086,0.020614035087674093,3096,4560,94,1.0
case_0160,fusion_w0.80_t0.55,0.01089769786131195,0.014383315354137421,0.008771929824542167,2781,4560,40,1.0
case_0160,fusion_w0.80_t0.60,0.0048878665899872225,0.007095158597633159,0.003728070175430421,2396,4560,17,1.0
case_0160,fusion_w0.80_t0.65,0.0,0.0,0.0,2156,4560,0,0.0
case_0161,nnunet,0.0,0.0,0.0,0,6506,0,0.0
case_0161,medformer_lcc_t0.25,0.587639004462828,0.578578876805335,0.5969873962486981,6713,6506,3884,1.0
case_0161,union_t0.25,0.587639004462828,0.578578876805335,0.5969873962486981,6713,6506,3884,1.0
case_0161,intersection_t0.25,0.0,0.0,0.0,0,6506,0,0.0
case_0161,medformer_lcc_t0.30,0.592250489236327,0.6034455256012068,0.5814632646778644,6269,6506,3783,1.0
case_0161,union_t0.30,0.592250489236327,0.6034455256012068,0.5814632646778644,6269,6506,3783,1.0
case_0161,intersection_t0.30,0.0,0.0,0.0,0,6506,0,0.0
case_0161,medformer_lcc_t0.35,0.5971771576893273,0.6322569563712946,0.565785428834052,5822,6506,3681,1.0
case_0161,union_t0.35,0.5971771576893273,0.6322569563712946,0.565785428834052,5822,6506,3681,1.0
case_0161,intersection_t0.35,0.0,0.0,0.0,0,6506,0,0.0
case_0161,medformer_lcc_t0.40,0.6068106170516285,0.6822107081161347,0.5464186904387544,5211,6506,3555,1.0
case_0161,union_t0.40,0.6068106170516285,0.6822107081161347,0.5464186904387544,5211,6506,3555,1.0
case_0161,intersection_t0.40,0.0,0.0,0.0,0,6506,0,0.0
case_0161,medformer_lcc_t0.45,0.6028238182929029,0.7018582805785136,0.5282815862272852,4897,6506,3437,1.0
case_0161,union_t0.45,0.6028238182929029,0.7018582805785136,0.5282815862272852,4897,6506,3437,1.0
case_0161,intersection_t0.45,0.0,0.0,0.0,0,6506,0,0.0
case_0161,medformer_lcc_t0.50,0.5959458231064485,0.7292547274733499,0.5038426068236953,4495,6506,3278,1.0
case_0161,union_t0.50,0.5959458231064485,0.7292547274733499,0.5038426068236953,4495,6506,3278,1.0
case_0161,intersection_t0.50,0.0,0.0,0.0,0,6506,0,0.0
case_0161,medformer_lcc_t0.55,0.5867637449821835,0.7470881863542974,0.4830925299715907,4207,6506,3143,1.0
case_0161,union_t0.55,0.5867637449821835,0.7470881863542974,0.4830925299715907,4207,6506,3143,1.0
case_0161,intersection_t0.55,0.0,0.0,0.0,0,6506,0,0.0
case_0161,medformer_lcc_t0.60,0.5787861382341769,0.7672588832467836,0.4646480172141644,3940,6506,3023,1.0
case_0161,union_t0.60,0.5787861382341769,0.7672588832467836,0.4646480172141644,3940,6506,3023,1.0
case_0161,intersection_t0.60,0.0,0.0,0.0,0,6506,0,0.0
case_0161,medformer_lcc_t0.65,0.5669739164536507,0.7830444203662431,0.44435905318099544,3692,6506,2891,1.0
case_0161,union_t0.65,0.5669739164536507,0.7830444203662431,0.44435905318099544,3692,6506,2891,1.0
case_0161,intersection_t0.65,0.0,0.0,0.0,0,6506,0,0.0
case_0161,medformer_lcc_t0.70,0.5491654936652431,0.7938953488349015,0.41976636950442703,3440,6506,2731,1.0
case_0161,union_t0.70,0.5491654936652431,0.7938953488349015,0.41976636950442703,3440,6506,2731,1.0
case_0161,intersection_t0.70,0.0,0.0,0.0,0,6506,0,0.0
case_0161,medformer_lcc_t0.75,0.5297162973695074,0.8115482233476792,0.39317553027913743,3152,6506,2558,1.0
case_0161,union_t0.75,0.5297162973695074,0.8115482233476792,0.39317553027913743,3152,6506,2558,1.0
case_0161,intersection_t0.75,0.0,0.0,0.0,0,6506,0,0.0
case_0161,fusion_w0.40_t0.35,0.43875685557536703,0.8548530721244219,0.29511220411882094,2246,6506,1920,1.0
case_0161,fusion_w0.40_t0.40,0.0,0.0,0.0,0,6506,0,0.0
case_0161,fusion_w0.40_t0.45,0.0,0.0,0.0,0,6506,0,0.0
case_0161,fusion_w0.40_t0.50,0.0,0.0,0.0,0,6506,0,0.0
case_0161,fusion_w0.40_t0.55,0.0,0.0,0.0,0,6506,0,0.0
case_0161,fusion_w0.40_t0.60,0.0,0.0,0.0,0,6506,0,0.0
case_0161,fusion_w0.40_t0.65,0.0,0.0,0.0,0,6506,0,0.0
case_0161,fusion_w0.50_t0.35,0.5491654936652431,0.7938953488349015,0.41976636950442703,3440,6506,2731,1.0
case_0161,fusion_w0.50_t0.40,0.5038494439686656,0.827828531269052,0.36212726713746984,2846,6506,2356,1.0
case_0161,fusion_w0.50_t0.45,0.411276172651291,0.8604992657813975,0.2702121118962954,2043,6506,1758,1.0
case_0161,fusion_w0.50_t0.50,0.0,0.0,0.0,0,6506,0,0.0
case_0161,fusion_w0.50_t0.55,0.0,0.0,0.0,0,6506,0,0.0
case_0161,fusion_w0.50_t0.60,0.0,0.0,0.0,0,6506,0,0.0
case_0161,fusion_w0.50_t0.65,0.0,0.0,0.0,0,6506,0,0.0
case_0161,fusion_w0.60_t0.35,0.5807615611047566,0.7597515527931435,0.47002766676841373,4025,6506,3058,1.0
case_0161,fusion_w0.60_t0.40,0.5624752866740189,0.7880886426570968,0.43728865662398203,3610,6506,2845,1.0
case_0161,fusion_w0.60_t0.45,0.5297162973695074,0.8115482233476792,0.39317553027913743,3152,6506,2558,1.0
case_0161,fusion_w0.60_t0.50,0.4795783926213443,0.8393543428099949,0.3356901321851588,2602,6506,2184,1.0
case_0161,fusion_w0.60_t0.55,0.38918017159152857,0.8658536585319945,0.25099907777397634,1886,6506,1633,1.0
case_0161,fusion_w0.60_t0.60,0.0,0.0,0.0,0,6506,0,0.0
case_0161,fusion_w0.60_t0.65,0.0,0.0,0.0,0,6506,0,0.0
case_0161,fusion_w0.70_t0.35,0.5959458231064485,0.7292547274733499,0.5038426068236953,4495,6506,3278,1.0
case_0161,fusion_w0.70_t0.40,0.5833962264145439,0.7552515876874567,0.4752536120496845,4094,6506,3092,1.0
case_0161,fusion_w0.70_t0.45,0.5683305655948341,0.7796837309011534,0.44712573009460943,3731,6506,2909,1.0
case_0161,fusion_w0.70_t0.50,0.543777867855144,0.7980368828054788,0.41238856440145655,3362,6506,2683,1.0
case_0161,fusion_w0.70_t0.55,0.5139652983490118,0.8245078071933996,0.3733476790649042,2946,6506,2429,1.0
case_0161,fusion_w0.70_t0.60,0.4539932508431338,0.8464765100635635,0.3101752228707191,2384,6506,2018,1.0
case_0161,fusion_w0.70_t0.65,0.36909663356700273,0.8698630136936653,0.23424531201931412,1752,6506,1524,1.0
case_0161,fusion_w0.80_t0.35,0.6038130060062646,0.6962457337869982,0.5330464186896203,4981,6506,3468,1.0
case_0161,fusion_w0.80_t0.40,0.5959458231064485,0.7292547274733499,0.5038426068236953,4495,6506,3278,1.0
case_0161,fusion_w0.80_t0.45,0.5850225225219735,0.7510843373475877,0.4790962188741483,4150,6506,3117,1.0
case_0161,fusion_w0.80_t0.50,0.5733940509634983,0.7756225425929866,0.45481094374353703,3815,6506,2959,1.0
case_0161,fusion_w0.80_t0.55,0.5545345585292104,0.7917855105510788,0.42668306178846194,3506,6506,2776,1.0
case_0161,fusion_w0.80_t0.60,0.5297162973695074,0.8115482233476792,0.39317553027913743,3152,6506,2558,1.0
case_0161,fusion_w0.80_t0.65,0.496112311014583,0.8340595497427957,0.35305871503173525,2754,6506,2297,1.0
case_0164,nnunet,0.07620941020534988,0.9999999999710145,0.03961419221490456,345,8709,345,1.0
case_0164,medformer_lcc_t0.25,0.6665431641344531,0.7210420841673734,0.6197037547357679,7485,8709,5397,1.0
case_0164,union_t0.25,0.6834532374096552,0.7285844274005868,0.643587093810261,7693,8709,5605,1.0
case_0164,intersection_t0.25,0.03519458544835285,0.9999999999358974,0.017912504305869888,156,8709,156,1.0
case_0164,medformer_lcc_t0.30,0.6629650903052761,0.7462643678150197,0.5963945343890269,6960,8709,5194,1.0
case_0164,union_t0.30,0.6821412845186625,0.754312743460275,0.6225743483745291,7188,8709,5422,1.0
case_0164,intersection_t0.30,0.03519458544835285,0.9999999999358974,0.017912504305869888,156,8709,156,1.0
case_0164,medformer_lcc_t0.35,0.6538687561210226,0.757947320616473,0.5749224939710932,6606,8709,5007,1.0
case_0164,union_t0.35,0.675234545687781,0.7666715307153558,0.6032839591220538,6853,8709,5254,1.0
case_0164,intersection_t0.35,0.03519458544835285,0.9999999999358974,0.017912504305869888,156,8709,156,1.0
case_0164,medformer_lcc_t0.40,0.6424266773800439,0.7706024096373163,0.550809507405499,6225,8709,4797,1.0
case_0164,union_t0.40,0.6665351223357889,0.7801385681281291,0.5818119187041201,6495,8709,5067,1.0
case_0164,intersection_t0.40,0.03519458544835285,0.9999999999358974,0.017912504305869888,156,8709,156,1.0
case_0164,medformer_lcc_t0.45,0.63091482649799,0.7832453601212613,0.5281892295320608,5873,8709,4600,1.0
case_0164,union_t0.45,0.6570698237584709,0.7932434627240649,0.560799173268388,6157,8709,4884,1.0
case_0164,intersection_t0.45,0.03519458544835285,0.9999999999358974,0.017912504305869888,156,8709,156,1.0
case_0164,medformer_lcc_t0.50,0.6159786576799944,0.7925925925911607,0.5037317717298154,5535,8709,4387,1.0
case_0164,union_t0.50,0.6441540577712214,0.8031212484980225,0.537719600412748,5831,8709,4683,1.0
case_0164,intersection_t0.50,0.03519458544835285,0.9999999999358974,0.017912504305869888,156,8709,156,1.0
case_0164,medformer_lcc_t0.55,0.5975055871958781,0.802789616426186,0.4758296015610565,5162,8709,4144,1.0
case_0164,union_t0.55,0.6282611761383244,0.8139959802652769,0.5115397864272458,5473,8709,4455,1.0
case_0164,intersection_t0.55,0.034972924187686175,0.9999999999354838,0.01779768056031944,155,8709,155,1.0
case_0164,medformer_lcc_t0.60,0.5706163973664193,0.8186306074247293,0.43793776552940866,4659,8709,3814,1.0
case_0164,union_t0.60,0.6067808968278477,0.8312025569300215,0.47778160523541413,5006,8709,4161,1.0
case_0164,intersection_t0.60,0.02919212491510614,0.9999999999224806,0.014812263176007793,129,8709,129,1.0
case_0164,medformer_lcc_t0.65,0.5227848101261686,0.8404986008627817,0.3793776552986802,3931,8709,3304,1.0
case_0164,union_t0.65,0.5672191528540766,0.854961832059091,0.4243885635544558,4323,8709,3696,1.0
case_0164,intersection_t0.65,0.020681818181794678,0.99999999989011,0.010448960845090768,91,8709,91,1.0
case_0164,medformer_lcc_t0.70,0.4842678999087585,0.8623529411739342,0.33666322195391357,3400,8709,2932,1.0
case_0164,union_t0.70,0.5354293009890397,0.8775830499584683,0.38523366632175304,3823,8709,3355,1.0
case_0164,intersection_t0.70,0.014363885088902913,0.9999999998412699,0.007233895969678225,63,8709,63,1.0
case_0164,medformer_lcc_t0.75,0.4148031219850786,0.8778767631741727,0.2715581582268095,2694,8709,2365,1.0
case_0164,union_t0.75,0.4752425137068956,0.8954227590562766,0.32345849121561204,3146,8709,2817,1.0
case_0164,intersection_t0.75,0.009143902160236432,0.99999999975,0.0045929498220179206,40,8709,40,1.0
case_0164,fusion_w0.40_t0.35,0.35158341796662207,0.8972667294962429,0.218624411528053,2122,8709,1904,1.0
case_0164,fusion_w0.40_t0.40,0.07620941020534988,0.9999999999710145,0.03961419221490456,345,8709,345,1.0
case_0164,fusion_w0.40_t0.45,0.07620941020534988,0.9999999999710145,0.03961419221490456,345,8709,345,1.0
case_0164,fusion_w0.40_t0.50,0.07620941020534988,0.9999999999710145,0.03961419221490456,345,8709,345,1.0
case_0164,fusion_w0.40_t0.55,0.07620941020534988,0.9999999999710145,0.03961419221490456,345,8709,345,1.0
case_0164,fusion_w0.40_t0.60,0.07620941020534988,0.9999999999710145,0.03961419221490456,345,8709,345,1.0
case_0164,fusion_w0.40_t0.65,0.04621424565334131,0.9999999999514563,0.02365369158339229,206,8709,206,1.0
case_0164,fusion_w0.50_t0.35,0.5354293009890397,0.8775830499584683,0.38523366632175304,3823,8709,3355,1.0
case_0164,fusion_w0.50_t0.40,0.4137931034479109,0.8920152091220837,0.269376507061351,2630,8709,2346,1.0
case_0164,fusion_w0.50_t0.45,0.3208223311954726,0.8976253298105666,0.19531519118131205,1895,8709,1701,1.0
case_0164,fusion_w0.50_t0.50,0.07620941020534988,0.9999999999710145,0.03961419221490456,345,8709,345,1.0
case_0164,fusion_w0.50_t0.55,0.049059139784891286,0.9999999999543379,0.02514640027554811,219,8709,219,1.0
case_0164,fusion_w0.50_t0.60,0.03519458544835285,0.9999999999358974,0.017912504305869888,156,8709,156,1.0
case_0164,fusion_w0.50_t0.65,0.03519458544835285,0.9999999999358974,0.017912504305869888,156,8709,156,1.0
case_0164,fusion_w0.60_t0.35,0.6157390740869639,0.8254826254810319,0.49098633597371566,5180,8709,4276,1.0
case_0164,fusion_w0.60_t0.40,0.5562305295945823,0.864439602999602,0.4100355953606498,4131,8709,3571,1.0
case_0164,fusion_w0.60_t0.45,0.46030664395190773,0.8914549653550266,0.3102537604773105,3031,8709,2702,1.0
case_0164,fusion_w0.60_t0.50,0.3581241985708388,0.8850158442694205,0.22448042255112585,2209,8709,1955,1.0
case_0164,fusion_w0.60_t0.55,0.27595575392948185,0.8904195366256079,0.16327936617273706,1597,8709,1422,1.0
case_0164,fusion_w0.60_t0.60,0.03519458544835285,0.9999999999358974,0.017912504305869888,156,8709,156,1.0
case_0164,fusion_w0.60_t0.65,0.03519458544835285,0.9999999999358974,0.017912504305869888,156,8709,156,1.0
case_0164,fusion_w0.70_t0.35,0.6336290546155852,0.7992656058737555,0.5248593409110979,5719,8709,4571,1.0
case_0164,fusion_w0.70_t0.40,0.6062049062044688,0.8155697922717616,0.48237455505743204,5151,8709,4201,1.0
case_0164,fusion_w0.70_t0.45,0.549856888682177,0.8425794215247924,0.4080835916862922,4218,8709,3554,1.0
case_0164,fusion_w0.70_t0.50,0.49236609721837715,0.8752934272274786,0.3425192329769864,3408,8709,2983,1.0
case_0164,fusion_w0.70_t0.55,0.39600961966652176,0.8828435266049133,0.2552531863586459,2518,8709,2223,1.0
case_0164,fusion_w0.70_t0.60,0.323052404612053,0.8799795709863127,0.1978413135834219,1958,8709,1723,1.0
case_0164,fusion_w0.70_t0.65,0.2486176935226613,0.8872445384010765,0.14456309564801403,1419,8709,1259,1.0
case_0164,fusion_w0.80_t0.35,0.6425333243110883,0.7822075782524182,0.5451831438735272,6070,8709,4748,1.0
case_0164,fusion_w0.80_t0.40,0.624476695506123,0.7958385203613804,0.5138362613382548,5623,8709,4475,1.0
case_0164,fusion_w0.80_t0.45,0.6014722863736999,0.8095978239735582,0.47847054770871683,5147,8709,4167,1.0
case_0164,fusion_w0.80_t0.50,0.5530123248866623,0.8295819935672265,0.41474336892821817,4354,8709,3612,1.0
case_0164,fusion_w0.80_t0.55,0.51203359715675,0.8630547236567845,0.36399127339492016,3673,8709,3170,1.0
case_0164,fusion_w0.80_t0.60,0.43606160235297103,0.8845208845177799,0.28935583878712895,2849,8709,2520,1.0
case_0164,fusion_w0.80_t0.65,0.35235823086772583,0.877112836907825,0.22046159145686017,2189,8709,1920,1.0
case_0178,nnunet,0.0,0.0,0.0,136,9158,0,0.0
case_0178,medformer_lcc_t0.25,0.3697547337653146,0.24096465365877995,0.7942782266861822,30187,9158,7274,1.0
case_0178,union_t0.25,0.36966078007867625,0.2408848561114545,0.7942782266861822,30197,9158,7274,1.0
case_0178,intersection_t0.25,0.0,0.0,0.0,126,9158,0,0.0
case_0178,medformer_lcc_t0.30,0.3835638213319601,0.2532181334824915,0.7904564315344065,28588,9158,7239,1.0
case_0178,union_t0.30,0.38337084602134697,0.25304995280866466,0.7904564315344065,28607,9158,7239,1.0
case_0178,intersection_t0.30,0.0,0.0,0.0,117,9158,0,0.0
case_0178,medformer_lcc_t0.35,0.39701410008283194,0.2658077891306583,0.7840139768499846,27012,9158,7180,1.0
case_0178,union_t0.35,0.3966741250240611,0.2655030876750858,0.7840139768499846,27043,9158,7180,1.0
case_0178,intersection_t0.35,0.0,0.0,0.0,105,9158,0,0.0
case_0178,medformer_lcc_t0.40,0.4123137573191454,0.2806629834253036,0.7765887748408205,25340,9158,7112,1.0
case_0178,union_t0.40,0.41178854727566105,0.28017648912689874,0.7765887748408205,25384,9158,7112,1.0
case_0178,intersection_t0.40,0.0,0.0,0.0,92,9158,0,0.0
case_0178,medformer_lcc_t0.45,0.42519256909819514,0.29389902701787535,0.7685084079484947,23947,9158,7038,1.0
case_0178,union_t0.45,0.42442333785604575,0.2931644936892185,0.7685084079484947,24007,9158,7038,1.0
case_0178,intersection_t0.45,0.0,0.0,0.0,76,9158,0,0.0
case_0178,medformer_lcc_t0.50,0.4354424029596678,0.30541871921168834,0.7582441581122971,22736,9158,6944,1.0
case_0178,union_t0.50,0.43446161546629714,0.3044545773411503,0.7582441581122971,22808,9158,6944,1.0
case_0178,intersection_t0.50,0.0,0.0,0.0,64,9158,0,0.0
case_0178,medformer_lcc_t0.55,0.4458843448813344,0.3176672543377945,0.7476523258345188,21554,9158,6847,1.0
case_0178,union_t0.55,0.4447403462049155,0.31650718809212014,0.7476523258345188,21633,9158,6847,1.0
case_0178,intersection_t0.55,0.0,0.0,0.0,57,9158,0,0.0
case_0178,medformer_lcc_t0.60,0.457436316022019,0.33218078537894186,0.7343306398769006,20245,9158,6725,1.0
case_0178,union_t0.60,0.45607134379964864,0.3307431269363445,0.7343306398769006,20333,9158,6725,1.0
case_0178,intersection_t0.60,0.0,0.0,0.0,47,9158,0,0.0
case_0178,medformer_lcc_t0.65,0.46886291179579564,0.34700083892599254,0.7226468661271864,19072,9158,6618,1.0
case_0178,union_t0.65,0.46707601100978646,0.34504692387886077,0.7226468661271864,19180,9158,6618,1.0
case_0178,intersection_t0.65,0.0,0.0,0.0,28,9158,0,0.0
case_0178,medformer_lcc_t0.70,0.47657464288339996,0.36044558889366296,0.7031011137795335,17864,9158,6439,1.0
case_0178,union_t0.70,0.47446761476660726,0.35804048042684716,0.7031011137795335,17984,9158,6439,1.0
case_0178,intersection_t0.70,0.0,0.0,0.0,16,9158,0,0.0
case_0178,medformer_lcc_t0.75,0.4863983856569962,0.3772801155858303,0.6843197204622359,16611,9158,6267,1.0
case_0178,union_t0.75,0.48403166634466727,0.37443986377464633,0.6843197204622359,16737,9158,6267,1.0
case_0178,intersection_t0.75,0.0,0.0,0.0,10,9158,0,0.0
case_0178,fusion_w0.40_t0.35,0.5157430730476269,0.43850390087162416,0.6260100458608582,13074,9158,5733,1.0
case_0178,fusion_w0.40_t0.40,0.0,0.0,0.0,136,9158,0,0.0
case_0178,fusion_w0.40_t0.45,0.0,0.0,0.0,136,9158,0,0.0
case_0178,fusion_w0.40_t0.50,0.0,0.0,0.0,136,9158,0,0.0
case_0178,fusion_w0.40_t0.55,0.0,0.0,0.0,136,9158,0,0.0
case_0178,fusion_w0.40_t0.60,0.0,0.0,0.0,136,9158,0,0.0
case_0178,fusion_w0.40_t0.65,0.0,0.0,0.0,136,9158,0,0.0
case_0178,fusion_w0.50_t0.35,0.47446761476660726,0.35804048042684716,0.7031011137795335,17984,9158,6439,1.0
case_0178,fusion_w0.50_t0.40,0.4923847614428585,0.3907662712405317,0.6654291329977446,15595,9158,6094,1.0
case_0178,fusion_w0.50_t0.45,0.5171191342473564,0.4513843648204793,0.6052631578940759,12280,9158,5543,1.0
case_0178,fusion_w0.50_t0.50,0.0,0.0,0.0,136,9158,0,0.0
case_0178,fusion_w0.50_t0.55,0.0,0.0,0.0,136,9158,0,0.0
case_0178,fusion_w0.50_t0.60,0.0,0.0,0.0,132,9158,0,0.0
case_0178,fusion_w0.50_t0.65,0.0,0.0,0.0,117,9158,0,0.0
case_0178,fusion_w0.60_t0.35,0.4523833416957844,0.3260838115444249,0.7383708233230635,20737,9158,6762,1.0
case_0178,fusion_w0.60_t0.40,0.4691101725247086,0.3489350372735096,0.715549246559603,18780,9158,6553,1.0
case_0178,fusion_w0.60_t0.45,0.48403166634466727,0.37443986377464633,0.6843197204622359,16737,9158,6267,1.0
case_0178,fusion_w0.60_t0.50,0.5043618192595476,0.411939679025725,0.6502511465378354,14456,9158,5955,1.0
case_0178,fusion_w0.60_t0.55,0.5161880021164592,0.4613466334160621,0.5858265996936166,11629,9158,5365,1.0
case_0178,fusion_w0.60_t0.60,0.0,0.0,0.0,112,9158,0,0.0
case_0178,fusion_w0.60_t0.65,0.0,0.0,0.0,87,9158,0,0.0
case_0178,fusion_w0.70_t0.35,0.43446161546629714,0.3044545773411503,0.7582441581122971,22808,9158,6944,1.0
case_0178,fusion_w0.70_t0.40,0.4497205780230648,0.3225347436321574,0.74252020091642,21083,9158,6800,1.0
case_0178,fusion_w0.70_t0.45,0.46571398476160747,0.34321792682277946,0.7241755841878966,19323,9158,6632,1.0
case_0178,fusion_w0.70_t0.50,0.47702521259119907,0.3622408519313684,0.6982965713030156,17654,9158,6395,1.0
case_0178,fusion_w0.70_t0.55,0.4900287172939973,0.38601231619933013,0.6707796462102306,15914,9158,6143,1.0
case_0178,fusion_w0.70_t0.60,0.5151568714094056,0.4326751781469472,0.636492683991443,13472,9158,5829,1.0
case_0178,fusion_w0.70_t0.65,0.5171212422852294,0.47512346808078,0.5672635946707062,10934,9158,5195,1.0
case_0178,fusion_w0.80_t0.35,0.42190535975834104,0.29047129038884933,0.7705830967451729,24295,9158,7057,1.0
case_0178,fusion_w0.80_t0.40,0.4345975716608979,0.3045881217649335,0.7582441581122971,22798,9158,6944,1.0
case_0178,fusion_w0.80_t0.45,0.44747809536296146,0.31986863710986635,0.7444856955659046,21315,9158,6818,1.0
case_0178,fusion_w0.80_t0.50,0.4623968947111449,0.33869821283492146,0.7284341559284467,19696,9158,6671,1.0
case_0178,fusion_w0.80_t0.55,0.4727418883365709,0.3552443712244068,0.7063769381953413,18210,9158,6469,1.0
case_0178,fusion_w0.80_t0.60,0.4853812492737151,0.37605760576035036,0.6843197204622359,16665,9158,6267,1.0
case_0178,fusion_w0.80_t0.65,0.4961596911321739,0.39765619856448897,0.6595326490492907,15189,9158,6040,1.0
case_0179,nnunet,0.6392475101426793,0.9768883878186196,0.4750548245601013,1774,3648,1733,1.0
case_0179,medformer_lcc_t0.25,0.8265562248985611,0.762268518516754,0.9026864035062975,4320,3648,3293,1.0
case_0179,union_t0.25,0.8368688748283875,0.764332653521948,0.9246162280676409,4413,3648,3373,1.0
case_0179,intersection_t0.25,0.6203790579834484,0.9833432480607773,0.4531249999987579,1681,3648,1653,1.0
case_0179,medformer_lcc_t0.30,0.8330134356995099,0.7811375089974055,0.8922697368396594,4167,3648,3255,1.0
case_0179,union_t0.30,0.845386848414937,0.7833918128636645,0.9180372806992378,4275,3648,3349,1.0
case_0179,intersection_t0.30,0.6168611215645148,0.9837935174010577,0.4492872807005228,1666,3648,1639,1.0
case_0179,medformer_lcc_t0.35,0.8398279681990879,0.8004968944079491,0.8832236842081053,4025,3648,3222,1.0
case_0179,union_t0.35,0.8542842483313824,0.8027965284455092,0.9128289473659188,4148,3648,3330,1.0
case_0179,intersection_t0.35,0.6133232685400768,0.9842519684979755,0.4454495614022877,1651,3648,1625,1.0
case_0179,medformer_lcc_t0.40,0.8406644518261254,0.8158369873592576,0.8670504385941145,3877,3648,3163,1.0
case_0179,union_t0.40,0.8586701434147866,0.8187468920914501,0.9026864035062975,4022,3648,3293,1.0
case_0179,intersection_t0.40,0.6075421641072436,0.9840392879006505,0.43941885964791827,1629,3648,1603,1.0
case_0179,medformer_lcc_t0.45,0.8389107167039169,0.8293597642624448,0.8486842105239893,3733,3648,3096,1.0
case_0179,union_t0.45,0.8609271523167406,0.8329062019455846,0.8908991228045754,3902,3648,3250,1.0
case_0179,intersection_t0.45,0.6011802779352728,0.9838006230468299,0.43283991227951524,1605,3648,1579,1.0
case_0179,medformer_lcc_t0.50,0.8358498406969999,0.844861383363638,0.8270285087696628,3571,3648,3017,1.0
case_0179,union_t0.50,0.8654829163292097,0.8497094558878772,0.8818530701730213,3786,3648,3217,1.0
case_0179,intersection_t0.50,0.5888227386199562,0.9833226427133848,0.4202302631567428,1559,3648,1533,1.0
case_0179,medformer_lcc_t0.55,0.8305084745750981,0.8566433566408607,0.8059210526293697,3432,3648,2940,1.0
case_0179,union_t0.55,0.8658752899428764,0.8619940233608748,0.8697916666642824,3681,3648,3173,1.0
case_0179,intersection_t0.55,0.5799342741144792,0.9836065573705993,0.41118421052518866,1525,3648,1500,1.0
case_0179,medformer_lcc_t0.60,0.8242599277966437,0.8709185230367076,0.7823464912259256,3277,3648,2854,1.0
case_0179,union_t0.60,0.8674331624866777,0.8767852142232518,0.8582785087695771,3571,3648,3131,1.0
case_0179,intersection_t0.60,0.5678627145074729,0.9837837837771367,0.3991228070164498,1480,3648,1456,1.0
case_0179,medformer_lcc_t0.65,0.8144957671159744,0.8888168557507656,0.7516447368400448,3085,3648,2742,1.0
case_0179,union_t0.65,0.86751412429256,0.8948135198109126,0.8418311403485695,3432,3648,3071,1.0
case_0179,intersection_t0.65,0.5533004926097472,0.9838822704906526,0.3848684210515766,1427,3648,1404,1.0
case_0179,medformer_lcc_t0.70,0.7780881440087243,0.8966380543601694,0.6872258771910986,2796,3648,2507,1.0
case_0179,union_t0.70,0.8515454941215331,0.9047178538362483,0.804276315787269,3243,3648,2934,1.0
case_0179,intersection_t0.70,0.5250251256270854,0.9841748304371954,0.3580043859639309,1327,3648,1306,1.0
case_0179,medformer_lcc_t0.75,0.7631870742899364,0.903939962473156,0.660361842103453,2665,3648,2409,1.0
case_0179,union_t0.75,0.8501098901086446,0.9131255901765404,0.7952302631557149,3177,3648,2901,1.0
case_0179,intersection_t0.75,0.5054989816690316,0.9833597464264394,0.3401864035078394,1262,3648,1241,1.0
case_0179,fusion_w0.40_t0.35,0.842880769807784,0.9333999333968253,0.7683662280680692,3003,3648,2803,1.0
case_0179,fusion_w0.40_t0.40,0.6392475101426793,0.9768883878186196,0.4750548245601013,1774,3648,1733,1.0
case_0179,fusion_w0.40_t0.45,0.6392475101426793,0.9768883878186196,0.4750548245601013,1774,3648,1733,1.0
case_0179,fusion_w0.40_t0.50,0.6392475101426793,0.9768883878186196,0.4750548245601013,1774,3648,1733,1.0
case_0179,fusion_w0.40_t0.55,0.6392475101426793,0.9768883878186196,0.4750548245601013,1774,3648,1733,1.0
case_0179,fusion_w0.40_t0.60,0.6392475101426793,0.9768883878186196,0.4750548245601013,1774,3648,1733,1.0
case_0179,fusion_w0.40_t0.65,0.6292846497752808,0.9819767441803374,0.46299342105136243,1720,3648,1689,1.0
case_0179,fusion_w0.50_t0.35,0.8515454941215331,0.9047178538362483,0.804276315787269,3243,3648,2934,1.0
case_0179,fusion_w0.50_t0.40,0.8482605477411573,0.9221113614389376,0.7853618421031103,3107,3648,2865,1.0
case_0179,fusion_w0.50_t0.45,0.8405928614627335,0.9375843454759191,0.7617872806996662,2964,3648,2779,1.0
case_0179,fusion_w0.50_t0.50,0.6392475101426793,0.9768883878186196,0.4750548245601013,1774,3648,1733,1.0
case_0179,fusion_w0.50_t0.55,0.6296778998312611,0.9814277423042286,0.463541666665396,1723,3648,1691,1.0
case_0179,fusion_w0.50_t0.60,0.6228464419463992,0.9828605200887538,0.4558662280689258,1692,3648,1663,1.0
case_0179,fusion_w0.50_t0.65,0.6168611215645148,0.9837935174010577,0.4492872807005228,1666,3648,1639,1.0
case_0179,fusion_w0.60_t0.35,0.8665563826842204,0.8716028840796683,0.8615679824537786,3606,3648,3143,1.0
case_0179,fusion_w0.60_t0.40,0.854920040338777,0.9010021257184908,0.8133223684188231,3293,3648,2967,1.0
case_0179,fusion_w0.60_t0.45,0.8441558441545983,0.9143222506364632,0.7839912280680263,3128,3648,2860,1.0
case_0179,fusion_w0.60_t0.50,0.8371183636624498,0.9273575474810818,0.7628837719277334,3001,3648,2783,1.0
case_0179,fusion_w0.60_t0.55,0.8248727048282288,0.9435227673810678,0.7327302631558862,2833,3648,2673,1.0
case_0179,fusion_w0.60_t0.60,0.6147757255925089,0.9837153196563105,0.44709429824438846,1658,3648,1631,1.0
case_0179,fusion_w0.60_t0.65,0.6059571238842612,0.9839802834196921,0.4377741228058175,1623,3648,1597,1.0
case_0179,fusion_w0.70_t0.35,0.8605060208349878,0.8495858936659109,0.8717105263134,3743,3648,3180,1.0
case_0179,fusion_w0.70_t0.40,0.8606614086054232,0.8689578094415509,0.8525219298222245,3579,3648,3110,1.0
case_0179,fusion_w0.70_t0.45,0.8576720330519195,0.892910115690024,0.8251096491205452,3371,3648,3010,1.0
case_0179,fusion_w0.70_t0.50,0.8378418329625457,0.9092075713798229,0.7768640350855898,3117,3648,2834,1.0
case_0179,fusion_w0.70_t0.55,0.831528279180458,0.9213333333302622,0.7576754385944143,3000,3648,2764,1.0
case_0179,fusion_w0.70_t0.60,0.822123487052517,0.9319208058321226,0.7354714912260542,2879,3648,2683,1.0
case_0179,fusion_w0.70_t0.65,0.7999999999987372,0.943059173796267,0.694627192980552,2687,3648,2534,1.0
case_0179,fusion_w0.80_t0.35,0.85135315291181,0.8287049052664711,0.8752741228046182,3853,3648,3193,1.0
case_0179,fusion_w0.80_t0.40,0.8546519547733896,0.8494448957464137,0.8599232456116779,3693,3648,3137,1.0
case_0179,fusion_w0.80_t0.45,0.8530924252941583,0.8652382294872702,0.841282894734536,3547,3648,3069,1.0
case_0179,fusion_w0.80_t0.50,0.8523002421295367,0.8870441743228964,0.8201754385942429,3373,3648,2992,1.0
case_0179,fusion_w0.80_t0.55,0.8286308286295981,0.9040829552789887,0.7648026315768509,3086,3648,2790,1.0
case_0179,fusion_w0.80_t0.60,0.8172465960653295,0.9118838622521543,0.7404057017523563,2962,3648,2701,1.0
case_0179,fusion_w0.80_t0.65,0.8069093152362633,0.9224259520418815,0.717105263155929,2836,3648,2616,1.0
case_0191,nnunet,0.7831336666344842,0.688163129972334,0.9085138980063285,6032,4569,4151,1.0
case_0191,medformer_lcc_t0.25,0.6088115710187236,0.4377036611074969,0.9995622674523975,10434,4569,4567,1.0
case_0191,union_t0.25,0.5985583224111412,0.4271817416514571,0.9995622674523975,10691,4569,4567,1.0
case_0191,intersection_t0.25,0.8025908739358056,0.7187878787866342,0.9085138980063285,5775,4569,4151,1.0
case_0191,medformer_lcc_t0.30,0.6378779395292288,0.46887539870308786,0.9973736047253285,9719,4569,4557,1.0
case_0191,union_t0.30,0.6251028806580075,0.455199280790675,0.9973736047253285,10011,4569,4557,1.0
case_0191,intersection_t0.30,0.8053157435242939,0.7231707317060572,0.9085138980063285,5740,4569,4151,1.0
case_0191,medformer_lcc_t0.35,0.662550532891832,0.49878264718846965,0.9864302910899838,9036,4569,4507,1.0
case_0191,union_t0.35,0.647388059701028,0.48158428525623825,0.9873057561808114,9367,4569,4511,1.0
case_0191,intersection_t0.35,0.8075949367080744,0.7274162427631513,0.907638432915501,5701,4569,4147,1.0
case_0191,medformer_lcc_t0.40,0.6879557841401028,0.5297942776063729,0.9807397679996045,8458,4569,4481,1.0
case_0191,union_t0.40,0.6694984723148748,0.507570621468353,0.9831472969993803,8850,4569,4492,1.0
case_0191,intersection_t0.40,0.8110490743453707,0.7340425531901879,0.9061063690065526,5640,4569,4140,1.0
case_0191,medformer_lcc_t0.45,0.7161529772464772,0.567156549520042,0.9713285182732079,7825,4569,4438,1.0
case_0191,union_t0.45,0.6919732960715013,0.5361482016112881,0.975486977454639,8313,4569,4457,1.0
case_0191,intersection_t0.45,0.8171660239287875,0.745310245308901,0.9043554388248974,5544,4569,4132,1.0
case_0191,medformer_lcc_t0.50,0.7462814156259648,0.6122878384056498,0.9553512803656045,7129,4569,4365,1.0
case_0191,union_t0.50,0.7140887338788919,0.5672680412363824,0.9634493324557596,7760,4569,4402,1.0
case_0191,intersection_t0.50,0.8252758274816195,0.761710794295942,0.9004158459161733,5401,4569,4114,1.0
case_0191,medformer_lcc_t0.55,0.7702702702695854,0.6486000898328363,0.9481286933662768,6679,4569,4332,1.0
case_0191,union_t0.55,0.7305837352397051,0.5891109025069209,0.9614795360013976,7457,4569,4393,1.0
case_0191,intersection_t0.55,0.8327394889536467,0.7784545108473955,0.8951630553712078,5254,4569,4090,1.0
case_0191,medformer_lcc_t0.60,0.7902285555651056,0.684514267392298,0.9345589844584492,6238,4569,4270,1.0
case_0191,union_t0.60,0.7446971633011801,0.6096234309614929,0.9566644780018458,7170,4569,4371,1.0
case_0191,intersection_t0.60,0.8377288240760805,0.7941176470572665,0.8864084044629319,5100,4569,4050,1.0
case_0191,medformer_lcc_t0.65,0.8064952638693151,0.7221741388251304,0.9131100897331733,5777,4569,4172,1.0
case_0191,union_t0.65,0.7576310983557198,0.6285714285705215,0.9533814839112423,6930,4569,4356,1.0
case_0191,intersection_t0.65,0.8397544453843778,0.8130764500905655,0.8682425038282595,4879,4569,3967,1.0
case_0191,medformer_lcc_t0.70,0.8090253074491218,0.7552182163173525,0.8710877653734491,5270,4569,3980,1.0
case_0191,union_t0.70,0.7691081392252509,0.6459387087166827,0.9503173560933458,6722,4569,4342,1.0
case_0191,intersection_t0.70,0.828287244506691,0.8272925764174077,0.8292843072864319,4580,4569,3789,1.0
case_0191,medformer_lcc_t0.75,0.797644539613707,0.7807587507843623,0.8152768658331905,4771,4569,3725,1.0
case_0191,union_t0.75,0.7762565303541917,0.6595744680840968,0.9430947690940182,6533,4569,4309,1.0
case_0191,intersection_t0.75,0.8071048761162947,0.8353629976561233,0.7806959947455008,4270,4569,3567,1.0
case_0191,fusion_w0.40_t0.35,0.7857541379944338,0.6831042845583135,0.9247100021866389,6185,4569,4225,1.0
case_0191,fusion_w0.40_t0.40,0.7831336666344842,0.688163129972334,0.9085138980063285,6032,4569,4151,1.0
case_0191,fusion_w0.40_t0.45,0.7831336666344842,0.688163129972334,0.9085138980063285,6032,4569,4151,1.0
case_0191,fusion_w0.40_t0.50,0.7831336666344842,0.688163129972334,0.9085138980063285,6032,4569,4151,1.0
case_0191,fusion_w0.40_t0.55,0.7831336666344842,0.688163129972334,0.9085138980063285,6032,4569,4151,1.0
case_0191,fusion_w0.40_t0.60,0.7831336666344842,0.688163129972334,0.9085138980063285,6032,4569,4151,1.0
case_0191,fusion_w0.40_t0.65,0.7942217545194735,0.7054724677078426,0.9085138980063285,5884,4569,4151,1.0
case_0191,fusion_w0.50_t0.35,0.7691081392252509,0.6459387087166827,0.9503173560933458,6722,4569,4342,1.0
case_0191,fusion_w0.50_t0.40,0.7804922515945483,0.6688017497255604,0.9369665134582251,6401,4569,4281,1.0
case_0191,fusion_w0.50_t0.45,0.7866828766475388,0.6868060091432286,0.9205515430052078,6124,4569,4206,1.0
case_0191,fusion_w0.50_t0.50,0.7831336666344842,0.688163129972334,0.9085138980063285,6032,4569,4151,1.0
case_0191,fusion_w0.50_t0.55,0.7927050510829822,0.7030826558253674,0.9085138980063285,5904,4569,4151,1.0
case_0191,fusion_w0.50_t0.60,0.7989606390137628,0.7129852284426091,0.9085138980063285,5822,4569,4151,1.0
case_0191,fusion_w0.50_t0.65,0.8053157435242939,0.7231707317060572,0.9085138980063285,5740,4569,4151,1.0
case_0191,fusion_w0.60_t0.35,0.7397329727896402,0.6024776324836855,0.9579776756380872,7265,4569,4377,1.0
case_0191,fusion_w0.60_t0.40,0.760381152197954,0.6330422125172736,0.9518494200022941,6870,4569,4349,1.0
case_0191,fusion_w0.60_t0.45,0.7844529401048749,0.6714975845400164,0.9430947690940182,6417,4569,4309,1.0
case_0191,fusion_w0.60_t0.50,0.7966292134824001,0.6961217476670003,0.9310571240951389,6111,4569,4254,1.0
case_0191,fusion_w0.60_t0.55,0.8058812223709342,0.7183484666768574,0.9177062814600182,5837,4569,4193,1.0
case_0191,fusion_w0.60_t0.60,0.8068844807460065,0.7259842519672336,0.9080761654609147,5715,4569,4149,1.0
case_0191,fusion_w0.60_t0.65,0.8134460389219447,0.7382694023180406,0.9056686364611388,5605,4569,4138,1.0
case_0191,fusion_w0.70_t0.35,0.7198691741613084,0.5745986163678702,0.9634493324557596,7661,4569,4402,1.0
case_0191,fusion_w0.70_t0.40,0.7468030690530717,0.6116464180971769,0.9586342744562079,7161,4569,4380,1.0
case_0191,fusion_w0.70_t0.45,0.7709457666099522,0.6470151470141862,0.9536003501839493,6734,4569,4357,1.0
case_0191,fusion_w0.70_t0.50,0.7919634703189113,0.6795173170338826,0.9490041584571044,6381,4569,4336,1.0
case_0191,fusion_w0.70_t0.55,0.8034508627149254,0.7028712059053276,0.9376231122763458,6095,4569,4284,1.0
case_0191,fusion_w0.70_t0.60,0.8160386473422067,0.7304964538994456,0.9242722696412251,5781,4569,4223,1.0
case_0191,fusion_w0.70_t0.65,0.8278753993601957,0.76115292821597,0.907419566642794,5447,4569,4146,1.0
case_0191,fusion_w0.80_t0.35,0.6972892742749025,0.542152575315182,0.9768001750908804,8232,4569,4463,1.0
case_0191,fusion_w0.80_t0.40,0.7292909211392236,0.5866986538710027,0.9634493324557596,7503,4569,4402,1.0
case_0191,fusion_w0.80_t0.45,0.7534140685383892,0.6200169635275374,0.9599474720924492,7074,4569,4386,1.0
case_0191,fusion_w0.80_t0.50,0.774411372722546,0.6518097517190371,0.9538192164566561,6686,4569,4358,1.0
case_0191,fusion_w0.80_t0.55,0.7952958471143005,0.685352335707545,0.9472532282754492,6315,4569,4328,1.0
case_0191,fusion_w0.80_t0.60,0.8159679113734924,0.723822433072308,0.934996717003863,5902,4569,4272,1.0
case_0191,fusion_w0.80_t0.65,0.8314384577352135,0.7582041110696751,0.920332676732501,5546,4569,4205,1.0
case_0194,nnunet,0.13495038588724378,0.7630922693076535,0.07402031930315912,401,4134,306,1.0
case_0194,medformer_lcc_t0.25,0.010746268656695033,0.0303030303026902,0.006531204644396393,891,4134,27,1.0
case_0194,union_t0.25,0.12290090422564513,0.2591439688695787,0.08055152394755552,1285,4134,333,1.0
case_0194,intersection_t0.25,0.0,0.0,0.0,194,4134,0,0.0
case_0194,medformer_lcc_t0.30,0.00534869368441607,0.01788170563936889,0.003144654088042708,727,4134,13,1.0
case_0194,union_t0.30,0.12101669195728183,0.28031634446150866,0.07716497339120183,1138,4134,319,1.0
case_0194,intersection_t0.30,0.0,0.0,0.0,189,4134,0,0.0
case_0194,medformer_lcc_t0.35,0.0,0.0,0.0,535,4134,0,0.0
case_0194,union_t0.35,0.0,0.0,0.0,595,4134,0,0.0
case_0194,intersection_t0.35,0.0,0.0,0.0,183,4134,0,0.0
case_0194,medformer_lcc_t0.40,0.0,0.0,0.0,470,4134,0,0.0
case_0194,union_t0.40,0.0,0.0,0.0,535,4134,0,0.0
case_0194,intersection_t0.40,0.0,0.0,0.0,178,4134,0,0.0
case_0194,medformer_lcc_t0.45,0.0,0.0,0.0,427,4134,0,0.0
case_0194,union_t0.45,0.0,0.0,0.0,501,4134,0,0.0
case_0194,intersection_t0.45,0.0,0.0,0.0,169,4134,0,0.0
case_0194,medformer_lcc_t0.50,0.0,0.0,0.0,390,4134,0,0.0
case_0194,union_t0.50,0.0,0.0,0.0,471,4134,0,0.0
case_0194,intersection_t0.50,0.0,0.0,0.0,162,4134,0,0.0
case_0194,medformer_lcc_t0.55,0.0,0.0,0.0,353,4134,0,0.0
case_0194,union_t0.55,0.0,0.0,0.0,444,4134,0,0.0
case_0194,intersection_t0.55,0.0,0.0,0.0,152,4134,0,0.0
case_0194,medformer_lcc_t0.60,0.0,0.0,0.0,311,4134,0,0.0
case_0194,union_t0.60,0.0,0.0,0.0,412,4134,0,0.0
case_0194,intersection_t0.60,0.0,0.0,0.0,142,4134,0,0.0
case_0194,medformer_lcc_t0.65,0.0,0.0,0.0,285,4134,0,0.0
case_0194,union_t0.65,0.13495038588724378,0.7630922693076535,0.07402031930315912,401,4134,306,1.0
case_0194,intersection_t0.65,0.0,0.0,0.0,135,4134,0,0.0
case_0194,medformer_lcc_t0.70,0.0,0.0,0.0,235,4134,0,0.0
case_0194,union_t0.70,0.13495038588724378,0.7630922693076535,0.07402031930315912,401,4134,306,1.0
case_0194,intersection_t0.70,0.0,0.0,0.0,122,4134,0,0.0
case_0194,medformer_lcc_t0.75,0.0,0.0,0.0,190,4134,0,0.0
case_0194,union_t0.75,0.13495038588724378,0.7630922693076535,0.07402031930315912,401,4134,306,1.0
case_0194,intersection_t0.75,0.0,0.0,0.0,97,4134,0,0.0
case_0194,fusion_w0.40_t0.35,0.13495038588724378,0.7630922693076535,0.07402031930315912,401,4134,306,1.0
case_0194,fusion_w0.40_t0.40,0.13495038588724378,0.7630922693076535,0.07402031930315912,401,4134,306,1.0
case_0194,fusion_w0.40_t0.45,0.13495038588724378,0.7630922693076535,0.07402031930315912,401,4134,306,1.0
case_0194,fusion_w0.40_t0.50,0.13495038588724378,0.7630922693076535,0.07402031930315912,401,4134,306,1.0
case_0194,fusion_w0.40_t0.55,0.13495038588724378,0.7630922693076535,0.07402031930315912,401,4134,306,1.0
case_0194,fusion_w0.40_t0.60,0.13495038588724378,0.7630922693076535,0.07402031930315912,401,4134,306,1.0
case_0194,fusion_w0.40_t0.65,0.0,0.0,0.0,219,4134,0,0.0
case_0194,fusion_w0.50_t0.35,0.13495038588724378,0.7630922693076535,0.07402031930315912,401,4134,306,1.0
case_0194,fusion_w0.50_t0.40,0.13495038588724378,0.7630922693076535,0.07402031930315912,401,4134,306,1.0
case_0194,fusion_w0.50_t0.45,0.13495038588724378,0.7630922693076535,0.07402031930315912,401,4134,306,1.0
case_0194,fusion_w0.50_t0.50,0.13495038588724378,0.7630922693076535,0.07402031930315912,401,4134,306,1.0
case_0194,fusion_w0.50_t0.55,0.0,0.0,0.0,222,4134,0,0.0
case_0194,fusion_w0.50_t0.60,0.0,0.0,0.0,201,4134,0,0.0
case_0194,fusion_w0.50_t0.65,0.0,0.0,0.0,189,4134,0,0.0
case_0194,fusion_w0.60_t0.35,0.0,0.0,0.0,423,4134,0,0.0
case_0194,fusion_w0.60_t0.40,0.13495038588724378,0.7630922693076535,0.07402031930315912,401,4134,306,1.0
case_0194,fusion_w0.60_t0.45,0.0,0.0,0.0,318,4134,0,0.0
case_0194,fusion_w0.60_t0.50,0.0,0.0,0.0,237,4134,0,0.0
case_0194,fusion_w0.60_t0.55,0.0,0.0,0.0,194,4134,0,0.0
case_0194,fusion_w0.60_t0.60,0.0,0.0,0.0,186,4134,0,0.0
case_0194,fusion_w0.60_t0.65,0.0,0.0,0.0,174,4134,0,0.0
case_0194,fusion_w0.70_t0.35,0.0,0.0,0.0,454,4134,0,0.0
case_0194,fusion_w0.70_t0.40,0.0,0.0,0.0,403,4134,0,0.0
case_0194,fusion_w0.70_t0.45,0.0,0.0,0.0,347,4134,0,0.0
case_0194,fusion_w0.70_t0.50,0.0,0.0,0.0,299,4134,0,0.0
case_0194,fusion_w0.70_t0.55,0.0,0.0,0.0,254,4134,0,0.0
case_0194,fusion_w0.70_t0.60,0.0,0.0,0.0,188,4134,0,0.0
case_0194,fusion_w0.70_t0.65,0.0,0.0,0.0,162,4134,0,0.0
case_0194,fusion_w0.80_t0.35,0.0,0.0,0.0,469,4134,0,0.0
case_0194,fusion_w0.80_t0.40,0.0,0.0,0.0,422,4134,0,0.0
case_0194,fusion_w0.80_t0.45,0.0,0.0,0.0,379,4134,0,0.0
case_0194,fusion_w0.80_t0.50,0.0,0.0,0.0,338,4134,0,0.0
case_0194,fusion_w0.80_t0.55,0.0,0.0,0.0,293,4134,0,0.0
case_0194,fusion_w0.80_t0.60,0.0,0.0,0.0,255,4134,0,0.0
case_0194,fusion_w0.80_t0.65,0.0,0.0,0.0,193,4134,0,0.0
case_0198,nnunet,0.0,0.0,0.0,0,1110,0,0.0
case_0198,medformer_lcc_t0.25,0.7341365461817907,0.6623188405749107,0.8234234234160053,1380,1110,914,1.0
case_0198,union_t0.25,0.7341365461817907,0.6623188405749107,0.8234234234160053,1380,1110,914,1.0
case_0198,intersection_t0.25,0.0,0.0,0.0,0,1110,0,0.0
case_0198,medformer_lcc_t0.30,0.752624947497889,0.7049567269810783,0.8072072071999351,1271,1110,896,1.0
case_0198,union_t0.30,0.752624947497889,0.7049567269810783,0.8072072071999351,1271,1110,896,1.0
case_0198,intersection_t0.30,0.0,0.0,0.0,0,1110,0,0.0
case_0198,medformer_lcc_t0.35,0.7563318777259549,0.7338983050785264,0.7801801801731516,1180,1110,866,1.0
case_0198,union_t0.35,0.7563318777259549,0.7338983050785264,0.7801801801731516,1180,1110,866,1.0
case_0198,intersection_t0.35,0.0,0.0,0.0,0,1110,0,0.0
case_0198,medformer_lcc_t0.40,0.7727272727236887,0.7963671128030941,0.7504504504436897,1046,1110,833,1.0
case_0198,union_t0.40,0.7727272727236887,0.7963671128030941,0.7504504504436897,1046,1110,833,1.0
case_0198,intersection_t0.40,0.0,0.0,0.0,0,1110,0,0.0
case_0198,medformer_lcc_t0.45,0.7551707551671228,0.8101135190834869,0.7072072072008361,969,1110,785,1.0
case_0198,union_t0.45,0.7551707551671228,0.8101135190834869,0.7072072072008361,969,1110,785,1.0
case_0198,intersection_t0.45,0.0,0.0,0.0,0,1110,0,0.0
case_0198,medformer_lcc_t0.50,0.7358961557626765,0.8253079507186416,0.6639639639579824,893,1110,737,1.0
case_0198,union_t0.50,0.7358961557626765,0.8253079507186416,0.6639639639579824,893,1110,737,1.0
case_0198,intersection_t0.50,0.0,0.0,0.0,0,1110,0,0.0
case_0198,medformer_lcc_t0.55,0.7314578005077675,0.8461538461438325,0.6441441441383411,845,1110,715,1.0
case_0198,union_t0.55,0.7314578005077675,0.8461538461438325,0.6441441441383411,845,1110,715,1.0
case_0198,intersection_t0.55,0.0,0.0,0.0,0,1110,0,0.0
case_0198,medformer_lcc_t0.60,0.7308693388821923,0.8655980271163305,0.6324324324267349,811,1110,702,1.0
case_0198,union_t0.60,0.7308693388821923,0.8655980271163305,0.6324324324267349,811,1110,702,1.0
case_0198,intersection_t0.60,0.0,0.0,0.0,0,1110,0,0.0
case_0198,medformer_lcc_t0.65,0.7290116896879436,0.8886010362579196,0.6180180180124504,772,1110,686,1.0
case_0198,union_t0.65,0.7290116896879436,0.8886010362579196,0.6180180180124504,772,1110,686,1.0
case_0198,intersection_t0.65,0.0,0.0,0.0,0,1110,0,0.0
case_0198,medformer_lcc_t0.70,0.724716062732695,0.90663058185512,0.6036036035981658,739,1110,670,1.0
case_0198,union_t0.70,0.724716062732695,0.90663058185512,0.6036036035981658,739,1110,670,1.0
case_0198,intersection_t0.70,0.0,0.0,0.0,0,1110,0,0.0
case_0198,medformer_lcc_t0.75,0.7161862527676487,0.9308357348569044,0.581981981976739,694,1110,646,1.0
case_0198,union_t0.75,0.7161862527676487,0.9308357348569044,0.581981981976739,694,1110,646,1.0
case_0198,intersection_t0.75,0.0,0.0,0.0,0,1110,0,0.0
case_0198,fusion_w0.40_t0.35,0.6530366806936078,0.9819168173420991,0.4891891891847821,553,1110,543,1.0
case_0198,fusion_w0.40_t0.40,0.0,0.0,0.0,0,1110,0,0.0
case_0198,fusion_w0.40_t0.45,0.0,0.0,0.0,0,1110,0,0.0
case_0198,fusion_w0.40_t0.50,0.0,0.0,0.0,0,1110,0,0.0
case_0198,fusion_w0.40_t0.55,0.0,0.0,0.0,0,1110,0,0.0
case_0198,fusion_w0.40_t0.60,0.0,0.0,0.0,0,1110,0,0.0
case_0198,fusion_w0.40_t0.65,0.0,0.0,0.0,0,1110,0,0.0
case_0198,fusion_w0.50_t0.35,0.724716062732695,0.90663058185512,0.6036036035981658,739,1110,670,1.0
case_0198,fusion_w0.50_t0.40,0.6966932725159825,0.948757763960423,0.5504504504454915,644,1110,611,1.0
case_0198,fusion_w0.50_t0.45,0.6268472906365342,0.99027237352159,0.45855855855442745,514,1110,509,1.0
case_0198,fusion_w0.50_t0.50,0.0,0.0,0.0,0,1110,0,0.0
case_0198,fusion_w0.50_t0.55,0.0,0.0,0.0,0,1110,0,0.0
case_0198,fusion_w0.50_t0.60,0.0,0.0,0.0,0,1110,0,0.0
case_0198,fusion_w0.50_t0.65,0.0,0.0,0.0,0,1110,0,0.0
case_0198,fusion_w0.60_t0.35,0.730848861279861,0.8588807785783591,0.636036036030306,822,1110,706,1.0
case_0198,fusion_w0.60_t0.40,0.7303790710051768,0.8964613368165602,0.6162162162106648,763,1110,684,1.0
case_0198,fusion_w0.60_t0.45,0.7161862527676487,0.9308357348569044,0.581981981976739,694,1110,646,1.0
case_0198,fusion_w0.60_t0.50,0.6787172011622232,0.9619834710584796,0.5243243243196007,605,1110,582,1.0
case_0198,fusion_w0.60_t0.55,0.606249999996211,0.989795918347147,0.4369369369330006,490,1110,485,1.0
case_0198,fusion_w0.60_t0.60,0.0,0.0,0.0,0,1110,0,0.0
case_0198,fusion_w0.60_t0.65,0.0,0.0,0.0,0,1110,0,0.0
case_0198,fusion_w0.70_t0.35,0.7358961557626765,0.8253079507186416,0.6639639639579824,893,1110,737,1.0
case_0198,fusion_w0.70_t0.40,0.7305512622321971,0.8531889289909363,0.6387387387329844,831,1110,709,1.0
case_0198,fusion_w0.70_t0.45,0.7289124668396345,0.8864516128917878,0.6189189189133432,775,1110,687,1.0
case_0198,fusion_w0.70_t0.50,0.7224334600721215,0.9097127222857768,0.5990990990937018,731,1110,665,1.0
case_0198,fusion_w0.70_t0.55,0.7028248587530914,0.9424242424099633,0.5603603603553121,660,1110,622,1.0
case_0198,fusion_w0.70_t0.60,0.6682436428109507,0.9724612736493552,0.5090090090044234,581,1110,565,1.0
case_0198,fusion_w0.70_t0.65,0.5938092229905635,0.9936575052644047,0.4234234234196088,473,1110,470,1.0
case_0198,fusion_w0.80_t0.35,0.762131303516831,0.8074596774112152,0.7216216216151206,992,1110,801,1.0
case_0198,fusion_w0.80_t0.40,0.7358961557626765,0.8253079507186416,0.6639639639579824,893,1110,737,1.0
case_0198,fusion_w0.80_t0.45,0.7317574511781514,0.8516746411381378,0.6414414414356627,836,1110,712,1.0
case_0198,fusion_w0.80_t0.50,0.7313746065019341,0.8756281406925173,0.627927927922271,796,1110,697,1.0
case_0198,fusion_w0.80_t0.55,0.7255113024718757,0.9010695187045311,0.6072072072017369,748,1110,674,1.0
case_0198,fusion_w0.80_t0.60,0.7161862527676487,0.9308357348569044,0.581981981976739,694,1110,646,1.0
case_0198,fusion_w0.80_t0.65,0.6885434657415743,0.9537480063643741,0.5387387387338853,627,1110,598,1.0
case_0199,nnunet,0.07621247113119971,0.999999999848485,0.03961584633829763,66,1666,66,1.0
case_0199,medformer_lcc_t0.25,0.526781326780464,0.36224374859120917,0.9651860744239785,4439,1666,1608,1.0
case_0199,union_t0.25,0.526781326780464,0.36224374859120917,0.9651860744239785,4439,1666,1608,1.0
case_0199,intersection_t0.25,0.07621247113119971,0.999999999848485,0.03961584633829763,66,1666,66,1.0
case_0199,medformer_lcc_t0.30,0.5476271765098197,0.3826335877853468,0.9627851140398392,4192,1666,1604,1.0
case_0199,union_t0.30,0.5476271765098197,0.3826335877853468,0.9627851140398392,4192,1666,1604,1.0
case_0199,intersection_t0.30,0.07621247113119971,0.999999999848485,0.03961584633829763,66,1666,66,1.0
case_0199,medformer_lcc_t0.35,0.566884608587088,0.4017029802143709,0.9627851140398392,3993,1666,1604,1.0
case_0199,union_t0.35,0.566884608587088,0.4017029802143709,0.9627851140398392,3993,1666,1604,1.0
case_0199,intersection_t0.35,0.07621247113119971,0.999999999848485,0.03961584633829763,66,1666,66,1.0
case_0199,medformer_lcc_t0.40,0.5841258229689391,0.42004208311304564,0.9585834333675955,3802,1666,1597,1.0
case_0199,union_t0.40,0.5841258229689391,0.42004208311304564,0.9585834333675955,3802,1666,1597,1.0
case_0199,intersection_t0.40,0.07621247113119971,0.999999999848485,0.03961584633829763,66,1666,66,1.0
case_0199,medformer_lcc_t0.45,0.6041547550969999,0.4426137950280854,0.9513805522151778,3581,1666,1585,1.0
case_0199,union_t0.45,0.6041547550969999,0.4426137950280854,0.9513805522151778,3581,1666,1585,1.0
case_0199,intersection_t0.45,0.07621247113119971,0.999999999848485,0.03961584633829763,66,1666,66,1.0
case_0199,medformer_lcc_t0.50,0.6180173092041346,0.45962551199397417,0.9429771908706904,3418,1666,1571,1.0
case_0199,union_t0.50,0.6180173092041346,0.45962551199397417,0.9429771908706904,3418,1666,1571,1.0
case_0199,intersection_t0.50,0.07621247113119971,0.999999999848485,0.03961584633829763,66,1666,66,1.0
case_0199,medformer_lcc_t0.55,0.6306598984758769,0.47652654188255134,0.9321728691420639,3259,1666,1553,1.0
case_0199,union_t0.55,0.6306598984758769,0.47652654188255134,0.9321728691420639,3259,1666,1553,1.0
case_0199,intersection_t0.55,0.07621247113119971,0.999999999848485,0.03961584633829763,66,1666,66,1.0
case_0199,medformer_lcc_t0.60,0.6467851099817116,0.49934683213422815,0.9177671068372284,3062,1666,1529,1.0
case_0199,union_t0.60,0.6467851099817116,0.49934683213422815,0.9177671068372284,3062,1666,1529,1.0
case_0199,intersection_t0.60,0.07621247113119971,0.999999999848485,0.03961584633829763,66,1666,66,1.0
case_0199,medformer_lcc_t0.65,0.6407591504730213,0.5137681159401676,0.8511404561773641,2760,1666,1418,1.0
case_0199,union_t0.65,0.6407591504730213,0.5137681159401676,0.8511404561773641,2760,1666,1418,1.0
case_0199,intersection_t0.65,0.07621247113119971,0.999999999848485,0.03961584633829763,66,1666,66,1.0
case_0199,medformer_lcc_t0.70,0.6302235179770889,0.5293877550998801,0.7785114045571518,2450,1666,1297,1.0
case_0199,union_t0.70,0.6302235179770889,0.5293877550998801,0.7785114045571518,2450,1666,1297,1.0
case_0199,intersection_t0.70,0.07621247113119971,0.999999999848485,0.03961584633829763,66,1666,66,1.0
case_0199,medformer_lcc_t0.75,0.6333416645822711,0.5426124196978903,0.7605042016761074,2335,1666,1267,1.0
case_0199,union_t0.75,0.6333416645822711,0.5426124196978903,0.7605042016761074,2335,1666,1267,1.0
case_0199,intersection_t0.75,0.07621247113119971,0.999999999848485,0.03961584633829763,66,1666,66,1.0
case_0199,fusion_w0.40_t0.35,0.6227973568264791,0.5752797558465144,0.6788715486153729,1966,1666,1131,1.0
case_0199,fusion_w0.40_t0.40,0.07621247113119971,0.999999999848485,0.03961584633829763,66,1666,66,1.0
case_0199,fusion_w0.40_t0.45,0.07621247113119971,0.999999999848485,0.03961584633829763,66,1666,66,1.0
case_0199,fusion_w0.40_t0.50,0.07621247113119971,0.999999999848485,0.03961584633829763,66,1666,66,1.0
case_0199,fusion_w0.40_t0.55,0.07621247113119971,0.999999999848485,0.03961584633829763,66,1666,66,1.0
case_0199,fusion_w0.40_t0.60,0.07621247113119971,0.999999999848485,0.03961584633829763,66,1666,66,1.0
case_0199,fusion_w0.40_t0.65,0.07621247113119971,0.999999999848485,0.03961584633829763,66,1666,66,1.0
case_0199,fusion_w0.50_t0.35,0.6302235179770889,0.5293877550998801,0.7785114045571518,2450,1666,1297,1.0
case_0199,fusion_w0.50_t0.40,0.6331606217600177,0.5569735642636419,0.7334933973545409,2194,1666,1222,1.0
case_0199,fusion_w0.50_t0.45,0.6187214611854489,0.5897714907476074,0.6506602641017368,1838,1666,1084,1.0
case_0199,fusion_w0.50_t0.50,0.07621247113119971,0.999999999848485,0.03961584633829763,66,1666,66,1.0
case_0199,fusion_w0.50_t0.55,0.07621247113119971,0.999999999848485,0.03961584633829763,66,1666,66,1.0
case_0199,fusion_w0.50_t0.60,0.07621247113119971,0.999999999848485,0.03961584633829763,66,1666,66,1.0
case_0199,fusion_w0.50_t0.65,0.07621247113119971,0.999999999848485,0.03961584633829763,66,1666,66,1.0
case_0199,fusion_w0.60_t0.35,0.6399999999986666,0.49010848755427533,0.9219687875094721,3134,1666,1536,1.0
case_0199,fusion_w0.60_t0.40,0.628978622326297,0.5204402515702813,0.7947178871500917,2544,1666,1324,1.0
case_0199,fusion_w0.60_t0.45,0.6333416645822711,0.5426124196978903,0.7605042016761074,2335,1666,1267,1.0
case_0199,fusion_w0.60_t0.50,0.6311323256413919,0.5653206650804498,0.714285714281427,2105,1666,1190,1.0
case_0199,fusion_w0.60_t0.55,0.6099706744850147,0.5963302752259385,0.624249699876205,1744,1666,1040,1.0
case_0199,fusion_w0.60_t0.60,0.07621247113119971,0.999999999848485,0.03961584633829763,66,1666,66,1.0
case_0199,fusion_w0.60_t0.65,0.07621247113119971,0.999999999848485,0.03961584633829763,66,1666,66,1.0
case_0199,fusion_w0.70_t0.35,0.6180173092041346,0.45962551199397417,0.9429771908706904,3418,1666,1571,1.0
case_0199,fusion_w0.70_t0.40,0.6339653751017437,0.4827369742608828,0.9231692677015416,3186,1666,1538,1.0
case_0199,fusion_w0.70_t0.45,0.6485523385286224,0.5155807365420837,0.8739495798266871,2824,1666,1456,1.0
case_0199,fusion_w0.70_t0.50,0.6307805236099076,0.5324246179242775,0.7737094837888734,2421,1666,1289,1.0
case_0199,fusion_w0.70_t0.55,0.6345957011242718,0.553077609274964,0.7442977190831676,2242,1666,1240,1.0
case_0199,fusion_w0.70_t0.60,0.624458874457185,0.5684729064011406,0.6926770708241736,2030,1666,1154,1.0
case_0199,fusion_w0.70_t0.65,0.5984440454799568,0.5966587112136238,0.6002400960348125,1676,1666,1000,1.0
case_0199,fusion_w0.80_t0.35,0.5979342722993466,0.4350915550685021,0.9555822328874215,3659,1666,1592,1.0
case_0199,fusion_w0.80_t0.40,0.6180173092041346,0.45962551199397417,0.9429771908706904,3418,1666,1571,1.0
case_0199,fusion_w0.80_t0.45,0.632096741134183,0.47992530345322154,0.9255702280856809,3213,1666,1542,1.0
case_0199,fusion_w0.80_t0.50,0.6516268980463088,0.5101902173895714,0.9015606242442884,2944,1666,1502,1.0
case_0199,fusion_w0.80_t0.55,0.6294955346352172,0.526443278156938,0.7827130852293955,2477,1666,1304,1.0
case_0199,fusion_w0.80_t0.60,0.6333416645822711,0.5426124196978903,0.7605042016761074,2335,1666,1267,1.0
case_0199,fusion_w0.80_t0.65,0.6316888540834464,0.5588914549627765,0.7262905162021231,2165,1666,1210,1.0
case_0203,nnunet,0.0,0.0,0.0,0,7403,0,0.0
case_0203,medformer_lcc_t0.25,0.2701194184837291,0.25996252342253595,0.2811022558418464,8005,7403,2081,1.0
case_0203,union_t0.25,0.2701194184837291,0.25996252342253595,0.2811022558418464,8005,7403,2081,1.0
case_0203,intersection_t0.25,0.0,0.0,0.0,0,7403,0,0.0
case_0203,medformer_lcc_t0.30,0.2838436881945824,0.2866391184569055,0.2811022558418464,7260,7403,2081,1.0
case_0203,union_t0.30,0.2838436881945824,0.2866391184569055,0.2811022558418464,7260,7403,2081,1.0
case_0203,intersection_t0.30,0.0,0.0,0.0,0,7403,0,0.0
case_0203,medformer_lcc_t0.35,0.29992073214650145,0.32143960457163817,0.2811022558418464,6474,7403,2081,1.0
case_0203,union_t0.35,0.29992073214650145,0.32143960457163817,0.2811022558418464,6474,7403,2081,1.0
case_0203,intersection_t0.35,0.0,0.0,0.0,0,7403,0,0.0
case_0203,medformer_lcc_t0.40,0.31527093596035216,0.3591160220988275,0.2809671754690248,5792,7403,2080,1.0
case_0203,union_t0.40,0.31527093596035216,0.3591160220988275,0.2809671754690248,5792,7403,2080,1.0
case_0203,intersection_t0.40,0.0,0.0,0.0,0,7403,0,0.0
case_0203,medformer_lcc_t0.45,0.33001671575234415,0.4017441860457331,0.28002161285927324,5160,7403,2073,1.0
case_0203,union_t0.45,0.33001671575234415,0.4017441860457331,0.28002161285927324,5160,7403,2073,1.0
case_0203,intersection_t0.45,0.0,0.0,0.0,0,7403,0,0.0
case_0203,medformer_lcc_t0.50,0.34314153496870414,0.48518518518398723,0.26543293259453543,4050,7403,1965,1.0
case_0203,union_t0.50,0.34314153496870414,0.48518518518398723,0.26543293259453543,4050,7403,1965,1.0
case_0203,intersection_t0.50,0.0,0.0,0.0,0,7403,0,0.0
case_0203,medformer_lcc_t0.55,0.33449733504839685,0.5231388329964842,0.24584627853539667,3479,7403,1820,1.0
case_0203,union_t0.55,0.33449733504839685,0.5231388329964842,0.24584627853539667,3479,7403,1820,1.0
case_0203,intersection_t0.55,0.0,0.0,0.0,0,7403,0,0.0
case_0203,medformer_lcc_t0.60,0.330755275469941,0.5641693811056542,0.23395920572709178,3070,7403,1732,1.0
case_0203,union_t0.60,0.330755275469941,0.5641693811056542,0.23395920572709178,3070,7403,1732,1.0
case_0203,intersection_t0.60,0.0,0.0,0.0,0,7403,0,0.0
case_0203,medformer_lcc_t0.65,0.3275590551177878,0.6035545883184492,0.22477374037521983,2757,7403,1664,1.0
case_0203,union_t0.65,0.3275590551177878,0.6035545883184492,0.22477374037521983,2757,7403,1664,1.0
case_0203,intersection_t0.65,0.0,0.0,0.0,0,7403,0,0.0
case_0203,medformer_lcc_t0.70,0.3218483988646921,0.6442190669345063,0.21450763204077467,2465,7403,1588,1.0
case_0203,union_t0.70,0.3218483988646921,0.6442190669345063,0.21450763204077467,2465,7403,1588,1.0
case_0203,intersection_t0.70,0.0,0.0,0.0,0,7403,0,0.0
case_0203,medformer_lcc_t0.75,0.3220286568391691,0.6797214969509151,0.21099554234741186,2298,7403,1562,1.0
case_0203,union_t0.75,0.3220286568391691,0.6797214969509151,0.21099554234741186,2298,7403,1562,1.0
case_0203,intersection_t0.75,0.0,0.0,0.0,0,7403,0,0.0
case_0203,fusion_w0.40_t0.35,0.2835592479227333,0.7432664756404398,0.17519924354967553,1745,7403,1297,1.0
case_0203,fusion_w0.40_t0.40,0.0,0.0,0.0,0,7403,0,0.0
case_0203,fusion_w0.40_t0.45,0.0,0.0,0.0,0,7403,0,0.0
case_0203,fusion_w0.40_t0.50,0.0,0.0,0.0,0,7403,0,0.0
case_0203,fusion_w0.40_t0.55,0.0,0.0,0.0,0,7403,0,0.0
case_0203,fusion_w0.40_t0.60,0.0,0.0,0.0,0,7403,0,0.0
case_0203,fusion_w0.40_t0.65,0.0,0.0,0.0,0,7403,0,0.0
case_0203,fusion_w0.50_t0.35,0.3218483988646921,0.6442190669345063,0.21450763204077467,2465,7403,1588,1.0
case_0203,fusion_w0.50_t0.40,0.3158448112708276,0.7125237191617053,0.2028907199781131,2108,7403,1502,1.0
case_0203,fusion_w0.50_t0.45,0.23891402714905097,0.734864300621191,0.14264487369965873,1437,7403,1056,1.0
case_0203,fusion_w0.50_t0.50,0.0,0.0,0.0,0,7403,0,0.0
case_0203,fusion_w0.50_t0.55,0.0,0.0,0.0,0,7403,0,0.0
case_0203,fusion_w0.50_t0.60,0.0,0.0,0.0,0,7403,0,0.0
case_0203,fusion_w0.50_t0.65,0.0,0.0,0.0,0,7403,0,0.0
case_0203,fusion_w0.60_t0.35,0.3322014714201733,0.5504845264127838,0.23787653653891952,3199,7403,1761,1.0
case_0203,fusion_w0.60_t0.40,0.32707774798895134,0.6173163418267718,0.22247737403725182,2668,7403,1647,1.0
case_0203,fusion_w0.60_t0.45,0.3220286568391691,0.6797214969509151,0.21099554234741186,2298,7403,1562,1.0
case_0203,fusion_w0.60_t0.50,0.30389749065637595,0.7252803261940608,0.192219370525203,1962,7403,1423,1.0
case_0203,fusion_w0.60_t0.55,0.22648840132530396,0.7351632047423208,0.1338646494662517,1348,7403,991,1.0
case_0203,fusion_w0.60_t0.60,0.0,0.0,0.0,0,7403,0,0.0
case_0203,fusion_w0.60_t0.65,0.0,0.0,0.0,0,7403,0,0.0
case_0203,fusion_w0.70_t0.35,0.34314153496870414,0.48518518518398723,0.26543293259453543,4050,7403,1965,1.0
case_0203,fusion_w0.70_t0.40,0.3335514630267051,0.5415907710973237,0.2409833851138174,3294,7403,1784,1.0
case_0203,fusion_w0.70_t0.45,0.32801018908560003,0.5970042795984415,0.22612454410343627,2804,7403,1674,1.0
case_0203,fusion_w0.70_t0.50,0.32256749872611046,0.656301824209551,0.21383223017666644,2412,7403,1583,1.0
case_0203,fusion_w0.70_t0.55,0.31850459482005167,0.701794753793365,0.20599756855301093,2173,7403,1525,1.0
case_0203,fusion_w0.70_t0.60,0.2927304197314012,0.734926670283895,0.18276374442768775,1841,7403,1353,1.0
case_0203,fusion_w0.70_t0.65,0.21470622186284807,0.7380952380893803,0.12562474672413126,1260,7403,930,1.0
case_0203,fusion_w0.80_t0.35,0.3252860949989612,0.3874883286640757,0.2802917736049165,5355,7403,2075,1.0
case_0203,fusion_w0.80_t0.40,0.34314153496870414,0.48518518518398723,0.26543293259453543,4050,7403,1965,1.0
case_0203,fusion_w0.80_t0.45,0.33271478938547716,0.5312592592576851,0.24219910846921222,3375,7403,1793,1.0
case_0203,fusion_w0.80_t0.50,0.32858112695148034,0.5825309491039116,0.2288261515598692,2908,7403,1694,1.0
case_0203,fusion_w0.80_t0.55,0.3261371623653719,0.6353677621258398,0.21937052546235394,2556,7403,1624,1.0
case_0203,fusion_w0.80_t0.60,0.3220286568391691,0.6797214969509151,0.21099554234741186,2298,7403,1562,1.0
case_0203,fusion_w0.80_t0.65,0.31094658910596407,0.7163742690023569,0.1985681480478204,2052,7403,1470,1.0
case_0213,nnunet,0.03946764570898047,0.18507890960997017,0.022089041095852587,697,5840,129,1.0
case_0213,medformer_lcc_t0.25,0.5013074911548213,0.45504049148219067,0.5580479452045239,7162,5840,3259,1.0
case_0213,union_t0.25,0.4933636430296301,0.4314479928171971,0.5760273972592876,7797,5840,3364,1.0
case_0213,intersection_t0.25,0.008132836326655147,0.38709677413111343,0.004109589041088853,62,5840,24,1.0
case_0213,medformer_lcc_t0.30,0.5058289579064644,0.5265888456540179,0.4866438356156051,5397,5840,2842,1.0
case_0213,union_t0.30,0.4970145488180161,0.4883490332168429,0.5059931506840651,6051,5840,2955,1.0
case_0213,intersection_t0.30,0.0051003060183524304,0.3571428570578231,0.0025684931506805334,42,5840,15,1.0
case_0213,medformer_lcc_t0.35,0.4715675458825879,0.5691115952540085,0.4025684931499956,4131,5840,2351,1.0
case_0213,union_t0.35,0.46474901297192633,0.5152146727792514,0.4232876712321519,4798,5840,2472,1.0
case_0213,intersection_t0.35,0.0027257240204382866,0.26666666657777777,0.0013698630136962846,30,5840,8,1.0
case_0213,medformer_lcc_t0.40,0.42562981709372405,0.6484402383433283,0.3167808219172658,2853,5840,1850,1.0
case_0213,union_t0.40,0.4211762194466632,0.5590818928859194,0.33784246575284615,3529,5840,1973,1.0
case_0213,intersection_t0.40,0.0020474321788055837,0.2857142855782313,0.0010273972602722133,21,5840,6,1.0
case_0213,medformer_lcc_t0.45,0.33703845662407433,0.6638147961717976,0.2258561643831749,1987,5840,1319,1.0
case_0213,union_t0.45,0.33999060150335997,0.541541916165638,0.24777397260231546,2672,5840,1447,1.0
case_0213,intersection_t0.45,0.0003417634996576525,0.08333333326388888,0.00017123287671203557,12,5840,1,1.0
case_0213,medformer_lcc_t0.50,0.18097849617523312,0.5757575757522888,0.1073630136984463,1089,5840,627,1.0
case_0213,union_t0.50,0.19845124031999153,0.42495784148159105,0.1294520547942989,1779,5840,756,1.0
case_0213,intersection_t0.50,0.0,0.0,0.0,7,5840,0,0.0
case_0213,medformer_lcc_t0.55,0.12971662373067175,0.5638998682402648,0.07328767123275122,759,5840,428,1.0
case_0213,union_t0.55,0.15274921157253155,0.3833448038514567,0.09537671232860381,1453,5840,557,1.0
case_0213,intersection_t0.55,0.0,0.0,0.0,3,5840,0,0.0
case_0213,medformer_lcc_t0.60,0.07986056092524187,0.5350318471223985,0.04315068493143296,471,5840,252,1.0
case_0213,union_t0.60,0.10873287671217362,0.32619863013419353,0.06523972602728555,1168,5840,381,1.0
case_0213,intersection_t0.60,0.0,0.0,0.0,0,5840,0,0.0
case_0213,medformer_lcc_t0.65,0.05715235088875702,0.9608938546949221,0.029452054794470117,179,5840,172,1.0
case_0213,union_t0.65,0.03946764570898047,0.18507890960997017,0.022089041095852587,697,5840,129,1.0
case_0213,intersection_t0.65,0.0,0.0,0.0,0,5840,0,0.0
case_0213,medformer_lcc_t0.70,0.03762808667892218,0.9911504423901637,0.019178082191747985,113,5840,112,1.0
case_0213,union_t0.70,0.03946764570898047,0.18507890960997017,0.022089041095852587,697,5840,129,1.0
case_0213,intersection_t0.70,0.0,0.0,0.0,0,5840,0,0.0
case_0213,medformer_lcc_t0.75,0.022350152387364798,0.999999999848485,0.011301369862994346,66,5840,66,1.0
case_0213,union_t0.75,0.03946764570898047,0.18507890960997017,0.022089041095852587,697,5840,129,1.0
case_0213,intersection_t0.75,0.0,0.0,0.0,0,5840,0,0.0
case_0213,fusion_w0.40_t0.35,0.03946764570898047,0.18507890960997017,0.022089041095852587,697,5840,129,1.0
case_0213,fusion_w0.40_t0.40,0.03946764570898047,0.18507890960997017,0.022089041095852587,697,5840,129,1.0
case_0213,fusion_w0.40_t0.45,0.03946764570898047,0.18507890960997017,0.022089041095852587,697,5840,129,1.0
case_0213,fusion_w0.40_t0.50,0.03946764570898047,0.18507890960997017,0.022089041095852587,697,5840,129,1.0
case_0213,fusion_w0.40_t0.55,0.03946764570898047,0.18507890960997017,0.022089041095852587,697,5840,129,1.0
case_0213,fusion_w0.40_t0.60,0.03946764570898047,0.18507890960997017,0.022089041095852587,697,5840,129,1.0
case_0213,fusion_w0.40_t0.65,0.021038570712938656,0.4228187919179316,0.01078767123285824,149,5840,63,1.0
case_0213,fusion_w0.50_t0.35,0.03946764570898047,0.18507890960997017,0.022089041095852587,697,5840,129,1.0
case_0213,fusion_w0.50_t0.40,0.03946764570898047,0.18507890960997017,0.022089041095852587,697,5840,129,1.0
case_0213,fusion_w0.50_t0.45,0.03946764570898047,0.18507890960997017,0.022089041095852587,697,5840,129,1.0
case_0213,fusion_w0.50_t0.50,0.03946764570898047,0.18507890960997017,0.022089041095852587,697,5840,129,1.0
case_0213,fusion_w0.50_t0.55,0.022965551672453045,0.40828402364448024,0.011815068493130455,169,5840,69,1.0
case_0213,fusion_w0.50_t0.60,0.012822675889973304,0.43678160914519754,0.006506849315057351,87,5840,38,1.0
case_0213,fusion_w0.50_t0.65,0.0051003060183524304,0.3571428570578231,0.0025684931506805334,42,5840,15,1.0
case_0213,fusion_w0.60_t0.35,0.11456859971695252,0.3292682926802499,0.0693493150683744,1230,5840,405,1.0
case_0213,fusion_w0.60_t0.40,0.03946764570898047,0.18507890960997017,0.022089041095852587,697,5840,129,1.0
case_0213,fusion_w0.60_t0.45,0.024176188110574308,0.36683417083583747,0.012499999999978596,199,5840,73,1.0
case_0213,fusion_w0.60_t0.50,0.016470588235266436,0.4454545454140496,0.008390410958889743,110,5840,49,1.0
case_0213,fusion_w0.60_t0.55,0.008132836326655147,0.38709677413111343,0.004109589041088853,62,5840,24,1.0
case_0213,fusion_w0.60_t0.60,0.003745318352053549,0.3235294116695502,0.0018835616438323912,34,5840,11,1.0
case_0213,fusion_w0.60_t0.65,0.0013656538067576551,0.2222222220987654,0.0006849315068481423,18,5840,4,1.0
case_0213,fusion_w0.70_t0.35,0.19764507989879782,0.5448222565645686,0.12071917808198507,1294,5840,705,1.0
case_0213,fusion_w0.70_t0.40,0.11669958972782754,0.5182186234747879,0.06575342465742165,741,5840,384,1.0
case_0213,fusion_w0.70_t0.45,0.060033167495754505,0.9526315788972298,0.030993150684878436,190,5840,181,1.0
case_0213,fusion_w0.70_t0.50,0.031018206338450746,0.9999999998913044,0.015753424657507273,92,5840,92,1.0
case_0213,fusion_w0.70_t0.55,0.012929567880209375,0.9999999997368421,0.006506849315057351,38,5840,38,1.0
case_0213,fusion_w0.70_t0.60,0.0010245901639326766,0.1874999998828125,0.0005136986301361066,16,5840,3,1.0
case_0213,fusion_w0.70_t0.65,0.0,0.0,0.0,7,5840,0,0.0
case_0213,fusion_w0.80_t0.35,0.36854431159821455,0.6577210734682899,0.2559931506844932,2273,5840,1495,1.0
case_0213,fusion_w0.80_t0.40,0.18642611683822105,0.5690559440509698,0.11147260273953515,1144,5840,651,1.0
case_0213,fusion_w0.80_t0.45,0.11462631820248415,0.5334281649995245,0.06421232876701334,703,5840,375,1.0
case_0213,fusion_w0.80_t0.50,0.07047893640866494,0.5459057071824838,0.03767123287664782,403,5840,220,1.0
case_0213,fusion_w0.80_t0.55,0.04222520107231531,0.9843749999230956,0.02157534246571648,128,5840,126,1.0
case_0213,fusion_w0.80_t0.60,0.022350152387364798,0.999999999848485,0.011301369862994346,66,5840,66,1.0
case_0213,fusion_w0.80_t0.65,0.0,0.0,0.0,27,5840,0,0.0
case_0216,nnunet,0.34600852158505824,0.9759637188164356,0.21027946062125238,2205,10234,2152,1.0
case_0216,medformer_lcc_t0.25,0.0,0.0,0.0,36902,10234,0,0.0
case_0216,union_t0.25,0.0,0.0,0.0,36902,10234,0,0.0
case_0216,intersection_t0.25,0.0,0.0,0.0,0,10234,0,0.0
case_0216,medformer_lcc_t0.30,0.0,0.0,0.0,32203,10234,0,0.0
case_0216,union_t0.30,0.0,0.0,0.0,32203,10234,0,0.0
case_0216,intersection_t0.30,0.0,0.0,0.0,0,10234,0,0.0
case_0216,medformer_lcc_t0.35,0.0,0.0,0.0,27508,10234,0,0.0
case_0216,union_t0.35,0.0,0.0,0.0,27508,10234,0,0.0
case_0216,intersection_t0.35,0.0,0.0,0.0,0,10234,0,0.0
case_0216,medformer_lcc_t0.40,0.0,0.0,0.0,24025,10234,0,0.0
case_0216,union_t0.40,0.0,0.0,0.0,24025,10234,0,0.0
case_0216,intersection_t0.40,0.0,0.0,0.0,0,10234,0,0.0
case_0216,medformer_lcc_t0.45,0.0,0.0,0.0,20539,10234,0,0.0
case_0216,union_t0.45,0.0,0.0,0.0,20539,10234,0,0.0
case_0216,intersection_t0.45,0.0,0.0,0.0,0,10234,0,0.0
case_0216,medformer_lcc_t0.50,0.0,0.0,0.0,9457,10234,0,0.0
case_0216,union_t0.50,0.0,0.0,0.0,9457,10234,0,0.0
case_0216,intersection_t0.50,0.0,0.0,0.0,0,10234,0,0.0
case_0216,medformer_lcc_t0.55,0.0,0.0,0.0,7256,10234,0,0.0
case_0216,union_t0.55,0.0,0.0,0.0,7256,10234,0,0.0
case_0216,intersection_t0.55,0.0,0.0,0.0,0,10234,0,0.0
case_0216,medformer_lcc_t0.60,0.0,0.0,0.0,6220,10234,0,0.0
case_0216,union_t0.60,0.0,0.0,0.0,6220,10234,0,0.0
case_0216,intersection_t0.60,0.0,0.0,0.0,0,10234,0,0.0
case_0216,medformer_lcc_t0.65,0.0,0.0,0.0,5106,10234,0,0.0
case_0216,union_t0.65,0.0,0.0,0.0,5106,10234,0,0.0
case_0216,intersection_t0.65,0.0,0.0,0.0,0,10234,0,0.0
case_0216,medformer_lcc_t0.70,0.0,0.0,0.0,3630,10234,0,0.0
case_0216,union_t0.70,0.0,0.0,0.0,3630,10234,0,0.0
case_0216,intersection_t0.70,0.0,0.0,0.0,0,10234,0,0.0
case_0216,medformer_lcc_t0.75,0.0,0.0,0.0,2273,10234,0,0.0
case_0216,union_t0.75,0.0,0.0,0.0,2273,10234,0,0.0
case_0216,intersection_t0.75,0.0,0.0,0.0,0,10234,0,0.0
case_0216,fusion_w0.40_t0.35,0.34600852158505824,0.9759637188164356,0.21027946062125238,2205,10234,2152,1.0
case_0216,fusion_w0.40_t0.40,0.34600852158505824,0.9759637188164356,0.21027946062125238,2205,10234,2152,1.0
case_0216,fusion_w0.40_t0.45,0.34600852158505824,0.9759637188164356,0.21027946062125238,2205,10234,2152,1.0
case_0216,fusion_w0.40_t0.50,0.34600852158505824,0.9759637188164356,0.21027946062125238,2205,10234,2152,1.0
case_0216,fusion_w0.40_t0.55,0.34600852158505824,0.9759637188164356,0.21027946062125238,2205,10234,2152,1.0
case_0216,fusion_w0.40_t0.60,0.34600852158505824,0.9759637188164356,0.21027946062125238,2205,10234,2152,1.0
case_0216,fusion_w0.40_t0.65,0.344011590469781,0.9757990867535352,0.20881375806116004,2190,10234,2137,1.0
case_0216,fusion_w0.50_t0.35,0.0,0.0,0.0,3630,10234,0,0.0
case_0216,fusion_w0.50_t0.40,0.34600852158505824,0.9759637188164356,0.21027946062125238,2205,10234,2152,1.0
case_0216,fusion_w0.50_t0.45,0.34600852158505824,0.9759637188164356,0.21027946062125238,2205,10234,2152,1.0
case_0216,fusion_w0.50_t0.50,0.34600852158505824,0.9759637188164356,0.21027946062125238,2205,10234,2152,1.0
case_0216,fusion_w0.50_t0.55,0.3452103273543431,0.9758981355117058,0.20969317959721545,2199,10234,2146,1.0
case_0216,fusion_w0.50_t0.60,0.33576051779908106,0.9760112888006773,0.20275552081277823,2126,10234,2075,1.0
case_0216,fusion_w0.50_t0.65,0.25456708301448333,0.9758957654659551,0.14637482900122495,1535,10234,1498,1.0
case_0216,fusion_w0.60_t0.35,0.0,0.0,0.0,6563,10234,0,0.0
case_0216,fusion_w0.60_t0.40,0.0,0.0,0.0,4659,10234,0,0.0
case_0216,fusion_w0.60_t0.45,0.0,0.0,0.0,2273,10234,0,0.0
case_0216,fusion_w0.60_t0.50,0.3420649633268783,0.9765301426554233,0.20734805550106766,2173,10234,2122,1.0
case_0216,fusion_w0.60_t0.55,0.2947909754476652,0.9753018660758765,0.17363689661894308,1822,10234,1777,1.0
case_0216,fusion_w0.60_t0.60,0.2354458680881972,0.981362007161424,0.13376978698443054,1395,10234,1369,1.0
case_0216,fusion_w0.60_t0.65,0.18924655111408803,0.9962756052048765,0.10455344928658925,1074,10234,1070,1.0
case_0216,fusion_w0.70_t0.35,0.0,0.0,0.0,9457,10234,0,0.0
case_0216,fusion_w0.70_t0.40,0.0,0.0,0.0,6804,10234,0,0.0
case_0216,fusion_w0.70_t0.45,0.0,0.0,0.0,5275,10234,0,0.0
case_0216,fusion_w0.70_t0.50,0.0,0.0,0.0,3203,10234,0,0.0
case_0216,fusion_w0.70_t0.55,0.0,0.0,0.0,1530,10234,0,0.0
case_0216,fusion_w0.70_t0.60,0.18428520752023386,0.9971209212956131,0.10152433066239834,1042,10234,1039,1.0
case_0216,fusion_w0.70_t0.65,0.05788025429352132,0.9999999999672131,0.029802618721878244,305,10234,305,1.0
case_0216,fusion_w0.80_t0.35,0.0,0.0,0.0,21389,10234,0,0.0
case_0216,fusion_w0.80_t0.40,0.0,0.0,0.0,9457,10234,0,0.0
case_0216,fusion_w0.80_t0.45,0.0,0.0,0.0,6996,10234,0,0.0
case_0216,fusion_w0.80_t0.50,0.0,0.0,0.0,5696,10234,0,0.0
case_0216,fusion_w0.80_t0.55,0.0,0.0,0.0,4044,10234,0,0.0
case_0216,fusion_w0.80_t0.60,0.0,0.0,0.0,2273,10234,0,0.0
case_0216,fusion_w0.80_t0.65,0.0,0.0,0.0,972,10234,0,0.0
case_0222,nnunet,0.0,0.0,0.0,0,3610,0,0.0
case_0222,medformer_lcc_t0.25,0.570319309087576,0.3994007324376879,0.996952908584496,9011,3610,3599,1.0
case_0222,union_t0.25,0.570319309087576,0.3994007324376879,0.996952908584496,9011,3610,3599,1.0
case_0222,intersection_t0.25,0.0,0.0,0.0,0,3610,0,0.0
case_0222,medformer_lcc_t0.30,0.594039735098846,0.42361275088497796,0.9939058171717621,8470,3610,3588,1.0
case_0222,union_t0.30,0.594039735098846,0.42361275088497796,0.9939058171717621,8470,3610,3588,1.0
case_0222,intersection_t0.30,0.0,0.0,0.0,0,3610,0,0.0
case_0222,medformer_lcc_t0.35,0.6134251290872518,0.4449438202241636,0.9872576177257971,8010,3610,3564,1.0
case_0222,union_t0.35,0.6134251290872518,0.4449438202241636,0.9872576177257971,8010,3610,3564,1.0
case_0222,intersection_t0.35,0.0,0.0,0.0,0,3610,0,0.0
case_0222,medformer_lcc_t0.40,0.6302663222582788,0.46448733096958844,0.980055401659335,7617,3610,3538,1.0
case_0222,union_t0.40,0.6302663222582788,0.46448733096958844,0.980055401659335,7617,3610,3538,1.0
case_0222,intersection_t0.40,0.0,0.0,0.0,0,3610,0,0.0
case_0222,medformer_lcc_t0.45,0.6455882352935243,0.483081155432623,0.972853185592873,7270,3610,3512,1.0
case_0222,union_t0.45,0.6455882352935243,0.483081155432623,0.972853185592873,7270,3610,3512,1.0
case_0222,intersection_t0.45,0.0,0.0,0.0,0,3610,0,0.0
case_0222,medformer_lcc_t0.50,0.6621737066913506,0.5036823104685868,0.9662049861469081,6925,3610,3488,1.0
case_0222,union_t0.50,0.6621737066913506,0.5036823104685868,0.9662049861469081,6925,3610,3488,1.0
case_0222,intersection_t0.50,0.0,0.0,0.0,0,3610,0,0.0
case_0222,medformer_lcc_t0.55,0.6765538101271572,0.5222172013849643,0.9603878116316887,6639,3610,3467,1.0
case_0222,union_t0.55,0.6765538101271572,0.5222172013849643,0.9603878116316887,6639,3610,3467,1.0
case_0222,intersection_t0.55,0.0,0.0,0.0,0,3610,0,0.0
case_0222,medformer_lcc_t0.60,0.6866119671796211,0.5374373433575541,0.9504155124627413,6384,3610,3431,1.0
case_0222,union_t0.60,0.6866119671796211,0.5374373433575541,0.9504155124627413,6384,3610,3431,1.0
case_0222,intersection_t0.60,0.0,0.0,0.0,0,3610,0,0.0
case_0222,medformer_lcc_t0.65,0.6990291262128702,0.5573122529635091,0.9373961218810599,6072,3610,3384,1.0
case_0222,union_t0.65,0.6990291262128702,0.5573122529635091,0.9373961218810599,6072,3610,3384,1.0
case_0222,intersection_t0.65,0.0,0.0,0.0,0,3610,0,0.0
case_0222,medformer_lcc_t0.70,0.7070470513085937,0.5741701244803351,0.9199445983354019,5784,3610,3321,1.0
case_0222,union_t0.70,0.7070470513085937,0.5741701244803351,0.9199445983354019,5784,3610,3321,1.0
case_0222,intersection_t0.70,0.0,0.0,0.0,0,3610,0,0.0
case_0222,medformer_lcc_t0.75,0.7111602209936893,0.5915441176459715,0.8914127423798022,5440,3610,3218,1.0
case_0222,union_t0.75,0.7111602209936893,0.5915441176459715,0.8914127423798022,5440,3610,3218,1.0
case_0222,intersection_t0.75,0.0,0.0,0.0,0,3610,0,0.0
case_0222,fusion_w0.40_t0.35,0.6776111685616887,0.6352399418307435,0.7260387811614237,4126,3610,2621,1.0
case_0222,fusion_w0.40_t0.40,0.0,0.0,0.0,0,3610,0,0.0
case_0222,fusion_w0.40_t0.45,0.0,0.0,0.0,0,3610,0,0.0
case_0222,fusion_w0.40_t0.50,0.0,0.0,0.0,0,3610,0,0.0
case_0222,fusion_w0.40_t0.55,0.0,0.0,0.0,0,3610,0,0.0
case_0222,fusion_w0.40_t0.60,0.0,0.0,0.0,0,3610,0,0.0
case_0222,fusion_w0.40_t0.65,0.0,0.0,0.0,0,3610,0,0.0
case_0222,fusion_w0.50_t0.35,0.7070470513085937,0.5741701244803351,0.9199445983354019,5784,3610,3321,1.0
case_0222,fusion_w0.50_t0.40,0.7049389889590878,0.6072072072059916,0.8401662049838223,4995,3610,3033,1.0
case_0222,fusion_w0.50_t0.45,0.6714170475925364,0.6522988505730086,0.6916897506906048,3828,3610,2497,1.0
case_0222,fusion_w0.50_t0.50,0.0,0.0,0.0,0,3610,0,0.0
case_0222,fusion_w0.50_t0.55,0.0,0.0,0.0,0,3610,0,0.0
case_0222,fusion_w0.50_t0.60,0.0,0.0,0.0,0,3610,0,0.0
case_0222,fusion_w0.50_t0.65,0.0,0.0,0.0,0,3610,0,0.0
case_0222,fusion_w0.60_t0.35,0.6834639420685611,0.5323752124856554,0.9542936288062208,6471,3610,3445,1.0
case_0222,fusion_w0.60_t0.40,0.7018348623845894,0.5626880641916371,0.9324099722965862,5982,3610,3366,1.0
case_0222,fusion_w0.60_t0.45,0.7111602209936893,0.5915441176459715,0.8914127423798022,5440,3610,3218,1.0
case_0222,fusion_w0.60_t0.50,0.6850220264308798,0.6135466900468796,0.7753462603856639,4562,3610,2799,1.0
case_0222,fusion_w0.60_t0.55,0.664164581594851,0.6665736607124259,0.6617728531837624,3584,3610,2389,1.0
case_0222,fusion_w0.60_t0.60,0.0,0.0,0.0,0,3610,0,0.0
case_0222,fusion_w0.60_t0.65,0.0,0.0,0.0,0,3610,0,0.0
case_0222,fusion_w0.70_t0.35,0.6621737066913506,0.5036823104685868,0.9662049861469081,6925,3610,3488,1.0
case_0222,fusion_w0.70_t0.40,0.6815267777880644,0.5291775156983778,0.9570637119087062,6529,3610,3455,1.0
case_0222,fusion_w0.70_t0.45,0.6970570076140182,0.5545186640462434,0.9382271468118055,6108,3610,3387,1.0
case_0222,fusion_w0.70_t0.50,0.7083736429101275,0.5787809590715286,0.9127423822689398,5693,3610,3295,1.0
case_0222,fusion_w0.70_t0.55,0.7080475537257567,0.6027637212911585,0.8578947368397288,5138,3610,3097,1.0
case_0222,fusion_w0.70_t0.60,0.6800403734535957,0.6244207599614819,0.7465373961198157,4316,3610,2695,1.0
case_0222,fusion_w0.70_t0.65,0.6583143507963293,0.6772114821304124,0.6404432132946248,3414,3610,2312,1.0
case_0222,fusion_w0.80_t0.35,0.6413271351739664,0.47792419508154066,0.9745152354543642,7361,3610,3518,1.0
case_0222,fusion_w0.80_t0.40,0.6621737066913506,0.5036823104685868,0.9662049861469081,6925,3610,3488,1.0
case_0222,fusion_w0.80_t0.45,0.6798271459431547,0.5266281192931731,0.9587257617701974,6572,3610,3461,1.0
case_0222,fusion_w0.80_t0.50,0.6918699186984838,0.5463884430167795,0.9429362880860307,6230,3610,3404,1.0
case_0222,fusion_w0.80_t0.55,0.7047518479401217,0.5694539249137041,0.9243767312993785,5860,3610,3337,1.0
case_0222,fusion_w0.80_t0.60,0.7111602209936893,0.5915441176459715,0.8914127423798022,5440,3610,3218,1.0
case_0222,fusion_w0.80_t0.65,0.701783394353724,0.6116944616005524,0.8229916897484127,4857,3610,2971,1.0
case_0224,nnunet,0.5166666666635913,0.6326530612152674,0.4366197183054666,686,994,434,1.0
case_0224,medformer_lcc_t0.25,0.5805017465843744,0.42412993039246344,0.9195171026064435,2155,994,914,1.0
case_0224,union_t0.25,0.5703588143507945,0.4133876074155885,0.9195171026064435,2211,994,914,1.0
case_0224,intersection_t0.25,0.5344827586173986,0.6888888888779542,0.4366197183054666,630,994,434,1.0
case_0224,medformer_lcc_t0.30,0.6252692031564061,0.4860491071401448,0.8762575452628143,1792,994,871,1.0
case_0224,union_t0.30,0.6073919107370733,0.46478121664639926,0.8762575452628143,1874,994,871,1.0
case_0224,intersection_t0.30,0.5431789737137473,0.7185430463457195,0.4366197183054666,604,994,434,1.0
case_0224,medformer_lcc_t0.35,0.6575562700938201,0.5475234270378345,0.8229376257462481,1494,994,818,1.0
case_0224,union_t0.35,0.6329992289875367,0.513124999996793,0.8259557343981292,1600,994,821,1.0
case_0224,intersection_t0.35,0.5476493011401039,0.74310344826305,0.4336016096535855,580,994,431,1.0
case_0224,medformer_lcc_t0.40,0.6675520141626049,0.5960474308253277,0.7585513078394512,1265,994,754,1.0
case_0224,union_t0.40,0.6385994164208478,0.5451957295334862,0.7706237424469756,1405,994,766,1.0
case_0224,intersection_t0.40,0.5480519480483893,0.7728937728796174,0.4245472836979422,546,994,422,1.0
case_0224,medformer_lcc_t0.45,0.660894660891482,0.6331797234964684,0.6911468812807732,1085,994,687,1.0
case_0224,union_t0.45,0.6382222222193857,0.5716560509508627,0.722334004016878,1256,994,718,1.0
case_0224,intersection_t0.45,0.5341285619580244,0.7825242718294655,0.40543259556936184,515,994,403,1.0
case_0224,medformer_lcc_t0.50,0.6506024096351462,0.6786885245827465,0.6247484909393889,915,994,621,1.0
case_0224,union_t0.50,0.6326723323860591,0.5960854092473659,0.6740442655867802,1124,994,670,1.0
case_0224,intersection_t0.50,0.5234534330351907,0.8071278825826598,0.3873239436580752,477,994,385,1.0
case_0224,medformer_lcc_t0.55,0.6343661971795247,0.7208706786079274,0.5663983903363541,781,994,563,1.0
case_0224,union_t0.55,0.6258637709742061,0.614341085265365,0.637826961764207,1032,994,634,1.0
case_0224,intersection_t0.55,0.5080475857207275,0.8344827586015061,0.3651911468776138,435,994,363,1.0
case_0224,medformer_lcc_t0.60,0.5967450271211769,0.7443609022444457,0.4979879275603824,665,994,495,1.0
case_0224,union_t0.60,0.6059670781861833,0.6199999999934737,0.5925553319859904,950,994,589,1.0
case_0224,intersection_t0.60,0.4874551971291222,0.8478802992307262,0.3420523138798586,401,994,340,1.0
case_0224,medformer_lcc_t0.65,0.5350482315078132,0.7415329768138764,0.41851106639417995,561,994,416,1.0
case_0224,union_t0.65,0.5882973115414428,0.617940199328705,0.5613682092498856,903,994,558,1.0
case_0224,intersection_t0.65,0.436472346782986,0.84883720927765,0.2937625754497609,344,994,292,1.0
case_0224,medformer_lcc_t0.70,0.4879725085877116,0.7700650759052047,0.35714285713926414,461,994,355,1.0
case_0224,union_t0.70,0.5752979414920082,0.6232394366124033,0.5342052313829557,852,994,531,1.0
case_0224,intersection_t0.70,0.4003103180729224,0.874576271156794,0.25955734406177505,295,994,258,1.0
case_0224,medformer_lcc_t0.75,0.43541364295765306,0.7812499999796549,0.30181086518811057,384,994,300,1.0
case_0224,union_t0.75,0.5629139072816617,0.6234718826329649,0.513078470819788,818,994,510,1.0
case_0224,intersection_t0.75,0.3595505617948672,0.8888888888536155,0.2253521126737892,252,994,224,1.0
case_0224,fusion_w0.40_t0.35,0.5326400924290431,0.625508819530183,0.46378269617239654,737,994,461,1.0
case_0224,fusion_w0.40_t0.40,0.5166666666635913,0.6326530612152674,0.4366197183054666,686,994,434,1.0
case_0224,fusion_w0.40_t0.45,0.5166666666635913,0.6326530612152674,0.4366197183054666,686,994,434,1.0
case_0224,fusion_w0.40_t0.50,0.5166666666635913,0.6326530612152674,0.4366197183054666,686,994,434,1.0
case_0224,fusion_w0.40_t0.55,0.5166666666635913,0.6326530612152674,0.4366197183054666,686,994,434,1.0
case_0224,fusion_w0.40_t0.60,0.5166666666635913,0.6326530612152674,0.4366197183054666,686,994,434,1.0
case_0224,fusion_w0.40_t0.65,0.5191387559777564,0.6401179940908537,0.4366197183054666,678,994,434,1.0
case_0224,fusion_w0.50_t0.35,0.5752979414920082,0.6232394366124033,0.5342052313829557,852,994,531,1.0
case_0224,fusion_w0.50_t0.40,0.5526905829565433,0.624050632903493,0.495975855125795,790,994,493,1.0
case_0224,fusion_w0.50_t0.45,0.528214077949225,0.6262068965430868,0.4567404426513406,725,994,454,1.0
case_0224,fusion_w0.50_t0.50,0.5166666666635913,0.6326530612152674,0.4366197183054666,686,994,434,1.0
case_0224,fusion_w0.50_t0.55,0.5178997613334254,0.6363636363543055,0.4366197183054666,682,994,434,1.0
case_0224,fusion_w0.50_t0.60,0.5273390036419967,0.6656441717689319,0.4366197183054666,652,994,434,1.0
case_0224,fusion_w0.50_t0.65,0.5431789737137473,0.7185430463457195,0.4366197183054666,604,994,434,1.0
case_0224,fusion_w0.60_t0.35,0.6127226463073144,0.6199794026712669,0.6056338028108085,971,994,602,1.0
case_0224,fusion_w0.60_t0.40,0.5843533794540482,0.6203389830438379,0.5523138832942424,885,994,549,1.0
case_0224,fusion_w0.60_t0.45,0.5638474295159545,0.625766871157966,0.513078470819788,815,994,510,1.0
case_0224,fusion_w0.60_t0.50,0.5548535324494265,0.6465863453728703,0.48591549295285796,747,994,483,1.0
case_0224,fusion_w0.60_t0.55,0.5446859903348751,0.6812688821649355,0.45372233399945955,662,994,451,1.0
case_0224,fusion_w0.60_t0.60,0.5484483850503582,0.7401709401582877,0.4356136820881729,585,994,433,1.0
case_0224,fusion_w0.60_t0.65,0.5445026177974837,0.7790262172138759,0.41851106639417995,534,994,416,1.0
case_0224,fusion_w0.70_t0.35,0.6329711856370668,0.5966162065841798,0.6740442655867802,1123,994,670,1.0
case_0224,fusion_w0.70_t0.40,0.6220871327222792,0.6265306122385048,0.617706237418333,980,994,614,1.0
case_0224,fusion_w0.70_t0.45,0.6004296455392029,0.6440092165824423,0.5623742454671793,868,994,559,1.0
case_0224,fusion_w0.70_t0.50,0.5950226244310237,0.6795865632987134,0.5291750502964871,774,994,526,1.0
case_0224,fusion_w0.70_t0.55,0.5845238095203302,0.7157434402228026,0.4939637826912076,686,994,491,1.0
case_0224,fusion_w0.70_t0.60,0.5649432534642816,0.7567567567439737,0.4507042253475784,592,994,448,1.0
case_0224,fusion_w0.70_t0.65,0.5294117647023435,0.7888446214982302,0.3983903420483059,502,994,396,1.0
case_0224,fusion_w0.80_t0.35,0.6474245115424182,0.5794912559572378,0.7334004024071087,1258,994,729,1.0
case_0224,fusion_w0.80_t0.40,0.6498545101811356,0.6273408239641636,0.6740442655867802,1068,994,670,1.0
case_0224,fusion_w0.80_t0.45,0.6506777893605283,0.6753246753173666,0.6277665995912699,924,994,624,1.0
case_0224,fusion_w0.80_t0.50,0.6275823562220683,0.705144291082746,0.5653923541190604,797,994,562,1.0
case_0224,fusion_w0.80_t0.55,0.6029498525038175,0.7289586305174186,0.5140845070370816,701,994,511,1.0
case_0224,fusion_w0.80_t0.60,0.5751715533339041,0.7569786535179478,0.46378269617239654,609,994,461,1.0
case_0224,fusion_w0.80_t0.65,0.5464121132287926,0.7904761904611338,0.4175050301768863,525,994,415,1.0
case_0225,nnunet,0.17962085308014308,0.9999999999736148,0.09867222077558274,379,3841,379,1.0
case_0225,medformer_lcc_t0.25,0.755752636624214,0.7001998667539414,0.8208799791699535,4503,3841,3153,1.0
case_0225,union_t0.25,0.755752636624214,0.7001998667539414,0.8208799791699535,4503,3841,3153,1.0
case_0225,intersection_t0.25,0.17962085308014308,0.9999999999736148,0.09867222077558274,379,3841,379,1.0
case_0225,medformer_lcc_t0.30,0.7638664846745702,0.7297297297279998,0.8013538141088223,4218,3841,3078,1.0
case_0225,union_t0.30,0.7638664846745702,0.7297297297279998,0.8013538141088223,4218,3841,3078,1.0
case_0225,intersection_t0.30,0.17962085308014308,0.9999999999736148,0.09867222077558274,379,3841,379,1.0
case_0225,medformer_lcc_t0.35,0.7720333547135702,0.7610015174487582,0.7833897422525816,3954,3841,3009,1.0
case_0225,union_t0.35,0.7720333547135702,0.7610015174487582,0.7833897422525816,3954,3841,3009,1.0
case_0225,intersection_t0.35,0.17962085308014308,0.9999999999736148,0.09867222077558274,379,3841,379,1.0
case_0225,medformer_lcc_t0.40,0.7754994046821332,0.7883270575557065,0.7630825305890053,3718,3841,2931,1.0
case_0225,union_t0.40,0.7754994046821332,0.7883270575557065,0.7630825305890053,3718,3841,2931,1.0
case_0225,intersection_t0.40,0.17962085308014308,0.9999999999736148,0.09867222077558274,379,3841,379,1.0
case_0225,medformer_lcc_t0.45,0.7730931914302455,0.8122133027499651,0.7375683415757939,3488,3841,2833,1.0
case_0225,union_t0.45,0.7730931914302455,0.8122133027499651,0.7375683415757939,3488,3841,2833,1.0
case_0225,intersection_t0.45,0.17962085308014308,0.9999999999736148,0.09867222077558274,379,3841,379,1.0
case_0225,medformer_lcc_t0.50,0.7713521879825928,0.8392529087543196,0.7136162457674731,3266,3841,2741,1.0
case_0225,union_t0.50,0.7713521879825928,0.8392529087543196,0.7136162457674731,3266,3841,2741,1.0
case_0225,intersection_t0.50,0.17962085308014308,0.9999999999736148,0.09867222077558274,379,3841,379,1.0
case_0225,medformer_lcc_t0.55,0.7635731866211618,0.8600782778836918,0.6865399635493712,3066,3841,2637,1.0
case_0225,union_t0.55,0.7635731866211618,0.8600782778836918,0.6865399635493712,3066,3841,2637,1.0
case_0225,intersection_t0.55,0.17962085308014308,0.9999999999736148,0.09867222077558274,379,3841,379,1.0
case_0225,medformer_lcc_t0.60,0.7484717459359648,0.8757850662914314,0.6534756573791891,2866,3841,2510,1.0
case_0225,union_t0.60,0.7484717459359648,0.8757850662914314,0.6534756573791891,2866,3841,2510,1.0
case_0225,intersection_t0.60,0.17962085308014308,0.9999999999736148,0.09867222077558274,379,3841,379,1.0
case_0225,medformer_lcc_t0.65,0.7287586738616365,0.8937216338846683,0.615204373859372,2644,3841,2363,1.0
case_0225,union_t0.65,0.7287586738616365,0.8937216338846683,0.615204373859372,2644,3841,2363,1.0
case_0225,intersection_t0.65,0.17962085308014308,0.9999999999736148,0.09867222077558274,379,3841,379,1.0
case_0225,medformer_lcc_t0.70,0.7048839071245718,0.9155574043223147,0.5730278573273287,2404,3841,2201,1.0
case_0225,union_t0.70,0.7048839071245718,0.9155574043223147,0.5730278573273287,2404,3841,2201,1.0
case_0225,intersection_t0.70,0.17962085308014308,0.9999999999736148,0.09867222077558274,379,3841,379,1.0
case_0225,medformer_lcc_t0.75,0.6822476379899184,0.9388686131344031,0.5357979692774387,2192,3841,2058,1.0
case_0225,union_t0.75,0.6822476379899184,0.9388686131344031,0.5357979692774387,2192,3841,2058,1.0
case_0225,intersection_t0.75,0.17962085308014308,0.9999999999736148,0.09867222077558274,379,3841,379,1.0
case_0225,fusion_w0.40_t0.35,0.5760709010329098,0.9904761904699018,0.4061442332715279,1575,3841,1560,1.0
case_0225,fusion_w0.40_t0.40,0.17962085308014308,0.9999999999736148,0.09867222077558274,379,3841,379,1.0
case_0225,fusion_w0.40_t0.45,0.17962085308014308,0.9999999999736148,0.09867222077558274,379,3841,379,1.0
case_0225,fusion_w0.40_t0.50,0.17962085308014308,0.9999999999736148,0.09867222077558274,379,3841,379,1.0
case_0225,fusion_w0.40_t0.55,0.17962085308014308,0.9999999999736148,0.09867222077558274,379,3841,379,1.0
case_0225,fusion_w0.40_t0.60,0.17962085308014308,0.9999999999736148,0.09867222077558274,379,3841,379,1.0
case_0225,fusion_w0.40_t0.65,0.17962085308014308,0.9999999999736148,0.09867222077558274,379,3841,379,1.0
case_0225,fusion_w0.50_t0.35,0.7048839071245718,0.9155574043223147,0.5730278573273287,2404,3841,2201,1.0
case_0225,fusion_w0.50_t0.40,0.6483592400679649,0.9630579784455462,0.4886748242632422,1949,3841,1877,1.0
case_0225,fusion_w0.50_t0.45,0.5517111696115989,0.9932295192891455,0.38193178859572524,1477,3841,1467,1.0
case_0225,fusion_w0.50_t0.50,0.17962085308014308,0.9999999999736148,0.09867222077558274,379,3841,379,1.0
case_0225,fusion_w0.50_t0.55,0.17962085308014308,0.9999999999736148,0.09867222077558274,379,3841,379,1.0
case_0225,fusion_w0.50_t0.60,0.17962085308014308,0.9999999999736148,0.09867222077558274,379,3841,379,1.0
case_0225,fusion_w0.50_t0.65,0.17962085308014308,0.9999999999736148,0.09867222077558274,379,3841,379,1.0
case_0225,fusion_w0.60_t0.35,0.7540935241174892,0.8699795779412186,0.6654517052833495,2938,3841,2556,1.0
case_0225,fusion_w0.60_t0.40,0.7229065959757947,0.901244167959171,0.6034886748226933,2572,3841,2318,1.0
case_0225,fusion_w0.60_t0.45,0.6822476379899184,0.9388686131344031,0.5357979692774387,2192,3841,2058,1.0
case_0225,fusion_w0.60_t0.50,0.6207755247231932,0.979786636715442,0.4543087737556514,1781,3841,1745,1.0
case_0225,fusion_w0.60_t0.55,0.5273422562131409,0.9928005759467762,0.35902108825733137,1389,3841,1379,1.0
case_0225,fusion_w0.60_t0.60,0.17962085308014308,0.9999999999736148,0.09867222077558274,379,3841,379,1.0
case_0225,fusion_w0.60_t0.65,0.17962085308014308,0.9999999999736148,0.09867222077558274,379,3841,379,1.0
case_0225,fusion_w0.70_t0.35,0.7713521879825928,0.8392529087543196,0.7136162457674731,3266,3841,2741,1.0
case_0225,fusion_w0.70_t0.40,0.7576112412166897,0.8652624540258601,0.6737828690427655,2991,3841,2588,1.0
case_0225,fusion_w0.70_t0.45,0.7311001843873216,0.8920134983093663,0.61936995573908,2667,3841,2379,1.0
case_0225,fusion_w0.70_t0.50,0.6991764895838863,0.9204931972749979,0.5636552980979858,2352,3841,2165,1.0
case_0225,fusion_w0.70_t0.55,0.660756904192532,0.957037037032311,0.5045561051796289,2025,3841,1938,1.0
case_0225,fusion_w0.70_t0.60,0.5951255001808019,0.9873264936572884,0.4259307472001408,1657,3841,1636,1.0
case_0225,fusion_w0.70_t0.65,0.5106382978713527,0.9932279909631813,0.34366050507590823,1329,3841,1320,1.0
case_0225,fusion_w0.80_t0.35,0.7746040341129354,0.8068245910862752,0.7448581098652829,3546,3841,2861,1.0
case_0225,fusion_w0.80_t0.40,0.7713521879825928,0.8392529087543196,0.7136162457674731,3266,3841,2741,1.0
case_0225,fusion_w0.80_t0.45,0.7612809315855004,0.8633212281252449,0.6808122884647727,3029,3841,2615,1.0
case_0225,fusion_w0.80_t0.50,0.7401001365487178,0.8869090909058658,0.634990887787985,2750,3841,2439,1.0
case_0225,fusion_w0.80_t0.55,0.7112240038089995,0.911310008132989,0.583181463159117,2458,3841,2240,1.0
case_0225,fusion_w0.80_t0.60,0.6822476379899184,0.9388686131344031,0.5357979692774387,2192,3841,2058,1.0
case_0225,fusion_w0.80_t0.65,0.6378888500513145,0.9702286018023912,0.4751366831541913,1881,3841,1825,1.0
